0 0 139.969
5 0 140.982
10 0 141.972
15 0 142.924
20 0 143.824
25 0 144.659
30 0 145.414
35 0 146.077
40 0 146.637
45 0 147.084
50 0 147.41
55 0 147.609
60 0 147.678
65 0 147.615
70 0 147.421
75 0 147.101
80 0 146.659
85 0 146.104
90 0 145.446
95 0 144.695
100 0 143.864
105 0 142.967
110 0 142.018
115 0 141.03
120 0 140.018
125 0 138.996
130 0 137.975
135 0 136.968
140 0 135.985
145 0 135.036
150 0 134.127
155 0 133.266
160 0 132.458
165 0 131.705
170 0 131.009
175 0 130.372
180 0 129.792
185 0 129.27
190 0 128.801
195 0 128.385
200 0 128.016
205 0 127.693
210 0 127.41
215 0 127.165
220 0 126.952
225 0 126.768
230 0 126.609
235 0 126.471
240 0 126.351
245 0 126.245
250 0 126.152
255 0 126.067
260 0 125.988
265 0 125.913
270 0 125.839
275 0 125.766
280 0 125.69
285 0 125.61
290 0 125.525
295 0 125.433
300 0 125.332
305 0 125.222
310 0 125.1
315 0 124.966
320 0 124.818
325 0 124.655
330 0 124.477
335 0 124.281
340 0 124.066
345 0 123.833
350 0 123.58
355 0 123.306
360 0 123.01
365 0 122.693
370 0 122.353
375 0 121.992
380 0 121.608
385 0 121.202
390 0 120.775
395 0 120.327
400 0 119.86
405 0 119.374
410 0 118.873
415 0 118.357
420 0 117.829
425 0 117.292
430 0 116.749
435 0 116.203
440 0 115.658
445 0 115.117
450 0 114.587
455 0 114.07
460 0 113.573
465 0 113.1
470 0 112.657
475 0 112.249
480 0 111.884
485 0 111.566
490 0 111.302
495 0 111.099
500 0 110.962
505 0 110.899
510 0 110.914
515 0 111.014
520 0 111.204
525 0 111.488
530 0 111.872
535 0 112.358
540 0 112.949
545 0 113.647
550 0 114.45
555 0 115.36
560 0 116.371
565 0 117.481
570 0 118.684
575 0 119.971
580 0 121.333
585 0 122.76
590 0 124.238
595 0 125.753
600 0 127.29
605 0 128.833
610 0 130.363
615 0 131.864
620 0 133.318
625 0 134.707
630 0 136.014
635 0 137.225
640 0 138.324
645 0 139.3
650 0 140.142
655 0 140.842
660 0 141.395
665 0 141.798
670 0 142.051
675 0 142.157
680 0 142.121
685 0 141.949
690 0 141.653
695 0 141.242
700 0 140.729
705 0 140.129
710 0 139.455
715 0 138.723
720 0 137.947
725 0 137.141
730 0 136.319
735 0 135.493
740 0 134.676
745 0 133.877
750 0 133.105
755 0 132.367
760 0 131.669
765 0 131.015
770 0 130.409
775 0 129.852
780 0 129.344
785 0 128.886
790 0 128.475
795 0 128.11
800 0 127.788
805 0 127.507
810 0 127.263
815 0 127.053
820 0 126.873
825 0 126.721
830 0 126.593
835 0 126.486
840 0 126.398
845 0 126.325
850 0 126.265
855 0 126.217
860 0 126.178
865 0 126.147
870 0 126.122
875 0 126.103
880 0 126.087
885 0 126.076
890 0 126.067
895 0 126.06

0 5 140.982
5 5 142.128
10 5 143.257
15 5 144.353
20 5 145.4
25 5 146.383
30 5 147.285
35 5 148.093
40 5 148.793
45 5 149.372
50 5 149.82
55 5 150.13
60 5 150.295
65 5 150.314
70 5 150.185
75 5 149.91
80 5 149.495
85 5 148.948
90 5 148.278
95 5 147.496
100 5 146.616
105 5 145.652
110 5 144.62
115 5 143.536
120 5 142.414
125 5 141.272
130 5 140.124
135 5 138.983
140 5 137.862
145 5 136.773
150 5 135.724
155 5 134.725
160 5 133.782
165 5 132.899
170 5 132.079
175 5 131.324
180 5 130.634
185 5 130.009
190 5 129.446
195 5 128.943
200 5 128.497
205 5 128.103
210 5 127.757
215 5 127.456
220 5 127.194
225 5 126.966
230 5 126.769
235 5 126.598
240 5 126.449
245 5 126.318
250 5 126.201
255 5 126.096
260 5 125.999
265 5 125.907
270 5 125.818
275 5 125.729
280 5 125.639
285 5 125.544
290 5 125.444
295 5 125.336
300 5 125.218
305 5 125.09
310 5 124.949
315 5 124.794
320 5 124.623
325 5 124.436
330 5 124.231
335 5 124.006
340 5 123.761
345 5 123.495
350 5 123.206
355 5 122.894
360 5 122.558
365 5 122.198
370 5 121.813
375 5 121.404
380 5 120.97
385 5 120.512
390 5 120.031
395 5 119.528
400 5 119.004
405 5 118.46
410 5 117.899
415 5 117.323
420 5 116.734
425 5 116.137
430 5 115.533
435 5 114.927
440 5 114.324
445 5 113.727
450 5 113.141
455 5 112.572
460 5 112.025
465 5 111.506
470 5 111.02
475 5 110.575
480 5 110.175
485 5 109.829
490 5 109.542
495 5 109.321
500 5 109.174
505 5 109.106
510 5 109.124
515 5 109.234
520 5 109.442
525 5 109.754
530 5 110.174
535 5 110.706
540 5 111.352
545 5 112.115
550 5 112.996
555 5 113.993
560 5 115.103
565 5 116.324
570 5 117.649
575 5 119.07
580 5 120.579
585 5 122.162
590 5 123.807
595 5 125.5
600 5 127.222
605 5 128.958
610 5 130.687
615 5 132.391
620 5 134.05
625 5 135.644
630 5 137.154
635 5 138.563
640 5 139.852
645 5 141.009
650 5 142.02
655 5 142.875
660 5 143.566
665 5 144.09
670 5 144.444
675 5 144.63
680 5 144.653
685 5 144.518
690 5 144.237
695 5 143.82
700 5 143.281
705 5 142.634
710 5 141.897
715 5 141.085
720 5 140.215
725 5 139.304
730 5 138.367
735 5 137.419
740 5 136.474
745 5 135.544
750 5 134.64
755 5 133.772
760 5 132.946
765 5 132.168
770 5 131.443
775 5 130.773
780 5 130.159
785 5 129.602
790 5 129.101
795 5 128.653
800 5 128.257
805 5 127.908
810 5 127.605
815 5 127.342
820 5 127.116
825 5 126.924
830 5 126.762
835 5 126.625
840 5 126.511
845 5 126.417
850 5 126.34
855 5 126.277
860 5 126.226
865 5 126.185
870 5 126.152
875 5 126.126
880 5 126.106
885 5 126.09
890 5 126.078
895 5 126.068

0 10 141.972
5 10 143.257
10 10 144.532
15 10 145.782
20 10 146.987
25 10 148.131
30 10 149.196
35 10 150.165
40 10 151.022
45 10 151.752
50 10 152.342
55 10 152.782
60 10 153.065
65 10 153.185
70 10 153.139
75 10 152.93
80 10 152.56
85 10 152.036
90 10 151.368
95 10 150.567
100 10 149.647
105 10 148.624
110 10 147.515
115 10 146.335
120 10 145.105
125 10 143.84
130 10 142.558
135 10 141.276
140 10 140.008
145 10 138.767
150 10 137.567
155 10 136.416
160 10 135.323
165 10 134.294
170 10 133.334
175 10 132.445
180 10 131.63
185 10 130.887
190 10 130.215
195 10 129.613
200 10 129.075
205 10 128.599
210 10 128.179
215 10 127.811
220 10 127.49
225 10 127.211
230 10 126.968
235 10 126.757
240 10 126.572
245 10 126.41
250 10 126.266
255 10 126.137
260 10 126.018
265 10 125.906
270 10 125.798
275 10 125.691
280 10 125.583
285 10 125.471
290 10 125.353
295 10 125.226
300 10 125.089
305 10 124.94
310 10 124.777
315 10 124.598
320 10 124.402
325 10 124.188
330 10 123.953
335 10 123.696
340 10 123.416
345 10 123.113
350 10 122.785
355 10 122.43
360 10 122.05
365 10 121.642
370 10 121.208
375 10 120.746
380 10 120.258
385 10 119.743
390 10 119.204
395 10 118.64
400 10 118.053
405 10 117.446
410 10 116.82
415 10 116.179
420 10 115.525
425 10 114.863
430 10 114.195
435 10 113.525
440 10 112.86
445 10 112.203
450 10 111.559
455 10 110.935
460 10 110.336
465 10 109.769
470 10 109.239
475 10 108.754
480 10 108.32
485 10 107.944
490 10 107.634
495 10 107.397
500 10 107.239
505 10 107.168
510 10 107.19
515 10 107.312
520 10 107.541
525 10 107.882
530 10 108.34
535 10 108.919
540 10 109.623
545 10 110.455
550 10 111.415
555 10 112.502
560 10 113.715
565 10 115.05
570 10 116.502
575 10 118.062
580 10 119.721
585 10 121.467
590 10 123.287
595 10 125.165
600 10 127.083
605 10 129.022
610 10 130.963
615 10 132.883
620 10 134.762
625 10 136.578
630 10 138.309
635 10 139.934
640 10 141.435
645 10 142.794
650 10 143.995
655 10 145.027
660 10 145.879
665 10 146.545
670 10 147.021
675 10 147.307
680 10 147.407
685 10 147.326
690 10 147.075
695 10 146.664
700 10 146.109
705 10 145.425
710 10 144.629
715 10 143.74
720 10 142.776
725 10 141.756
730 10 140.699
735 10 139.621
740 10 138.539
745 10 137.467
750 10 136.419
755 10 135.406
760 10 134.437
765 10 133.52
770 10 132.66
775 10 131.862
780 10 131.127
785 10 130.457
790 10 129.85
795 10 129.306
800 10 128.822
805 10 128.395
810 10 128.021
815 10 127.695
820 10 127.414
825 10 127.174
830 10 126.97
835 10 126.797
840 10 126.653
845 10 126.533
850 10 126.434
855 10 126.353
860 10 126.287
865 10 126.233
870 10 126.191
875 10 126.156
880 10 126.129
885 10 126.108
890 10 126.092
895 10 126.079

0 15 142.924
5 15 144.353
10 15 145.782
15 15 147.193
20 15 148.567
25 15 149.884
30 15 151.126
35 15 152.271
40 15 153.302
45 15 154.202
50 15 154.954
55 15 155.546
60 15 155.968
65 15 156.21
70 15 156.271
75 15 156.147
80 15 155.842
85 15 155.36
90 15 154.712
95 15 153.907
100 15 152.961
105 15 151.889
110 15 150.709
115 15 149.441
120 15 148.102
125 15 146.714
130 15 145.296
135 15 143.867
140 15 142.443
145 15 141.041
150 15 139.676
155 15 138.36
160 15 137.102
165 15 135.913
170 15 134.797
175 15 133.758
180 15 132.801
185 15 131.924
190 15 131.128
195 15 130.41
200 15 129.766
205 15 129.194
210 15 128.688
215 15 128.242
220 15 127.851
225 15 127.51
230 15 127.213
235 15 126.953
240 15 126.727
245 15 126.527
250 15 126.35
255 15 126.191
260 15 126.046
265 15 125.909
270 15 125.779
275 15 125.651
280 15 125.522
285 15 125.389
290 15 125.251
295 15 125.103
300 15 124.944
305 15 124.771
310 15 124.583
315 15 124.378
320 15 124.153
325 15 123.907
330 15 123.639
335 15 123.347
340 15 123.029
345 15 122.684
350 15 122.312
355 15 121.911
360 15 121.481
365 15 121.022
370 15 120.533
375 15 120.014
380 15 119.466
385 15 118.889
390 15 118.285
395 15 117.655
400 15 117.001
405 15 116.325
410 15 115.63
415 15 114.919
420 15 114.196
425 15 113.463
430 15 112.726
435 15 111.99
440 15 111.258
445 15 110.538
450 15 109.833
455 15 109.152
460 15 108.499
465 15 107.882
470 15 107.307
475 15 106.781
480 15 106.313
485 15 105.909
490 15 105.576
495 15 105.322
500 15 105.155
505 15 105.082
510 15 105.11
515 15 105.247
520 15 105.498
525 15 105.87
530 15 106.368
535 15 106.997
540 15 107.762
545 15 108.664
550 15 109.705
555 15 110.886
560 15 112.204
565 15 113.657
570 15 115.238
575 15 116.941
580 15 118.755
585 15 120.67
590 15 122.67
595 15 124.74
600 15 126.861
605 15 129.014
610 15 131.176
615 15 133.326
620 15 135.439
625 15 137.492
630 15 139.46
635 15 141.321
640 15 143.053
645 15 144.635
650 15 146.05
655 15 147.281
660 15 148.317
665 15 149.148
670 15 149.768
675 15 150.177
680 15 150.375
685 15 150.368
690 15 150.164
695 15 149.776
700 15 149.217
705 15 148.505
710 15 147.659
715 15 146.697
720 15 145.642
725 15 144.513
730 15 143.332
735 15 142.118
740 15 140.891
745 15 139.667
750 15 138.463
755 15 137.292
760 15 136.165
765 15 135.093
770 15 134.083
775 15 133.14
780 15 132.268
785 15 131.468
790 15 130.741
795 15 130.086
800 15 129.5
805 15 128.981
810 15 128.523
815 15 128.124
820 15 127.777
825 15 127.48
830 15 127.225
835 15 127.01
840 15 126.829
845 15 126.677
850 15 126.551
855 15 126.448
860 15 126.363
865 15 126.295
870 15 126.239
875 15 126.195
880 15 126.16
885 15 126.132
890 15 126.11
895 15 126.093

0 20 143.824
5 20 145.4
10 20 146.987
15 20 148.567
20 20 150.118
25 20 151.62
30 20 153.051
35 20 154.388
40 20 155.61
45 20 156.698
50 20 157.633
55 20 158.398
60 20 158.981
65 20 159.37
70 20 159.559
75 20 159.545
80 20 159.327
85 20 158.909
90 20 158.3
95 20 157.511
100 20 156.554
105 20 155.446
110 20 154.207
115 20 152.857
120 20 151.416
125 20 149.907
130 20 148.352
135 20 146.772
140 20 145.186
145 20 143.614
150 20 142.074
155 20 140.579
160 20 139.144
165 20 137.777
170 20 136.489
175 20 135.284
180 20 134.167
185 20 133.14
190 20 132.202
195 20 131.352
200 20 130.588
205 20 129.904
210 20 129.297
215 20 128.76
220 20 128.288
225 20 127.874
230 20 127.512
235 20 127.196
240 20 126.919
245 20 126.675
250 20 126.458
255 20 126.264
260 20 126.086
265 20 125.921
270 20 125.763
275 20 125.61
280 20 125.457
285 20 125.3
290 20 125.137
295 20 124.965
300 20 124.78
305 20 124.581
310 20 124.365
315 20 124.129
320 20 123.872
325 20 123.592
330 20 123.287
335 20 122.954
340 20 122.594
345 20 122.204
350 20 121.784
355 20 121.332
360 20 120.847
365 20 120.331
370 20 119.782
375 20 119.2
380 20 118.587
385 20 117.943
390 20 117.269
395 20 116.568
400 20 115.841
405 20 115.092
410 20 114.322
415 20 113.536
420 20 112.738
425 20 111.931
430 20 111.121
435 20 110.313
440 20 109.513
445 20 108.726
450 20 107.958
455 20 107.217
460 20 106.508
465 20 105.84
470 20 105.219
475 20 104.654
480 20 104.151
485 20 103.718
490 20 103.364
495 20 103.095
500 20 102.921
505 20 102.848
510 20 102.884
515 20 103.037
520 20 103.312
525 20 103.718
530 20 104.259
535 20 104.941
540 20 105.768
545 20 106.743
550 20 107.869
555 20 109.145
560 20 110.57
565 20 112.142
570 20 113.856
575 20 115.704
580 20 117.677
585 20 119.763
590 20 121.948
595 20 124.216
600 20 126.547
605 20 128.92
610 20 131.314
615 20 133.703
620 20 136.063
625 20 138.367
630 20 140.589
635 20 142.703
640 20 144.685
645 20 146.512
650 20 148.161
655 20 149.615
660 20 150.858
665 20 151.879
670 20 152.669
675 20 153.224
680 20 153.543
685 20 153.631
690 20 153.496
695 20 153.148
700 20 152.602
705 20 151.877
710 20 150.99
715 20 149.964
720 20 148.822
725 20 147.586
730 20 146.281
735 20 144.927
740 20 143.548
745 20 142.164
750 20 140.792
755 20 139.45
760 20 138.152
765 20 136.91
770 20 135.733
775 20 134.629
780 20 133.602
785 20 132.656
790 20 131.792
795 20 131.009
800 20 130.306
805 20 129.68
810 20 129.126
815 20 128.64
820 20 128.216
825 20 127.851
830 20 127.537
835 20 127.27
840 20 127.044
845 20 126.855
850 20 126.697
855 20 126.566
860 20 126.459
865 20 126.372
870 20 126.301
875 20 126.244
880 20 126.198
885 20 126.162
890 20 126.133
895 20 126.111

0 25 144.659
5 25 146.383
10 25 148.131
15 25 149.884
20 25 151.62
25 25 153.316
30 25 154.947
35 25 156.489
40 25 157.919
45 25 159.213
50 25 160.349
55 25 161.31
60 25 162.077
65 25 162.636
70 25 162.979
75 25 163.099
80 25 162.993
85 25 162.664
90 25 162.118
95 25 161.364
100 25 160.416
105 25 159.29
110 25 158.006
115 25 156.585
120 25 155.051
125 25 153.426
130 25 151.736
135 25 150.003
140 25 148.252
145 25 146.504
150 25 144.779
155 25 143.095
160 25 141.467
165 25 139.91
170 25 138.433
175 25 137.045
180 25 135.751
185 25 134.555
190 25 133.458
195 25 132.459
200 25 131.556
205 25 130.745
210 25 130.022
215 25 129.38
220 25 128.813
225 25 128.314
230 25 127.876
235 25 127.492
240 25 127.155
245 25 126.858
250 25 126.594
255 25 126.357
260 25 126.142
265 25 125.942
270 25 125.753
275 25 125.57
280 25 125.388
285 25 125.203
290 25 125.012
295 25 124.812
300 25 124.598
305 25 124.368
310 25 124.12
315 25 123.851
320 25 123.558
325 25 123.239
330 25 122.892
335 25 122.516
340 25 122.108
345 25 121.668
350 25 121.195
355 25 120.686
360 25 120.143
365 25 119.564
370 25 118.949
375 25 118.299
380 25 117.615
385 25 116.898
390 25 116.15
395 25 115.372
400 25 114.567
405 25 113.738
410 25 112.889
415 25 112.023
420 25 111.145
425 25 110.261
430 25 109.374
435 25 108.491
440 25 107.618
445 25 106.761
450 25 105.928
455 25 105.125
460 25 104.36
465 25 103.64
470 25 102.973
475 25 102.367
480 25 101.83
485 25 101.37
490 25 100.996
495 25 100.715
500 25 100.535
505 25 100.465
510 25 100.512
515 25 100.683
520 25 100.987
525 25 101.429
530 25 102.015
535 25 102.752
540 25 103.644
545 25 104.695
550 25 105.906
555 25 107.279
560 25 108.814
565 25 110.507
570 25 112.355
575 25 114.349
580 25 116.483
585 25 118.743
590 25 121.116
595 25 123.584
600 25 126.13
605 25 128.73
610 25 131.362
615 25 134
620 25 136.617
625 25 139.184
630 25 141.674
635 25 144.058
640 25 146.308
645 25 148.398
650 25 150.304
655 25 152.004
660 25 153.48
665 25 154.715
670 25 155.699
675 25 156.426
680 25 156.892
685 25 157.1
690 25 157.055
695 25 156.77
700 25 156.256
705 25 155.534
710 25 154.621
715 25 153.543
720 25 152.322
725 25 150.984
730 25 149.555
735 25 148.061
740 25 146.527
745 25 144.974
750 25 143.426
755 25 141.902
760 25 140.419
765 25 138.991
770 25 137.631
775 25 136.349
780 25 135.15
785 25 134.04
790 25 133.022
795 25 132.094
800 25 131.258
805 25 130.508
810 25 129.843
815 25 129.256
820 25 128.743
825 25 128.298
830 25 127.914
835 25 127.586
840 25 127.307
845 25 127.072
850 25 126.876
855 25 126.712
860 25 126.578
865 25 126.467
870 25 126.377
875 25 126.305
880 25 126.246
885 25 126.2
890 25 126.163
895 25 126.134

0 30 145.414
5 30 147.285
10 30 149.196
15 30 151.126
20 30 153.051
25 30 154.947
30 30 156.788
35 30 158.547
40 30 160.198
45 30 161.715
50 30 163.074
55 30 164.25
60 30 165.224
65 30 165.979
70 30 166.501
75 30 166.782
80 30 166.815
85 30 166.6
90 30 166.142
95 30 165.448
100 30 164.531
105 30 163.408
110 30 162.097
115 30 160.621
120 30 159.004
125 30 157.273
130 30 155.453
135 30 153.571
140 30 151.653
145 30 149.724
150 30 147.807
155 30 145.924
160 30 144.093
165 30 142.33
170 30 140.649
175 30 139.061
180 30 137.572
185 30 136.19
190 30 134.915
195 30 133.749
200 30 132.69
205 30 131.735
210 30 130.878
215 30 130.115
220 30 129.438
225 30 128.841
230 30 128.314
235 30 127.851
240 30 127.444
245 30 127.084
250 30 126.764
255 30 126.478
260 30 126.217
265 30 125.977
270 30 125.75
275 30 125.531
280 30 125.316
285 30 125.098
290 30 124.875
295 30 124.642
300 30 124.395
305 30 124.131
310 30 123.847
315 30 123.54
320 30 123.206
325 30 122.844
330 30 122.452
335 30 122.027
340 30 121.568
345 30 121.073
350 30 120.541
355 30 119.971
360 30 119.362
365 30 118.715
370 30 118.03
375 30 117.306
380 30 116.546
385 30 115.75
390 30 114.921
395 30 114.06
400 30 113.172
405 30 112.258
410 30 111.324
415 30 110.374
420 30 109.412
425 30 108.445
430 30 107.477
435 30 106.516
440 30 105.568
445 30 104.64
450 30 103.739
455 30 102.873
460 30 102.05
465 30 101.278
470 30 100.565
475 30 99.9195
480 30 99.35
485 30 98.8648
490 30 98.4723
495 30 98.1808
500 30 97.9987
505 30 97.9341
510 30 97.9948
515 30 98.1886
520 30 98.5229
525 30 99.0045
530 30 99.6399
535 30 100.435
540 30 101.394
545 30 102.522
550 30 103.822
555 30 105.293
560 30 106.938
565 30 108.753
570 30 110.735
575 30 112.877
580 30 115.172
585 30 117.606
590 30 120.168
595 30 122.84
600 30 125.602
605 30 128.433
610 30 131.308
615 30 134.201
620 30 137.082
625 30 139.924
630 30 142.693
635 30 145.361
640 30 147.896
645 30 150.269
650 30 152.452
655 30 154.42
660 30 156.151
665 30 157.627
670 30 158.832
675 30 159.757
680 30 160.396
685 30 160.75
690 30 160.823
695 30 160.623
700 30 160.165
705 30 159.465
710 30 158.544
715 30 157.427
720 30 156.14
725 30 154.708
730 30 153.162
735 30 151.529
740 30 149.837
745 30 148.113
750 30 146.381
755 30 144.664
760 30 142.984
765 30 141.357
770 30 139.799
775 30 138.321
780 30 136.933
785 30 135.641
790 30 134.45
795 30 133.36
800 30 132.372
805 30 131.483
810 30 130.69
815 30 129.988
820 30 129.371
825 30 128.833
830 30 128.367
835 30 127.967
840 30 127.626
845 30 127.337
850 30 127.094
855 30 126.892
860 30 126.724
865 30 126.585
870 30 126.472
875 30 126.381
880 30 126.307
885 30 126.248
890 30 126.201
895 30 126.164

0 35 146.077
5 35 148.093
10 35 150.165
15 35 152.271
20 35 154.388
25 35 156.489
30 35 158.547
35 35 160.533
40 35 162.419
45 35 164.174
50 35 165.771
55 35 167.184
60 35 168.388
65 35 169.362
70 35 170.09
75 35 170.558
80 35 170.758
85 35 170.686
90 35 170.344
95 35 169.737
100 35 168.878
105 35 167.78
110 35 166.464
115 35 164.952
120 35 163.269
125 35 161.444
130 35 159.503
135 35 157.477
140 35 155.395
145 35 153.284
150 35 151.172
155 35 149.082
160 35 147.037
165 35 145.057
170 35 143.157
175 35 141.353
180 35 139.653
185 35 138.065
190 35 136.594
195 35 135.242
200 35 134.008
205 35 132.89
210 35 131.883
215 35 130.982
220 35 130.179
225 35 129.467
230 35 128.838
235 35 128.283
240 35 127.794
245 35 127.36
250 35 126.975
255 35 126.63
260 35 126.316
265 35 126.027
270 35 125.756
275 35 125.496
280 35 125.241
285 35 124.986
290 35 124.726
295 35 124.456
300 35 124.171
305 35 123.868
310 35 123.544
315 35 123.193
320 35 122.815
325 35 122.406
330 35 121.963
335 35 121.484
340 35 120.968
345 35 120.413
350 35 119.817
355 35 119.18
360 35 118.501
365 35 117.78
370 35 117.018
375 35 116.215
380 35 115.372
385 35 114.492
390 35 113.576
395 35 112.627
400 35 111.65
405 35 110.647
410 35 109.623
415 35 108.583
420 35 107.533
425 35 106.479
430 35 105.427
435 35 104.385
440 35 103.359
445 35 102.356
450 35 101.387
455 35 100.457
460 35 99.5758
465 35 98.7519
470 35 97.9938
475 35 97.3103
480 35 96.71
485 35 96.2017
490 35 95.7939
495 35 95.4952
500 35 95.314
505 35 95.2585
510 35 95.3369
515 35 95.5568
520 35 95.9256
525 35 96.4505
530 35 97.1379
535 35 97.9939
540 35 99.0235
545 35 100.231
550 35 101.62
555 35 103.192
560 35 104.947
565 35 106.884
570 35 109.001
575 35 111.29
580 35 113.744
585 35 116.353
590 35 119.103
595 35 121.977
600 35 124.956
605 35 128.019
610 35 131.14
615 35 134.291
620 35 137.444
625 35 140.566
630 35 143.625
635 35 146.589
640 35 149.422
645 35 152.094
650 35 154.573
655 35 156.831
660 35 158.841
665 35 160.581
670 35 162.033
675 35 163.184
680 35 164.025
685 35 164.554
690 35 164.771
695 35 164.684
700 35 164.305
705 35 163.652
710 35 162.745
715 35 161.608
720 35 160.268
725 35 158.756
730 35 157.1
735 35 155.334
740 35 153.486
745 35 151.588
750 35 149.668
755 35 147.752
760 35 145.864
765 35 144.025
770 35 142.254
775 35 140.565
780 35 138.971
785 35 137.479
790 35 136.097
795 35 134.826
800 35 133.668
805 35 132.622
810 35 131.684
815 35 130.849
820 35 130.113
825 35 129.468
830 35 128.907
835 35 128.423
840 35 128.009
845 35 127.657
850 35 127.359
855 35 127.11
860 35 126.902
865 35 126.731
870 35 126.59
875 35 126.475
880 35 126.382
885 35 126.307
890 35 126.248
895 35 126.2

0 40 146.637
5 40 148.793
10 40 151.022
15 40 153.302
20 40 155.61
25 40 157.919
30 40 160.198
35 40 162.419
40 40 164.548
45 40 166.554
50 40 168.406
55 40 170.074
60 40 171.529
65 40 172.746
70 40 173.705
75 40 174.389
80 40 174.785
85 40 174.885
90 40 174.689
95 40 174.199
100 40 173.425
105 40 172.381
110 40 171.085
115 40 169.56
120 40 167.831
125 40 165.928
130 40 163.881
135 40 161.721
140 40 159.48
145 40 157.19
150 40 154.88
155 40 152.579
160 40 150.313
165 40 148.105
170 40 145.975
175 40 143.939
180 40 142.011
185 40 140.201
190 40 138.515
195 40 136.957
200 40 135.529
205 40 134.229
210 40 133.053
215 40 131.995
220 40 131.05
225 40 130.208
230 40 129.461
235 40 128.8
240 40 128.215
245 40 127.696
250 40 127.234
255 40 126.819
260 40 126.444
265 40 126.098
270 40 125.775
275 40 125.467
280 40 125.167
285 40 124.868
290 40 124.565
295 40 124.252
300 40 123.925
305 40 123.578
310 40 123.208
315 40 122.81
320 40 122.382
325 40 121.92
330 40 121.421
335 40 120.884
340 40 120.305
345 40 119.684
350 40 119.019
355 40 118.309
360 40 117.554
365 40 116.754
370 40 115.909
375 40 115.02
380 40 114.089
385 40 113.118
390 40 112.11
395 40 111.068
400 40 109.996
405 40 108.898
410 40 107.779
415 40 106.646
420 40 105.503
425 40 104.359
430 40 103.22
435 40 102.093
440 40 100.987
445 40 99.9093
450 40 98.8693
455 40 97.8753
460 40 96.9364
465 40 96.0615
470 40 95.2596
475 40 94.5399
480 40 93.9113
485 40 93.3827
490 40 92.963
495 40 92.6608
500 40 92.4846
505 40 92.4426
510 40 92.5429
515 40 92.7932
520 40 93.2009
525 40 93.773
530 40 94.5162
535 40 95.4365
540 40 96.5392
545 40 97.8287
550 40 99.3087
555 40 100.981
560 40 102.848
565 40 104.907
570 40 107.156
575 40 109.591
580 40 112.203
585 40 114.984
590 40 117.919
595 40 120.994
600 40 124.189
605 40 127.482
610 40 130.848
615 40 134.259
620 40 137.684
625 40 141.092
630 40 144.448
635 40 147.715
640 40 150.859
645 40 153.844
650 40 156.636
655 40 159.202
660 40 161.513
665 40 163.542
670 40 165.267
675 40 166.672
680 40 167.743
685 40 168.474
690 40 168.865
695 40 168.92
700 40 168.65
705 40 168.07
710 40 167.2
715 40 166.065
720 40 164.694
725 40 163.116
730 40 161.364
735 40 159.473
740 40 157.476
745 40 155.406
750 40 153.296
755 40 151.175
760 40 149.072
765 40 147.011
770 40 145.014
775 40 143.099
780 40 141.282
785 40 139.573
790 40 137.98
795 40 136.51
800 40 135.164
805 40 133.941
810 40 132.84
815 40 131.856
820 40 130.984
825 40 130.217
830 40 129.547
835 40 128.966
840 40 128.466
845 40 128.04
850 40 127.678
855 40 127.373
860 40 127.119
865 40 126.907
870 40 126.733
875 40 126.591
880 40 126.475
885 40 126.381
890 40 126.306
895 40 126.246

0 45 147.084
5 45 149.372
10 45 151.752
15 45 154.202
20 45 156.698
25 45 159.213
30 45 161.715
35 45 164.174
40 45 166.554
45 45 168.822
50 45 170.942
55 45 172.88
60 45 174.606
65 45 176.089
70 45 177.305
75 45 178.231
80 45 178.851
85 45 179.155
90 45 179.136
95 45 178.795
100 45 178.138
105 45 177.177
110 45 175.93
115 45 174.418
120 45 172.667
125 45 170.708
130 45 168.571
135 45 166.291
140 45 163.902
145 45 161.439
150 45 158.935
155 45 156.423
160 45 153.931
165 45 151.487
170 45 149.115
175 45 146.835
180 45 144.664
185 45 142.614
190 45 140.696
195 45 138.914
200 45 137.273
205 45 135.771
210 45 134.406
215 45 133.173
220 45 132.066
225 45 131.076
230 45 130.195
235 45 129.412
240 45 128.717
245 45 128.099
250 45 127.548
255 45 127.054
260 45 126.606
265 45 126.195
270 45 125.811
275 45 125.447
280 45 125.094
285 45 124.745
290 45 124.393
295 45 124.031
300 45 123.655
305 45 123.259
310 45 122.837
315 45 122.387
320 45 121.904
325 45 121.383
330 45 120.824
335 45 120.222
340 45 119.575
345 45 118.883
350 45 118.143
355 45 117.354
360 45 116.517
365 45 115.631
370 45 114.697
375 45 113.716
380 45 112.691
385 45 111.624
390 45 110.518
395 45 109.377
400 45 108.204
405 45 107.007
410 45 105.789
415 45 104.557
420 45 103.319
425 45 102.081
430 45 100.851
435 45 99.6381
440 45 98.4502
445 45 97.2964
450 45 96.1858
455 45 95.1278
460 45 94.1318
465 45 93.2073
470 45 92.3637
475 45 91.6104
480 45 90.9566
485 45 90.4115
490 45 89.9839
495 45 89.6826
500 45 89.516
505 45 89.4923
510 45 89.6194
515 45 89.905
520 45 90.3563
525 45 90.9802
530 45 91.7833
535 45 92.7715
540 45 93.9503
545 45 95.3242
550 45 96.897
555 45 98.6713
560 45 100.649
565 45 102.829
570 45 105.209
575 45 107.786
580 45 110.554
585 45 113.502
590 45 116.619
595 45 119.889
600 45 123.295
605 45 126.815
610 45 130.423
615 45 134.092
620 45 137.79
625 45 141.485
630 45 145.139
635 45 148.717
640 45 152.179
645 45 155.489
650 45 158.607
655 45 161.498
660 45 164.129
665 45 166.469
670 45 168.492
675 45 170.177
680 45 171.507
685 45 172.472
690 45 173.067
695 45 173.295
700 45 173.163
705 45 172.685
710 45 171.881
715 45 170.774
720 45 169.393
725 45 167.77
730 45 165.94
735 45 163.937
740 45 161.8
745 45 159.564
750 45 157.266
755 45 154.939
760 45 152.616
765 45 150.325
770 45 148.092
775 45 145.938
780 45 143.882
785 45 141.939
790 45 140.12
795 45 138.431
800 45 136.877
805 45 135.459
810 45 134.176
815 45 133.025
820 45 131.999
825 45 131.093
830 45 130.298
835 45 129.606
840 45 129.009
845 45 128.496
850 45 128.059
855 45 127.69
860 45 127.38
865 45 127.121
870 45 126.907
875 45 126.732
880 45 126.588
885 45 126.472
890 45 126.378
895 45 126.303

0 50 147.41
5 50 149.82
10 50 152.342
15 50 154.954
20 50 157.633
25 50 160.349
30 50 163.074
35 50 165.771
40 50 168.406
45 50 170.942
50 50 173.34
55 50 175.563
60 50 177.576
65 50 179.345
70 50 180.841
75 50 182.036
80 50 182.91
85 50 183.447
90 50 183.637
95 50 183.478
100 50 182.972
105 50 182.127
110 50 180.961
115 50 179.492
120 50 177.748
125 50 175.757
130 50 173.553
135 50 171.171
140 50 168.649
145 50 166.024
150 50 163.333
155 50 160.612
160 50 157.894
165 50 155.21
170 50 152.589
175 50 150.054
180 50 147.626
185 50 145.322
190 50 143.154
195 50 141.13
200 50 139.255
205 50 137.532
210 50 135.959
215 50 134.531
220 50 133.244
225 50 132.088
230 50 131.054
235 50 130.133
240 50 129.312
245 50 128.581
250 50 127.928
255 50 127.341
260 50 126.809
265 50 126.321
270 50 125.868
275 50 125.439
280 50 125.025
285 50 124.617
290 50 124.209
295 50 123.793
300 50 123.362
305 50 122.91
310 50 122.432
315 50 121.922
320 50 121.378
325 50 120.794
330 50 120.167
335 50 119.495
340 50 118.775
345 50 118.005
350 50 117.183
355 50 116.31
360 50 115.384
365 50 114.406
370 50 113.377
375 50 112.299
380 50 111.174
385 50 110.005
390 50 108.795
395 50 107.549
400 50 106.272
405 50 104.97
410 50 103.648
415 50 102.315
420 50 100.977
425 50 99.6422
430 50 98.32
435 50 97.0188
440 50 95.7481
445 50 94.5174
450 50 93.3365
455 50 92.2153
460 50 91.1637
465 50 90.1917
470 50 89.3091
475 50 88.5255
480 50 87.8504
485 50 87.293
490 50 86.8623
495 50 86.567
500 50 86.4153
505 50 86.4154
510 50 86.5749
515 50 86.9012
520 50 87.4013
525 50 88.082
530 50 88.9495
535 50 90.0096
540 50 91.2677
545 50 92.7284
550 50 94.3955
555 50 96.2721
560 50 98.3599
565 50 100.659
570 50 103.169
575 50 105.885
580 50 108.802
585 50 111.913
590 50 115.205
595 50 118.665
600 50 122.276
605 50 126.015
610 50 129.86
615 50 133.781
620 50 137.749
625 50 141.727
630 50 145.681
635 50 149.57
640 50 153.356
645 50 156.996
650 50 160.452
655 50 163.682
660 50 166.65
665 50 169.321
670 50 171.665
675 50 173.655
680 50 175.272
685 50 176.5
690 50 177.331
695 50 177.763
700 50 177.802
705 50 177.459
710 50 176.751
715 50 175.701
720 50 174.338
725 50 172.694
730 50 170.805
735 50 168.709
740 50 166.446
745 50 164.054
750 50 161.574
755 50 159.044
760 50 156.5
765 50 153.974
770 50 151.496
775 50 149.093
780 50 146.786
785 50 144.594
790 50 142.53
795 50 140.605
800 50 138.825
805 50 137.193
810 50 135.709
815 50 134.371
820 50 133.174
825 50 132.112
830 50 131.175
835 50 130.357
840 50 129.647
845 50 129.035
850 50 128.511
855 50 128.067
860 50 127.692
865 50 127.379
870 50 127.118
875 50 126.903
880 50 126.726
885 50 126.582
890 50 126.466
895 50 126.373

0 55 147.609
5 55 150.13
10 55 152.782
15 55 155.546
20 55 158.398
25 55 161.31
30 55 164.25
35 55 167.184
40 55 170.074
45 55 172.88
50 55 175.563
55 55 178.081
60 55 180.396
65 55 182.469
70 55 184.265
75 55 185.753
80 55 186.908
85 55 187.709
90 55 188.141
95 55 188.197
100 55 187.876
105 55 187.183
110 55 186.132
115 55 184.74
120 55 183.034
125 55 181.041
130 55 178.796
135 55 176.337
140 55 173.701
145 55 170.93
150 55 168.063
155 55 165.14
160 55 162.199
165 55 159.275
170 55 156.4
175 55 153.603
180 55 150.908
185 55 148.336
190 55 145.902
195 55 143.619
200 55 141.494
205 55 139.53
210 55 137.728
215 55 136.086
220 55 134.598
225 55 133.257
230 55 132.052
235 55 130.975
240 55 130.012
245 55 129.152
250 55 128.381
255 55 127.688
260 55 127.06
265 55 126.484
270 55 125.95
275 55 125.446
280 55 124.962
285 55 124.488
290 55 124.016
295 55 123.537
300 55 123.044
305 55 122.53
310 55 121.988
315 55 121.414
320 55 120.802
325 55 120.148
330 55 119.449
335 55 118.7
340 55 117.9
345 55 117.046
350 55 116.137
355 55 115.172
360 55 114.152
365 55 113.076
370 55 111.946
375 55 110.765
380 55 109.534
385 55 108.256
390 55 106.938
395 55 105.582
400 55 104.195
405 55 102.784
410 55 101.355
415 55 99.916
420 55 98.4754
425 55 97.0421
430 55 95.6254
435 55 94.235
440 55 92.881
445 55 91.5736
450 55 90.3232
455 55 89.1403
460 55 88.0354
465 55 87.0187
470 55 86.1005
475 55 85.2907
480 55 84.5988
485 55 84.0342
490 55 83.6058
495 55 83.3222
500 55 83.1914
505 55 83.2213
510 55 83.4193
515 55 83.7923
520 55 84.3471
525 55 85.0898
530 55 86.0266
535 55 87.1629
540 55 88.5038
545 55 90.0539
550 55 91.817
555 55 93.7963
560 55 95.9939
565 55 98.4106
570 55 101.046
575 55 103.897
580 55 106.959
585 55 110.225
590 55 113.685
595 55 117.327
600 55 121.133
605 55 125.083
610 55 129.155
615 55 133.321
620 55 137.55
625 55 141.807
630 55 146.055
635 55 150.254
640 55 154.363
645 55 158.339
650 55 162.137
655 55 165.716
660 55 169.035
665 55 172.054
670 55 174.738
675 55 177.058
680 55 178.988
685 55 180.508
690 55 181.606
695 55 182.276
700 55 182.519
705 55 182.343
710 55 181.764
715 55 180.804
720 55 179.49
725 55 177.853
730 55 175.931
735 55 173.764
740 55 171.393
745 55 168.861
750 55 166.21
755 55 163.483
760 55 160.72
765 55 157.959
770 55 155.232
775 55 152.571
780 55 150.003
785 55 147.548
790 55 145.225
795 55 143.046
800 55 141.022
805 55 139.157
810 55 137.454
815 55 135.91
820 55 134.523
825 55 133.286
830 55 132.191
835 55 131.23
840 55 130.392
845 55 129.667
850 55 129.044
855 55 128.513
860 55 128.064
865 55 127.685
870 55 127.37
875 55 127.108
880 55 126.893
885 55 126.717
890 55 126.574
895 55 126.458

0 60 147.678
5 60 150.295
10 60 153.065
15 60 155.968
20 60 158.981
25 60 162.077
30 60 165.224
35 60 168.388
40 60 171.529
45 60 174.606
50 60 177.576
55 60 180.396
60 60 183.022
65 60 185.412
70 60 187.527
75 60 189.331
80 60 190.793
85 60 191.886
90 60 192.591
95 60 192.896
100 60 192.795
105 60 192.29
110 60 191.391
115 60 190.113
120 60 188.479
125 60 186.518
130 60 184.264
135 60 181.754
140 60 179.029
145 60 176.132
150 60 173.105
155 60 169.993
160 60 166.837
165 60 163.677
170 60 160.548
175 60 157.485
180 60 154.516
185 60 151.665
190 60 148.953
195 60 146.395
200 60 144.001
205 60 141.779
210 60 139.73
215 60 137.853
220 60 136.145
225 60 134.598
230 60 133.204
235 60 131.951
240 60 130.828
245 60 129.822
250 60 128.918
255 60 128.104
260 60 127.366
265 60 126.69
270 60 126.063
275 60 125.473
280 60 124.909
285 60 124.36
290 60 123.815
295 60 123.265
300 60 122.703
305 60 122.119
310 60 121.507
315 60 120.861
320 60 120.175
325 60 119.444
330 60 118.665
335 60 117.834
340 60 116.947
345 60 116.003
350 60 115
355 60 113.938
360 60 112.817
365 60 111.637
370 60 110.4
375 60 109.109
380 60 107.766
385 60 106.376
390 60 104.943
395 60 103.473
400 60 101.972
405 60 100.448
410 60 98.9075
415 60 97.3601
420 60 95.8146
425 60 94.2807
430 60 92.7684
435 60 91.2883
440 60 89.8512
445 60 88.4679
450 60 87.1496
455 60 85.9073
460 60 84.7519
465 60 83.6942
470 60 82.7446
475 60 81.9132
480 60 81.2099
485 60 80.6438
490 60 80.2238
495 60 79.9582
500 60 79.8549
505 60 79.9214
510 60 80.1644
515 60 80.5906
520 60 81.2062
525 60 82.0169
530 60 83.0282
535 60 84.2452
540 60 85.6727
545 60 87.3149
550 60 89.1757
555 60 91.2581
560 60 93.5646
565 60 96.0964
570 60 98.8533
575 60 101.834
580 60 105.034
585 60 108.448
590 60 112.067
595 60 115.88
600 60 119.87
605 60 124.021
610 60 128.309
615 60 132.707
620 60 137.186
625 60 141.712
630 60 146.247
635 60 150.75
640 60 155.178
645 60 159.488
650 60 163.632
655 60 167.565
660 60 171.243
665 60 174.624
670 60 177.666
675 60 180.336
680 60 182.603
685 60 184.442
690 60 185.837
695 60 186.776
700 60 187.257
705 60 187.285
710 60 186.871
715 60 186.035
720 60 184.802
725 60 183.205
730 60 181.28
735 60 179.068
740 60 176.613
745 60 173.959
750 60 171.154
755 60 168.242
760 60 165.268
765 60 162.273
770 60 159.297
775 60 156.375
780 60 153.537
785 60 150.809
790 60 148.214
795 60 145.767
800 60 143.482
805 60 141.367
810 60 139.425
815 60 137.657
820 60 136.061
825 60 134.631
830 60 133.36
835 60 132.239
840 60 131.257
845 60 130.404
850 60 129.668
855 60 129.037
860 60 128.502
865 60 128.049
870 60 127.67
875 60 127.354
880 60 127.093
885 60 126.879
890 60 126.704
895 60 126.562

0 65 147.615
5 65 150.314
10 65 153.185
15 65 156.21
20 65 159.37
25 65 162.636
30 65 165.979
35 65 169.362
40 65 172.746
45 65 176.089
50 65 179.345
55 65 182.469
60 65 185.412
65 65 188.13
70 65 190.579
75 65 192.716
80 65 194.507
85 65 195.919
90 65 196.927
95 65 197.514
100 65 197.669
105 65 197.389
110 65 196.679
115 65 195.553
120 65 194.03
125 65 192.137
130 65 189.908
135 65 187.38
140 65 184.595
145 65 181.598
150 65 178.434
155 65 175.15
160 65 171.792
165 65 168.404
170 65 165.026
175 65 161.697
180 65 158.45
185 65 155.314
190 65 152.313
195 65 149.467
200 65 146.79
205 65 144.291
210 65 141.976
215 65 139.846
220 65 137.898
225 65 136.126
230 65 134.522
235 65 133.075
240 65 131.773
245 65 130.603
250 65 129.55
255 65 128.599
260 65 127.735
265 65 126.944
270 65 126.212
275 65 125.525
280 65 124.87
285 65 124.235
290 65 123.608
295 65 122.979
300 65 122.338
305 65 121.676
310 65 120.986
315 65 120.261
320 65 119.494
325 65 118.68
330 65 117.814
335 65 116.893
340 65 115.913
345 65 114.873
350 65 113.77
355 65 112.604
360 65 111.376
365 65 110.086
370 65 108.736
375 65 107.329
380 65 105.869
385 65 104.361
390 65 102.809
395 65 101.22
400 65 99.6009
405 65 97.96
410 65 96.3058
415 65 94.6476
420 65 92.9954
425 65 91.3597
430 65 89.7514
435 65 88.1818
440 65 86.6625
445 65 85.205
450 65 83.8211
455 65 82.5224
460 65 81.3203
465 65 80.2258
470 65 79.2497
475 65 78.4024
480 65 77.6935
485 65 77.1323
490 65 76.7274
495 65 76.4869
500 65 76.4183
505 65 76.5284
510 65 76.8237
515 65 77.3101
520 65 77.9932
525 65 78.878
530 65 79.9694
535 65 81.2719
540 65 82.7898
545 65 84.5271
550 65 86.4872
555 65 88.6732
560 65 91.0876
565 65 93.7319
570 65 96.6066
575 65 99.7107
580 65 103.042
585 65 106.594
590 65 110.362
595 65 114.334
600 65 118.497
605 65 122.833
610 65 127.322
615 65 131.939
620 65 136.655
625 65 141.436
630 65 146.245
635 65 151.041
640 65 155.781
645 65 160.418
650 65 164.906
655 65 169.195
660 65 173.237
665 65 176.987
670 65 180.401
675 65 183.438
680 65 186.062
685 65 188.246
690 65 189.966
695 65 191.206
700 65 191.958
705 65 192.224
710 65 192.012
715 65 191.336
720 65 190.222
725 65 188.7
730 65 186.806
735 65 184.58
740 65 182.068
745 65 179.318
750 65 176.378
755 65 173.297
760 65 170.124
765 65 166.905
770 65 163.684
775 65 160.499
780 65 157.388
785 65 154.38
790 65 151.502
795 65 148.775
800 65 146.215
805 65 143.832
810 65 141.635
815 65 139.624
820 65 137.801
825 65 136.159
830 65 134.693
835 65 133.395
840 65 132.253
845 65 131.256
850 65 130.392
855 65 129.649
860 65 129.015
865 65 128.477
870 65 128.024
875 65 127.646
880 65 127.331
885 65 127.072
890 65 126.86
895 65 126.688

0 70 147.421
5 70 150.185
10 70 153.139
15 70 156.271
20 70 159.559
25 70 162.979
30 70 166.501
35 70 170.09
40 70 173.705
45 70 177.305
50 70 180.841
55 70 184.265
60 70 187.527
65 70 190.579
70 70 193.37
75 70 195.856
80 70 197.994
85 70 199.749
90 70 201.088
95 70 201.987
100 70 202.432
105 70 202.414
110 70 201.932
115 70 200.997
120 70 199.625
125 70 197.84
130 70 195.675
135 70 193.165
140 70 190.354
145 70 187.287
150 70 184.012
155 70 180.58
160 70 177.038
165 70 173.436
170 70 169.818
175 70 166.228
180 70 162.703
185 70 159.279
190 70 155.983
195 70 152.839
200 70 149.866
205 70 147.076
210 70 144.478
215 70 142.076
220 70 139.869
225 70 137.853
230 70 136.019
235 70 134.359
240 70 132.859
245 70 131.506
250 70 130.285
255 70 129.181
260 70 128.176
265 70 127.256
270 70 126.405
275 70 125.608
280 70 124.849
285 70 124.117
290 70 123.397
295 70 122.679
300 70 121.95
305 70 121.203
310 70 120.426
315 70 119.614
320 70 118.758
325 70 117.854
330 70 116.894
335 70 115.876
340 70 114.797
345 70 113.653
350 70 112.443
355 70 111.167
360 70 109.826
365 70 108.42
370 70 106.951
375 70 105.424
380 70 103.841
385 70 102.21
390 70 100.534
395 70 98.8225
400 70 97.082
405 70 95.3218
410 70 93.5512
415 70 91.7804
420 70 90.0204
425 70 88.2825
430 70 86.5785
435 70 84.9204
440 70 83.3206
445 70 81.7913
450 70 80.345
455 70 78.9937
460 70 77.7493
465 70 76.6232
470 70 75.6263
475 70 74.7692
480 70 74.0614
485 70 73.5122
490 70 73.1298
495 70 72.922
500 70 72.8957
505 70 73.0572
510 70 73.4124
515 70 73.9663
520 70 74.7238
525 70 75.6892
530 70 76.8665
535 70 78.2597
540 70 79.8722
545 70 81.7074
550 70 83.7686
555 70 86.0586
560 70 88.5797
565 70 91.3338
570 70 94.3217
575 70 97.5433
580 70 100.997
585 70 104.679
590 70 108.583
595 70 112.701
600 70 117.021
605 70 121.528
610 70 126.202
615 70 131.021
620 70 135.955
625 70 140.974
630 70 146.041
635 70 151.116
640 70 156.155
645 70 161.11
650 70 165.933
655 70 170.573
660 70 174.98
665 70 179.104
670 70 182.896
675 70 186.313
680 70 189.313
685 70 191.863
690 70 193.933
695 70 195.503
700 70 196.559
705 70 197.098
710 70 197.123
715 70 196.647
720 70 195.69
725 70 194.28
730 70 192.453
735 70 190.249
740 70 187.713
745 70 184.895
750 70 181.846
755 70 178.618
760 70 175.264
765 70 171.834
770 70 168.375
775 70 164.934
780 70 161.55
785 70 158.259
790 70 155.092
795 70 152.074
800 70 149.226
805 70 146.562
810 70 144.093
815 70 141.823
820 70 139.754
825 70 137.883
830 70 136.204
835 70 134.71
840 70 133.391
845 70 132.234
850 70 131.227
855 70 130.357
860 70 129.612
865 70 128.977
870 70 128.44
875 70 127.989
880 70 127.613
885 70 127.302
890 70 127.047
895 70 126.838

0 75 147.101
5 75 149.91
10 75 152.93
15 75 156.147
20 75 159.545
25 75 163.099
30 75 166.782
35 75 170.558
40 75 174.389
45 75 178.231
50 75 182.036
55 75 185.753
60 75 189.331
65 75 192.716
70 75 195.856
75 75 198.7
80 75 201.201
85 75 203.317
90 75 205.01
95 75 206.251
100 75 207.018
105 75 207.296
110 75 207.082
115 75 206.378
120 75 205.198
125 75 203.563
130 75 201.502
135 75 199.051
140 75 196.251
145 75 193.15
150 75 189.796
155 75 186.243
160 75 182.541
165 75 178.744
170 75 174.902
175 75 171.061
180 75 167.265
185 75 163.553
190 75 159.959
195 75 156.511
200 75 153.232
205 75 150.139
210 75 147.244
215 75 144.554
220 75 142.07
225 75 139.79
230 75 137.708
235 75 135.814
240 75 134.097
245 75 132.543
250 75 131.136
255 75 129.86
260 75 128.698
265 75 127.633
270 75 126.648
275 75 125.726
280 75 124.851
285 75 124.009
290 75 123.186
295 75 122.367
300 75 121.542
305 75 120.699
310 75 119.827
315 75 118.919
320 75 117.967
325 75 116.964
330 75 115.903
335 75 114.782
340 75 113.595
345 75 112.342
350 75 111.019
355 75 109.626
360 75 108.165
365 75 106.637
370 75 105.045
375 75 103.391
380 75 101.682
385 75 99.9226
390 75 98.12
395 75 96.2819
400 75 94.417
405 75 92.5351
410 75 90.6464
415 75 88.7621
420 75 86.894
425 75 85.0543
430 75 83.2556
435 75 81.5108
440 75 79.8331
445 75 78.2353
450 75 76.7305
455 75 75.3313
460 75 74.0498
465 75 72.898
470 75 71.8868
475 75 71.0268
480 75 70.3275
485 75 69.7978
490 75 69.4459
495 75 69.2788
500 75 69.303
505 75 69.524
510 75 69.947
515 75 70.5761
520 75 71.4153
525 75 72.4681
530 75 73.7374
535 75 75.2264
540 75 76.9377
545 75 78.8741
550 75 81.0382
555 75 83.4324
560 75 86.0591
565 75 88.92
570 75 92.0165
575 75 95.3489
580 75 98.9165
585 75 102.717
590 75 106.745
595 75 110.995
600 75 115.457
605 75 120.116
610 75 124.957
615 75 129.957
620 75 135.09
625 75 140.327
630 75 145.633
635 75 150.967
640 75 156.287
645 75 161.545
650 75 166.691
655 75 171.674
660 75 176.44
665 75 180.935
670 75 185.11
675 75 188.914
680 75 192.302
685 75 195.234
690 75 197.677
695 75 199.603
700 75 200.994
705 75 201.839
710 75 202.139
715 75 201.9
720 75 201.139
725 75 199.882
730 75 198.161
735 75 196.016
740 75 193.493
745 75 190.641
750 75 187.514
755 75 184.166
760 75 180.653
765 75 177.03
770 75 173.349
775 75 169.66
780 75 166.008
785 75 162.435
790 75 158.976
795 75 155.662
800 75 152.517
805 75 149.56
810 75 146.805
815 75 144.261
820 75 141.929
825 75 139.812
830 75 137.903
835 75 136.196
840 75 134.682
845 75 133.348
850 75 132.183
855 75 131.172
860 75 130.301
865 75 129.556
870 75 128.924
875 75 128.391
880 75 127.945
885 75 127.574
890 75 127.268
895 75 127.017

0 80 146.659
5 80 149.495
10 80 152.56
15 80 155.842
20 80 159.327
25 80 162.993
30 80 166.815
35 80 170.758
40 80 174.785
45 80 178.851
50 80 182.91
55 80 186.908
60 80 190.793
65 80 194.507
70 80 197.994
75 80 201.201
80 80 204.074
85 80 206.566
90 80 208.634
95 80 210.241
100 80 211.359
105 80 211.967
110 80 212.056
115 80 211.624
120 80 210.678
125 80 209.235
130 80 207.322
135 80 204.972
140 80 202.225
145 80 199.129
150 80 195.733
155 80 192.092
160 80 188.26
165 80 184.294
170 80 180.246
175 80 176.17
180 80 172.114
185 80 168.121
190 80 164.23
195 80 160.476
200 80 156.886
205 80 153.481
210 80 150.277
215 80 147.284
220 80 144.507
225 80 141.947
230 80 139.597
235 80 137.452
240 80 135.498
245 80 133.723
250 80 132.112
255 80 130.646
260 80 129.309
265 80 128.082
270 80 126.947
275 80 125.886
280 80 124.881
285 80 123.917
290 80 122.977
295 80 122.048
300 80 121.114
305 80 120.165
310 80 119.19
315 80 118.177
320 80 117.12
325 80 116.01
330 80 114.841
335 80 113.608
340 80 112.308
345 80 110.937
350 80 109.495
355 80 107.98
360 80 106.394
365 80 104.738
370 80 103.016
375 80 101.232
380 80 99.3915
385 80 97.5007
390 80 95.5674
395 80 93.6003
400 80 91.6088
405 80 89.6036
410 80 87.596
415 80 85.598
420 80 83.6222
425 80 81.6819
430 80 79.7905
435 80 77.9618
440 80 76.2095
445 80 74.5474
450 80 72.9889
455 80 71.5472
460 80 70.2348
465 80 69.0639
470 80 68.0455
475 80 67.1901
480 80 66.5072
485 80 66.0054
490 80 65.6923
495 80 65.5745
500 80 65.6577
505 80 65.9468
510 80 66.4458
515 80 67.158
520 80 68.0865
525 80 69.2334
530 80 70.6009
535 80 72.191
540 80 74.0054
545 80 76.0461
550 80 78.3149
555 80 80.8138
560 80 83.5448
565 80 86.5095
570 80 89.7097
575 80 93.1461
580 80 96.8188
585 80 100.727
590 80 104.866
595 80 109.233
600 80 113.818
605 80 118.612
610 80 123.597
615 80 128.757
620 80 134.067
625 80 139.499
630 80 145.019
635 80 150.59
640 80 156.17
645 80 161.711
650 80 167.163
655 80 172.473
660 80 177.586
665 80 182.448
670 80 187.002
675 80 191.195
680 80 194.979
685 80 198.306
690 80 201.139
695 80 203.443
700 80 205.195
705 80 206.379
710 80 206.987
715 80 207.023
720 80 206.498
725 80 205.434
730 80 203.861
735 80 201.817
740 80 199.346
745 80 196.499
750 80 193.328
755 80 189.892
760 80 186.249
765 80 182.457
770 80 178.573
775 80 174.651
780 80 170.743
785 80 166.893
790 80 163.145
795 80 159.532
800 80 156.085
805 80 152.827
810 80 149.775
815 80 146.942
820 80 144.334
825 80 141.954
830 80 139.798
835 80 137.862
840 80 136.136
845 80 134.609
850 80 133.269
855 80 132.101
860 80 131.091
865 80 130.223
870 80 129.484
875 80 128.858
880 80 128.331
885 80 127.892
890 80 127.528
895 80 127.228

0 85 146.104
5 85 148.948
10 85 152.036
15 85 155.36
20 85 158.909
25 85 162.664
30 85 166.6
35 85 170.686
40 85 174.885
45 85 179.155
50 85 183.447
55 85 187.709
60 85 191.886
65 85 195.919
70 85 199.749
75 85 203.317
80 85 206.566
85 85 209.444
90 85 211.9
95 85 213.893
100 85 215.387
105 85 216.356
110 85 216.783
115 85 216.659
120 85 215.988
125 85 214.781
130 85 213.061
135 85 210.856
140 85 208.208
145 85 205.159
150 85 201.762
155 85 198.071
160 85 194.144
165 85 190.038
170 85 185.812
175 85 181.522
180 85 177.221
185 85 172.96
190 85 168.78
195 85 164.723
200 85 160.82
205 85 157.097
210 85 153.576
215 85 150.269
220 85 147.186
225 85 144.328
230 85 141.695
235 85 139.279
240 85 137.071
245 85 135.057
250 85 133.221
255 85 131.548
260 85 130.018
265 85 128.612
270 85 127.31
275 85 126.094
280 85 124.945
285 85 123.845
290 85 122.776
295 85 121.723
300 85 120.67
305 85 119.605
310 85 118.515
315 85 117.389
320 85 116.217
325 85 114.992
330 85 113.707
335 85 112.356
340 85 110.934
345 85 109.44
350 85 107.872
355 85 106.228
360 85 104.511
365 85 102.723
370 85 100.867
375 85 98.9477
380 85 96.9718
385 85 94.9464
390 85 92.8798
395 85 90.7815
400 85 88.662
405 85 86.5328
410 85 84.4062
415 85 82.295
420 85 80.2131
425 85 78.1743
430 85 76.1931
435 85 74.2839
440 85 72.4615
445 85 70.74
450 85 69.1335
455 85 67.6556
460 85 66.3192
465 85 65.1364
470 85 64.1186
475 85 63.2761
480 85 62.6182
485 85 62.1529
490 85 61.8875
495 85 61.8279
500 85 61.979
505 85 62.3447
510 85 62.9281
515 85 63.7316
520 85 64.7568
525 85 66.0049
530 85 67.4768
535 85 69.1733
540 85 71.0952
545 85 73.2432
550 85 75.6186
555 85 78.2224
560 85 81.0564
565 85 84.1219
570 85 87.4207
575 85 90.9541
580 85 94.7228
585 85 98.7266
590 85 102.964
595 85 107.431
600 85 112.123
605 85 117.029
610 85 122.139
615 85 127.435
620 85 132.896
625 85 138.496
630 85 144.205
635 85 149.987
640 85 155.801
645 85 161.6
650 85 167.335
655 85 172.953
660 85 178.398
665 85 183.612
670 85 188.537
675 85 193.116
680 85 197.296
685 85 201.026
690 85 204.261
695 85 206.962
700 85 209.098
705 85 210.647
710 85 211.596
715 85 211.942
720 85 211.693
725 85 210.864
730 85 209.481
735 85 207.581
740 85 205.205
745 85 202.403
750 85 199.229
755 85 195.741
760 85 192.001
765 85 188.069
770 85 184.007
775 85 179.873
780 85 175.724
785 85 171.61
790 85 167.579
795 85 163.67
800 85 159.92
805 85 156.355
810 85 152.999
815 85 149.868
820 85 146.971
825 85 144.314
830 85 141.896
835 85 139.714
840 85 137.76
845 85 136.024
850 85 134.494
855 85 133.154
860 85 131.99
865 85 130.986
870 85 130.127
875 85 129.396
880 85 128.779
885 85 128.262
890 85 127.831
895 85 127.476

0 90 145.446
5 90 148.278
10 90 151.368
15 90 154.712
20 90 158.3
25 90 162.118
30 90 166.142
35 90 170.344
40 90 174.689
45 90 179.136
50 90 183.637
55 90 188.141
60 90 192.591
65 90 196.927
70 90 201.088
75 90 205.01
80 90 208.634
85 90 211.9
90 90 214.754
95 90 217.148
100 90 219.039
105 90 220.394
110 90 221.189
115 90 221.41
120 90 221.053
125 90 220.124
130 90 218.64
135 90 216.628
140 90 214.123
145 90 211.169
150 90 207.815
155 90 204.117
160 90 200.132
165 90 195.923
170 90 191.551
175 90 187.074
180 90 182.552
185 90 178.039
190 90 173.584
195 90 169.231
200 90 165.018
205 90 160.977
210 90 157.134
215 90 153.506
220 90 150.105
225 90 146.938
230 90 144.005
235 90 141.303
240 90 138.822
245 90 136.55
250 90 134.473
255 90 132.573
260 90 130.832
265 90 129.229
270 90 127.745
275 90 126.358
280 90 125.049
285 90 123.798
290 90 122.586
295 90 121.397
300 90 120.213
305 90 119.02
310 90 117.805
315 90 116.555
320 90 115.26
325 90 113.912
330 90 112.502
335 90 111.024
340 90 109.475
345 90 107.85
350 90 106.149
355 90 104.372
360 90 102.519
365 90 100.593
370 90 98.5982
375 90 96.5405
380 90 94.4263
385 90 92.2636
390 90 90.0617
395 90 87.831
400 90 85.5829
405 90 83.3297
410 90 81.0849
415 90 78.8622
420 90 76.6763
425 90 74.5422
430 90 72.4749
435 90 70.49
440 90 68.6025
445 90 66.8275
450 90 65.1796
455 90 63.6725
460 90 62.3197
465 90 61.1332
470 90 60.1245
475 90 59.3036
480 90 58.6795
485 90 58.26
490 90 58.0515
495 90 58.0592
500 90 58.2872
505 90 58.7384
510 90 59.4148
515 90 60.3175
520 90 61.447
525 90 62.8031
530 90 64.3855
535 90 66.1937
540 90 68.2272
545 90 70.4857
550 90 72.9693
555 90 75.6784
560 90 78.6139
565 90 81.7772
570 90 85.1696
575 90 88.7929
580 90 92.6483
585 90 96.7367
590 90 101.058
595 90 105.61
600 90 110.389
605 90 115.388
610 90 120.598
615 90 126.005
620 90 131.59
625 90 137.331
630 90 143.2
635 90 149.163
640 90 155.181
645 90 161.211
650 90 167.202
655 90 173.103
660 90 178.857
665 90 184.405
670 90 189.686
675 90 194.642
680 90 199.214
685 90 203.347
690 90 206.99
695 90 210.1
700 90 212.638
705 90 214.576
710 90 215.895
715 90 216.585
720 90 216.647
725 90 216.093
730 90 214.944
735 90 213.231
740 90 210.995
745 90 208.282
750 90 205.147
755 90 201.649
760 90 197.849
765 90 193.812
770 90 189.603
775 90 185.283
780 90 180.915
785 90 176.554
790 90 172.252
795 90 168.055
800 90 164.005
805 90 160.134
810 90 156.47
815 90 153.034
820 90 149.838
825 90 146.893
830 90 144.2
835 90 141.758
840 90 139.562
845 90 137.601
850 90 135.864
855 90 134.337
860 90 133.005
865 90 131.851
870 90 130.859
875 90 130.012
880 90 129.293
885 90 128.689
890 90 128.183
895 90 127.764

0 95 144.695
5 95 147.496
10 95 150.567
15 95 153.907
20 95 157.511
25 95 161.364
30 95 165.448
35 95 169.737
40 95 174.199
45 95 178.795
50 95 183.478
55 95 188.197
60 95 192.896
65 95 197.514
70 95 201.987
75 95 206.251
80 95 210.241
85 95 213.893
90 95 217.148
95 95 219.95
100 95 222.253
105 95 224.015
110 95 225.205
115 95 225.802
120 95 225.795
125 95 225.185
130 95 223.982
135 95 222.207
140 95 219.894
145 95 217.081
150 95 213.818
155 95 210.158
160 95 206.161
165 95 201.889
170 95 197.407
175 95 192.777
180 95 188.061
185 95 183.32
190 95 178.607
195 95 173.972
200 95 169.459
205 95 165.105
210 95 160.939
215 95 156.986
220 95 153.26
225 95 149.774
230 95 146.529
235 95 143.526
240 95 140.756
245 95 138.21
250 95 135.874
255 95 133.73
260 95 131.76
265 95 129.943
270 95 128.258
275 95 126.683
280 95 125.198
285 95 123.781
290 95 122.412
295 95 121.073
300 95 119.746
305 95 118.414
310 95 117.062
315 95 115.679
320 95 114.251
325 95 112.77
330 95 111.227
335 95 109.615
340 95 107.931
345 95 106.17
350 95 104.33
355 95 102.413
360 95 100.419
365 95 98.3509
370 95 96.2142
375 95 94.0146
380 95 91.7595
385 95 89.4577
390 95 87.1194
395 95 84.7558
400 95 82.3793
405 95 80.0033
410 95 77.642
415 95 75.3104
420 95 73.0239
425 95 70.7983
430 95 68.6499
435 95 66.5945
440 95 64.6482
445 95 62.8265
450 95 61.1444
455 95 59.6161
460 95 58.2551
465 95 57.0737
470 95 56.083
475 95 55.293
480 95 54.7122
485 95 54.3478
490 95 54.2056
495 95 54.29
500 95 54.604
505 95 55.1496
510 95 55.9274
515 95 56.9374
520 95 58.1785
525 95 59.6494
530 95 61.3482
535 95 63.2731
540 95 65.4221
545 95 67.7939
550 95 70.3873
555 95 73.2018
560 95 76.2376
565 95 79.4953
570 95 82.9764
575 95 86.6826
580 95 90.6155
585 95 94.7769
590 95 99.1678
595 95 103.788
600 95 108.635
605 95 113.706
610 95 118.993
615 95 124.485
620 95 130.167
625 95 136.019
630 95 142.017
635 95 148.129
640 95 154.32
645 95 160.547
650 95 166.764
655 95 172.918
660 95 178.953
665 95 184.811
670 95 190.429
675 95 195.745
680 95 200.697
685 95 205.228
690 95 209.28
695 95 212.804
700 95 215.756
705 95 218.101
710 95 219.814
715 95 220.877
720 95 221.285
725 95 221.044
730 95 220.169
735 95 218.688
740 95 216.637
745 95 214.06
750 95 211.01
755 95 207.545
760 95 203.728
765 95 199.626
770 95 195.304
775 95 190.831
780 95 186.271
785 95 181.685
790 95 177.131
795 95 172.66
800 95 168.319
805 95 164.146
810 95 160.175
815 95 156.43
820 95 152.93
825 95 149.688
830 95 146.709
835 95 143.995
840 95 141.543
845 95 139.343
850 95 137.386
855 95 135.658
860 95 134.143
865 95 132.825
870 95 131.687
875 95 130.711
880 95 129.881
885 95 129.178
890 95 128.589
895 95 128.098

0 100 143.864
5 100 146.616
10 100 149.647
15 100 152.961
20 100 156.554
25 100 160.416
30 100 164.531
35 100 168.878
40 100 173.425
45 100 178.138
50 100 182.972
55 100 187.876
60 100 192.795
65 100 197.669
70 100 202.432
75 100 207.018
80 100 211.359
85 100 215.387
90 100 219.039
95 100 222.253
100 100 224.976
105 100 227.159
110 100 228.765
115 100 229.765
120 100 230.141
125 100 229.886
130 100 229.004
135 100 227.513
140 100 225.438
145 100 222.815
150 100 219.692
155 100 216.119
160 100 212.157
165 100 207.867
170 100 203.317
175 100 198.571
180 100 193.697
185 100 188.757
190 100 183.811
195 100 178.914
200 100 174.115
205 100 169.456
210 100 164.973
215 100 160.695
220 100 156.643
225 100 152.83
230 100 149.264
235 100 145.948
240 100 142.876
245 100 140.041
250 100 137.428
255 100 135.023
260 100 132.806
265 100 130.758
270 100 128.855
275 100 127.076
280 100 125.399
285 100 123.801
290 100 122.26
295 100 120.758
300 100 119.273
305 100 117.789
310 100 116.291
315 100 114.763
320 100 113.192
325 100 111.569
330 100 109.885
335 100 108.132
340 100 106.305
345 100 104.4
350 100 102.417
355 100 100.354
360 100 98.2148
365 100 96.0015
370 100 93.7195
375 100 91.3755
380 100 88.9778
385 100 86.5359
390 100 84.0608
395 100 81.5648
400 100 79.0611
405 100 76.5642
410 100 74.0893
415 100 71.6522
420 100 69.2694
425 100 66.9575
430 100 64.7335
435 100 62.6142
440 100 60.6161
445 100 58.7553
450 100 57.0472
455 100 55.5063
460 100 54.146
465 100 52.9789
470 100 52.0157
475 100 51.2662
480 100 50.7385
485 100 50.4389
490 100 50.3726
495 100 50.5431
500 100 50.9522
505 100 51.6008
510 100 52.4884
515 100 53.6133
520 100 54.9732
525 100 56.5653
530 100 58.3861
535 100 60.4323
540 100 62.7007
545 100 65.1883
550 100 67.8928
555 100 70.8127
560 100 73.9471
565 100 77.2963
570 100 80.861
575 100 84.643
580 100 88.6445
585 100 92.8676
590 100 97.3146
595 100 101.987
600 100 106.884
605 100 112.005
610 100 117.345
615 100 122.895
620 100 128.645
625 100 134.578
630 100 140.671
635 100 146.899
640 100 153.227
645 100 159.617
650 100 166.024
655 100 172.398
660 100 178.683
665 100 184.821
670 100 190.749
675 100 196.403
680 100 201.719
685 100 206.634
690 100 211.088
695 100 215.026
700 100 218.399
705 100 221.163
710 100 223.288
715 100 224.748
720 100 225.533
725 100 225.64
730 100 225.079
735 100 223.873
740 100 222.051
745 100 219.656
750 100 216.738
755 100 213.354
760 100 209.566
765 100 205.441
770 100 201.049
775 100 196.458
780 100 191.739
785 100 186.957
790 100 182.174
795 100 177.448
800 100 172.831
805 100 168.367
810 100 164.093
815 100 160.042
820 100 156.236
825 100 152.692
830 100 149.42
835 100 146.424
840 100 143.704
845 100 141.253
850 100 139.062
855 100 137.119
860 100 135.409
865 100 133.914
870 100 132.617
875 100 131.5
880 100 130.546
885 100 129.735
890 100 129.052
895 100 128.481

0 105 142.967
5 105 145.652
10 105 148.624
15 105 151.889
20 105 155.446
25 105 159.29
30 105 163.408
35 105 167.78
40 105 172.381
45 105 177.177
50 105 182.127
55 105 187.183
60 105 192.29
65 105 197.389
70 105 202.414
75 105 207.296
80 105 211.967
85 105 216.356
90 105 220.394
95 105 224.015
100 105 227.159
105 105 229.772
110 105 231.809
115 105 233.232
120 105 234.018
125 105 234.151
130 105 233.63
135 105 232.463
140 105 230.673
145 105 228.289
150 105 225.355
155 105 221.92
160 105 218.042
165 105 213.784
170 105 209.211
175 105 204.394
180 105 199.399
185 105 194.296
190 105 189.147
195 105 184.013
200 105 178.948
205 105 174.001
210 105 169.212
215 105 164.615
220 105 160.236
225 105 156.095
230 105 152.203
235 105 148.565
240 105 145.18
245 105 142.041
250 105 139.139
255 105 136.457
260 105 133.977
265 105 131.68
270 105 129.543
275 105 127.543
280 105 125.658
285 105 123.862
290 105 122.135
295 105 120.455
300 105 118.8
305 105 117.152
310 105 115.494
315 105 113.81
320 105 112.088
325 105 110.314
330 105 108.479
335 105 106.577
340 105 104.601
345 105 102.547
350 105 100.414
355 105 98.2016
360 105 95.9125
365 105 93.5502
370 105 91.1204
375 105 88.6304
380 105 86.089
385 105 83.5068
390 105 80.8956
395 105 78.2685
400 105 75.6399
405 105 73.0252
410 105 70.4403
415 105 67.9024
420 105 65.4285
425 105 63.0364
430 105 60.7436
435 105 58.5677
440 105 56.5257
445 105 54.6342
450 105 52.9089
455 105 51.3646
460 105 50.0147
465 105 48.8716
470 105 47.9459
475 105 47.2469
480 105 46.782
485 105 46.5571
490 105 46.5764
495 105 46.8421
500 105 47.3554
505 105 48.1155
510 105 49.1207
515 105 50.368
520 105 51.8535
525 105 53.5726
530 105 55.5206
535 105 57.6924
540 105 60.0834
545 105 62.689
550 105 65.5057
555 105 68.5306
560 105 71.762
565 105 75.1992
570 105 78.8426
575 105 82.6937
580 105 86.7548
585 105 91.0287
590 105 95.5185
595 105 100.227
600 105 105.156
605 105 110.306
610 105 115.674
615 105 121.257
620 105 127.046
625 105 133.028
630 105 139.184
635 105 145.492
640 105 151.921
645 105 158.436
650 105 164.996
655 105 171.552
660 105 178.051
665 105 184.434
670 105 190.64
675 105 196.604
680 105 202.259
685 105 207.54
690 105 212.383
695 105 216.728
700 105 220.52
705 105 223.709
710 105 226.258
715 105 228.135
720 105 229.32
725 105 229.806
730 105 229.595
735 105 228.703
740 105 227.156
745 105 224.99
750 105 222.252
755 105 218.996
760 105 215.285
765 105 211.185
770 105 206.766
775 105 202.1
780 105 197.26
785 105 192.316
790 105 187.334
795 105 182.378
800 105 177.505
805 105 172.764
810 105 168.2
815 105 163.848
820 105 159.739
825 105 155.892
830 105 152.323
835 105 149.039
840 105 146.042
845 105 143.33
850 105 140.894
855 105 138.724
860 105 136.805
865 105 135.12
870 105 133.653
875 105 132.383
880 105 131.294
885 105 130.364
890 105 129.578
895 105 128.917

0 110 142.018
5 110 144.62
10 110 147.515
15 110 150.709
20 110 154.207
25 110 158.006
30 110 162.097
35 110 166.464
40 110 171.085
45 110 175.93
50 110 180.961
55 110 186.132
60 110 191.391
65 110 196.679
70 110 201.932
75 110 207.082
80 110 212.056
85 110 216.783
90 110 221.189
95 110 225.205
100 110 228.765
105 110 231.809
110 110 234.283
115 110 236.145
120 110 237.362
125 110 237.911
130 110 237.783
135 110 236.981
140 110 235.518
145 110 233.42
150 110 230.725
155 110 227.479
160 110 223.737
165 110 219.56
170 110 215.016
175 110 210.173
180 110 205.103
185 110 199.876
190 110 194.56
195 110 189.22
200 110 183.916
205 110 178.701
210 110 173.622
215 110 168.718
220 110 164.02
225 110 159.553
230 110 155.332
235 110 151.368
240 110 147.662
245 110 144.21
250 110 141.005
255 110 138.032
260 110 135.275
265 110 132.714
270 110 130.327
275 110 128.09
280 110 125.98
285 110 123.972
290 110 122.043
295 110 120.17
300 110 118.331
305 110 116.507
310 110 114.678
315 110 112.827
320 110 110.941
325 110 109.007
330 110 107.015
335 110 104.955
340 110 102.823
345 110 100.614
350 110 98.3261
355 110 95.9601
360 110 93.5181
365 110 91.0043
370 110 88.4249
375 110 85.7878
380 110 83.1028
385 110 80.381
390 110 77.6352
395 110 74.8795
400 110 72.1291
405 110 69.4005
410 110 66.7106
415 110 64.0773
420 110 61.5188
425 110 59.0534
430 110 56.6994
435 110 54.4751
440 110 52.398
445 110 50.485
450 110 48.7522
455 110 47.2143
460 110 45.8849
465 110 44.776
470 110 43.898
475 110 43.2596
480 110 42.8677
485 110 42.7272
490 110 42.8414
495 110 43.2117
500 110 43.8376
505 110 44.7175
510 110 45.8479
515 110 47.2243
520 110 48.8415
525 110 50.6931
530 110 52.7729
535 110 55.074
540 110 57.5902
545 110 60.3155
550 110 63.245
555 110 66.3743
560 110 69.7007
565 110 73.2226
570 110 76.9398
575 110 80.8533
580 110 84.9654
585 110 89.2794
590 110 93.7992
595 110 98.5286
600 110 103.471
605 110 108.63
610 110 114.005
615 110 119.594
620 110 125.393
625 110 131.392
630 110 137.577
635 110 143.929
640 110 150.422
645 110 157.023
650 110 163.695
655 110 170.393
660 110 177.066
665 110 183.656
670 110 190.104
675 110 196.344
680 110 202.308
685 110 207.93
690 110 213.142
695 110 217.879
700 110 222.081
705 110 225.694
710 110 228.672
715 110 230.978
720 110 232.583
725 110 233.473
730 110 233.644
735 110 233.103
740 110 231.871
745 110 229.978
750 110 227.468
755 110 224.39
760 110 220.805
765 110 216.779
770 110 212.382
775 110 207.687
780 110 202.769
785 110 197.701
790 110 192.556
795 110 187.4
800 110 182.296
805 110 177.3
810 110 172.461
815 110 167.822
820 110 163.416
825 110 159.27
830 110 155.404
835 110 151.829
840 110 148.551
845 110 145.57
850 110 142.88
855 110 140.472
860 110 138.333
865 110 136.447
870 110 134.797
875 110 133.364
880 110 132.128
885 110 131.069
890 110 130.17
895 110 129.41

0 115 141.03
5 115 143.536
10 115 146.335
15 115 149.441
20 115 152.857
25 115 156.585
30 115 160.621
35 115 164.952
40 115 169.56
45 115 174.418
50 115 179.492
55 115 184.74
60 115 190.113
65 115 195.553
70 115 200.997
75 115 206.378
80 115 211.624
85 115 216.659
90 115 221.41
95 115 225.802
100 115 229.765
105 115 233.232
110 115 236.145
115 115 238.453
120 115 240.115
125 115 241.102
130 115 241.396
135 115 240.991
140 115 239.895
145 115 238.127
150 115 235.719
155 115 232.712
160 115 229.158
165 115 225.115
170 115 220.651
175 115 215.834
180 115 210.736
185 115 205.431
190 115 199.989
195 115 194.481
200 115 188.969
205 115 183.514
210 115 178.166
215 115 172.972
220 115 167.967
225 115 163.181
230 115 158.636
235 115 154.344
240 115 150.313
245 115 146.542
250 115 143.024
255 115 139.749
260 115 136.701
265 115 133.862
270 115 131.209
275 115 128.72
280 115 126.37
285 115 124.135
290 115 121.989
295 115 119.91
300 115 117.873
305 115 115.859
310 115 113.846
315 115 111.819
320 115 109.76
325 115 107.656
330 115 105.497
335 115 103.273
340 115 100.978
345 115 98.608
350 115 96.161
355 115 93.6374
360 115 91.0396
365 115 88.3724
370 115 85.6424
375 115 82.8582
380 115 80.0302
385 115 77.1705
390 115 74.2926
395 115 71.4117
400 115 68.5439
405 115 65.7065
410 115 62.9175
415 115 60.1955
420 115 57.5595
425 115 55.0288
430 115 52.6222
435 115 50.3586
440 115 48.2559
445 115 46.3313
450 115 44.6011
455 115 43.08
460 115 41.7815
465 115 40.7174
470 115 39.8975
475 115 39.33
480 115 39.021
485 115 38.9747
490 115 39.1931
495 115 39.6766
500 115 40.4235
505 115 41.4306
510 115 42.6932
515 115 44.2051
520 115 45.9594
525 115 47.9483
530 115 50.1636
535 115 52.597
540 115 55.2406
545 115 58.0868
550 115 61.129
555 115 64.3617
560 115 67.7809
565 115 71.3839
570 115 75.1698
575 115 79.1391
580 115 83.2941
585 115 87.6381
590 115 92.1755
595 115 96.9115
600 115 101.851
605 115 106.999
610 115 112.357
615 115 117.928
620 115 123.71
625 115 129.696
630 115 135.877
635 115 142.237
640 115 148.754
645 115 155.402
650 115 162.145
655 115 168.942
660 115 175.746
665 115 182.501
670 115 189.15
675 115 195.627
680 115 201.866
685 115 207.796
690 115 213.349
695 115 218.457
700 115 223.055
705 115 227.083
710 115 230.488
715 115 233.228
720 115 235.266
725 115 236.579
730 115 237.157
735 115 237
740 115 236.12
745 115 234.543
750 115 232.305
755 115 229.454
760 115 226.046
765 115 222.144
770 115 217.819
775 115 213.143
780 115 208.194
785 115 203.047
790 115 197.778
795 115 192.458
800 115 187.155
805 115 181.93
810 115 176.839
815 115 171.929
820 115 167.24
825 115 162.804
830 115 158.645
835 115 154.78
840 115 151.219
845 115 147.964
850 115 145.014
855 115 142.36
860 115 139.992
865 115 137.895
870 115 136.052
875 115 134.444
880 115 133.051
885 115 131.853
890 115 130.831
895 115 129.964

0 120 140.018
5 120 142.414
10 120 145.105
15 120 148.102
20 120 151.416
25 120 155.051
30 120 159.004
35 120 163.269
40 120 167.831
45 120 172.667
50 120 177.748
55 120 183.034
60 120 188.479
65 120 194.03
70 120 199.625
75 120 205.198
80 120 210.678
85 120 215.988
90 120 221.053
95 120 225.795
100 120 230.141
105 120 234.018
110 120 237.362
115 120 240.115
120 120 242.23
125 120 243.669
130 120 244.406
135 120 244.427
140 120 243.732
145 120 242.334
150 120 240.257
155 120 237.538
160 120 234.223
165 120 230.368
170 120 226.036
175 120 221.297
180 120 216.224
185 120 210.889
190 120 205.368
195 120 199.732
200 120 194.051
205 120 188.388
210 120 182.8
215 120 177.338
220 120 172.044
225 120 166.953
230 120 162.091
235 120 157.476
240 120 153.119
245 120 149.025
250 120 145.189
255 120 141.603
260 120 138.254
265 120 135.124
270 120 132.192
275 120 129.437
280 120 126.833
285 120 124.355
290 120 121.979
295 120 119.679
300 120 117.432
305 120 115.215
310 120 113.007
315 120 110.791
320 120 108.548
325 120 106.266
330 120 103.932
335 120 101.537
340 120 99.0731
345 120 96.5372
350 120 93.9267
355 120 91.2423
360 120 88.4867
365 120 85.6649
370 120 82.7841
375 120 79.8535
380 120 76.8842
385 120 73.8892
390 120 70.8829
395 120 67.8812
400 120 64.9012
405 120 61.9611
410 120 59.0798
415 120 56.2767
420 120 53.5717
425 120 50.9845
430 120 48.5347
435 120 46.2416
440 120 44.1235
445 120 42.1979
450 120 40.481
455 120 38.9875
460 120 37.7308
465 120 36.722
470 120 35.9708
475 120 35.4844
480 120 35.2682
485 120 35.3254
490 120 35.657
495 120 36.262
500 120 37.1375
505 120 38.2789
510 120 39.6799
515 120 41.3328
520 120 43.229
525 120 45.359
530 120 47.7129
535 120 50.2808
540 120 53.053
545 120 56.0204
550 120 59.1748
555 120 62.5094
560 120 66.0187
565 120 69.6991
570 120 73.5487
575 120 77.5674
580 120 81.7572
585 120 86.1214
590 120 90.6651
595 120 95.394
600 120 100.314
605 120 105.433
610 120 110.755
615 120 116.283
620 120 122.021
625 120 127.964
630 120 134.108
635 120 140.441
640 120 146.945
645 120 153.599
650 120 160.37
655 120 167.223
660 120 174.114
665 120 180.99
670 120 187.795
675 120 194.467
680 120 200.939
685 120 207.142
690 120 213.003
695 120 218.453
700 120 223.424
705 120 227.85
710 120 231.674
715 120 234.845
720 120 237.32
725 120 239.07
730 120 240.074
735 120 240.326
740 120 239.832
745 120 238.608
750 120 236.687
755 120 234.109
760 120 230.926
765 120 227.2
770 120 222.997
775 120 218.392
780 120 213.462
785 120 208.283
790 120 202.934
795 120 197.491
800 120 192.026
805 120 186.605
810 120 181.289
815 120 176.131
820 120 171.176
825 120 166.464
830 120 162.022
835 120 157.872
840 120 154.03
845 120 150.501
850 120 147.286
855 120 144.382
860 120 141.778
865 120 139.462
870 120 137.416
875 120 135.624
880 120 134.065
885 120 132.718
890 120 131.564
895 120 130.582

0 125 138.996
5 125 141.272
10 125 143.84
15 125 146.714
20 125 149.907
25 125 153.426
30 125 157.273
35 125 161.444
40 125 165.928
45 125 170.708
50 125 175.757
55 125 181.041
60 125 186.518
65 125 192.137
70 125 197.84
75 125 203.563
80 125 209.235
85 125 214.781
90 125 220.124
95 125 225.185
100 125 229.886
105 125 234.151
110 125 237.911
115 125 241.102
120 125 243.669
125 125 245.566
130 125 246.76
135 125 247.229
140 125 246.964
145 125 245.971
150 125 244.266
155 125 241.879
160 125 238.852
165 125 235.236
170 125 231.091
175 125 226.485
180 125 221.488
185 125 216.176
190 125 210.625
195 125 204.909
200 125 199.101
205 125 193.268
210 125 187.473
215 125 181.772
220 125 176.212
225 125 170.834
230 125 165.668
235 125 160.739
240 125 156.063
245 125 151.645
250 125 147.488
255 125 143.586
260 125 139.928
265 125 136.498
270 125 133.277
275 125 130.243
280 125 127.372
285 125 124.638
290 125 122.018
295 125 119.484
300 125 117.013
305 125 114.581
310 125 112.167
315 125 109.751
320 125 107.315
325 125 104.846
330 125 102.329
335 125 99.7551
340 125 97.1173
345 125 94.4106
350 125 91.6332
355 125 88.7855
360 125 85.8705
365 125 82.8936
370 125 79.8626
375 125 76.7873
380 125 73.6794
385 125 70.5527
390 125 67.4225
395 125 64.3055
400 125 61.2196
405 125 58.184
410 125 55.2182
415 125 52.3426
420 125 49.5777
425 125 46.9438
430 125 44.4611
435 125 42.1491
440 125 40.0264
445 125 38.1108
450 125 36.4183
455 125 34.9635
460 125 33.7595
465 125 32.8169
470 125 32.1447
475 125 31.7495
480 125 31.6357
485 125 31.8055
490 125 32.2586
495 125 32.9929
500 125 34.0041
505 125 35.286
510 125 36.8308
515 125 38.6293
520 125 40.6711
525 125 42.9451
530 125 45.4398
535 125 48.1435
540 125 51.0448
545 125 54.133
550 125 57.3984
555 125 60.8327
560 125 64.429
565 125 68.1827
570 125 72.0907
575 125 76.1525
580 125 80.3694
585 125 84.7448
590 125 89.2838
595 125 93.9929
600 125 98.8797
605 125 103.952
610 125 109.217
615 125 114.681
620 125 120.349
625 125 126.223
630 125 132.298
635 125 138.57
640 125 145.025
645 125 151.644
650 125 158.403
655 125 165.267
660 125 172.198
665 125 179.149
670 125 186.064
675 125 192.885
680 125 199.546
685 125 205.978
690 125 212.11
695 125 217.868
700 125 223.182
705 125 227.983
710 125 232.208
715 125 235.8
720 125 238.711
725 125 240.901
730 125 242.344
735 125 243.026
740 125 242.942
745 125 242.106
750 125 240.539
755 125 238.277
760 125 235.367
765 125 231.866
770 125 227.838
775 125 223.356
780 125 218.495
785 125 213.335
790 125 207.955
795 125 202.434
800 125 196.848
805 125 191.268
810 125 185.759
815 125 180.382
820 125 175.186
825 125 170.215
830 125 165.505
835 125 161.082
840 125 156.964
845 125 153.164
850 125 149.686
855 125 146.528
860 125 143.684
865 125 141.142
870 125 138.888
875 125 136.903
880 125 135.169
885 125 133.665
890 125 132.37
895 125 131.263

0 130 137.975
5 130 140.124
10 130 142.558
15 130 145.296
20 130 148.352
25 130 151.736
30 130 155.453
35 130 159.503
40 130 163.881
45 130 168.571
50 130 173.553
55 130 178.796
60 130 184.264
65 130 189.908
70 130 195.675
75 130 201.502
80 130 207.322
85 130 213.061
90 130 218.64
95 130 223.982
100 130 229.004
105 130 233.63
110 130 237.783
115 130 241.396
120 130 244.406
125 130 246.76
130 130 248.417
135 130 249.348
140 130 249.535
145 130 248.974
150 130 247.676
155 130 245.663
160 130 242.97
165 130 239.643
170 130 235.737
175 130 231.316
180 130 226.452
185 130 221.216
190 130 215.687
195 130 209.941
200 130 204.053
205 130 198.093
210 130 192.13
215 130 186.224
220 130 180.427
225 130 174.785
230 130 169.336
235 130 164.107
240 130 159.119
245 130 154.385
250 130 149.909
255 130 145.689
260 130 141.717
265 130 137.98
270 130 134.461
275 130 131.138
280 130 127.988
285 130 124.987
290 130 122.11
295 130 119.33
300 130 116.623
305 130 113.965
310 130 111.333
315 130 108.707
320 130 106.069
325 130 103.403
330 130 100.696
335 130 97.938
340 130 95.1205
345 130 92.2391
350 130 89.2916
355 130 86.2787
360 130 83.2037
365 130 80.0722
370 130 76.8925
375 130 73.6749
380 130 70.4321
385 130 67.1783
390 130 63.9296
395 130 60.7037
400 130 57.5193
405 130 54.3962
410 130 51.3549
415 130 48.4162
420 130 45.6014
425 130 42.9313
430 130 40.4265
435 130 38.1068
440 130 35.991
445 130 34.0967
450 130 32.4401
455 130 31.0353
460 130 29.895
465 130 29.0294
470 130 28.4466
475 130 28.1524
480 130 28.1501
485 130 28.4409
490 130 29.0234
495 130 29.894
500 130 31.047
505 130 32.4747
510 130 34.1679
515 130 36.1155
520 130 38.3058
525 130 40.7258
530 130 43.3623
535 130 46.2021
540 130 49.2319
545 130 52.4396
550 130 55.8139
555 130 59.345
560 130 63.0248
565 130 66.8473
570 130 70.8085
575 130 74.907
580 130 79.1436
585 130 83.5215
590 130 88.0458
595 130 92.7235
600 130 97.563
605 130 102.574
610 130 107.764
615 130 113.144
620 130 118.72
625 130 124.496
630 130 130.475
635 130 136.653
640 130 143.023
645 130 149.57
650 130 156.274
655 130 163.107
660 130 170.034
665 130 177.011
670 130 183.989
675 130 190.91
680 130 197.713
685 130 204.329
690 130 210.686
695 130 216.713
700 130 222.334
705 130 227.48
710 130 232.082
715 130 236.077
720 130 239.412
725 130 242.04
730 130 243.927
735 130 245.05
740 130 245.398
745 130 244.975
750 130 243.795
755 130 241.889
760 130 239.295
765 130 236.067
770 130 232.265
775 130 227.957
780 130 223.219
785 130 218.129
790 130 212.769
795 130 207.218
800 130 201.557
805 130 195.859
810 130 190.197
815 130 184.633
820 130 179.224
825 130 174.02
830 130 169.06
835 130 164.378
840 130 159.997
845 130 155.934
850 130 152.196
855 130 148.786
860 130 145.7
865 130 142.929
870 130 140.46
875 130 138.278
880 130 136.362
885 130 134.693
890 130 133.25
895 130 132.011

0 135 136.968
5 135 138.983
10 135 141.276
15 135 143.867
20 135 146.772
25 135 150.003
30 135 153.571
35 135 157.477
40 135 161.721
45 135 166.291
50 135 171.171
55 135 176.337
60 135 181.754
65 135 187.38
70 135 193.165
75 135 199.051
80 135 204.972
85 135 210.856
90 135 216.628
95 135 222.207
100 135 227.513
105 135 232.463
110 135 236.981
115 135 240.991
120 135 244.427
125 135 247.229
130 135 249.348
135 135 250.746
140 135 251.398
145 135 251.293
150 135 250.43
155 135 248.826
160 135 246.507
165 135 243.514
170 135 239.897
175 135 235.716
180 135 231.037
185 135 225.933
190 135 220.48
195 135 214.756
200 135 208.838
205 135 202.8
210 135 196.711
215 135 190.639
220 135 184.639
225 135 178.763
230 135 173.054
235 135 167.545
240 135 162.262
245 135 157.221
250 135 152.432
255 135 147.897
260 135 143.611
265 135 139.564
270 135 135.739
275 135 132.12
280 135 128.683
285 135 125.404
290 135 122.26
295 135 119.223
300 135 116.269
305 135 113.373
310 135 110.513
315 135 107.668
320 135 104.819
325 135 101.949
330 135 99.0451
335 135 96.0962
340 135 93.0944
345 135 90.0347
350 135 86.9149
355 135 83.7357
360 135 80.5006
365 135 77.2157
370 135 73.8896
375 135 70.5333
380 135 67.1599
385 135 63.7845
390 135 60.424
395 135 57.0966
400 135 53.8219
405 135 50.6203
410 135 47.5131
415 135 44.5217
420 135 41.6678
425 135 38.9727
430 135 36.4573
435 135 34.1415
440 135 32.0443
445 135 30.1832
450 135 28.574
455 135 27.2306
460 135 26.1651
465 135 25.3869
470 135 24.9034
475 135 24.7195
480 135 24.8375
485 135 25.2573
490 135 25.9761
495 135 26.9892
500 135 28.2893
505 135 29.8672
510 135 31.7121
515 135 33.8115
520 135 36.1519
525 135 38.7186
530 135 41.497
535 135 44.4719
540 135 47.6288
545 135 50.9538
550 135 54.434
555 135 58.0584
560 135 61.8174
565 135 65.7038
570 135 69.7126
575 135 73.8415
580 135 78.0907
585 135 82.4629
590 135 86.9631
595 135 91.5988
600 135 96.3789
605 135 101.314
610 135 106.414
615 135 111.69
620 135 117.153
625 135 122.809
630 135 128.665
635 135 134.72
640 135 140.972
645 135 147.41
650 135 154.021
655 135 160.779
660 135 167.656
665 135 174.613
670 135 181.605
675 135 188.578
680 135 195.472
685 135 202.222
690 135 208.759
695 135 215.009
700 135 220.897
705 135 226.351
710 135 231.298
715 135 235.672
720 135 239.412
725 135 242.467
730 135 244.795
735 135 246.364
740 135 247.156
745 135 247.165
750 135 246.401
755 135 244.883
760 135 242.645
765 135 239.733
770 135 236.204
775 135 232.121
780 135 227.558
785 135 222.592
790 135 217.303
795 135 211.774
800 135 206.086
805 135 200.317
810 135 194.542
815 135 188.83
820 135 183.242
825 135 177.833
830 135 172.649
835 135 167.729
840 135 163.1
845 135 158.784
850 135 154.795
855 135 151.138
860 135 147.812
865 135 144.812
870 135 142.127
875 135 139.742
880 135 137.639
885 135 135.8
890 135 134.202
895 135 132.824

0 140 135.985
5 140 137.862
10 140 140.008
15 140 142.443
20 140 145.186
25 140 148.252
30 140 151.653
35 140 155.395
40 140 159.48
45 140 163.902
50 140 168.649
55 140 173.701
60 140 179.029
65 140 184.595
70 140 190.354
75 140 196.251
80 140 202.225
85 140 208.208
90 140 214.123
95 140 219.894
100 140 225.438
105 140 230.673
110 140 235.518
115 140 239.895
120 140 243.732
125 140 246.964
130 140 249.535
135 140 251.398
140 140 252.522
145 140 252.884
150 140 252.479
155 140 251.312
160 140 249.403
165 140 246.785
170 140 243.503
175 140 239.61
180 140 235.169
185 140 230.251
190 140 224.93
195 140 219.283
200 140 213.387
205 140 207.32
210 140 201.154
215 140 194.959
220 140 188.796
225 140 182.721
230 140 176.782
235 140 171.017
240 140 165.458
245 140 160.126
250 140 155.036
255 140 150.192
260 140 145.595
265 140 141.238
270 140 137.107
275 140 133.186
280 140 129.455
285 140 125.891
290 140 122.47
295 140 119.166
300 140 115.956
305 140 112.813
310 140 109.716
315 140 106.643
320 140 103.574
325 140 100.493
330 140 97.3863
335 140 94.2418
340 140 91.0518
345 140 87.811
350 140 84.5172
355 140 81.1713
360 140 77.777
365 140 74.3407
370 140 70.8714
375 140 67.3806
380 140 63.8822
385 140 60.3917
390 140 56.9267
395 140 53.5061
400 140 50.1502
405 140 46.88
410 140 43.7174
415 140 40.6842
420 140 37.8027
425 140 35.0944
430 140 32.5803
435 140 30.2806
440 140 28.2141
445 140 26.398
450 140 24.8479
455 140 23.5771
460 140 22.5971
465 140 21.9166
470 140 21.5421
475 140 21.4773
480 140 21.7235
485 140 22.2793
490 140 23.1407
495 140 24.3014
500 140 25.7528
505 140 27.4843
510 140 29.4833
515 140 31.7358
520 140 34.2266
525 140 36.9397
530 140 39.8587
535 140 42.9668
540 140 46.2481
545 140 49.687
550 140 53.2695
555 140 56.9827
560 140 60.816
565 140 64.761
570 140 68.8115
575 140 72.9645
580 140 77.2192
585 140 81.5779
590 140 86.0456
595 140 90.6295
600 140 95.3393
605 140 100.186
610 140 105.182
615 140 110.339
620 140 115.67
625 140 121.185
630 140 126.893
635 140 132.798
640 140 138.901
645 140 145.198
650 140 151.677
655 140 158.322
660 140 165.106
665 140 171.997
670 140 178.954
675 140 185.928
680 140 192.863
685 140 199.698
690 140 206.363
695 140 212.788
700 140 218.897
705 140 224.616
710 140 229.871
715 140 234.592
720 140 238.712
725 140 242.175
730 140 244.932
735 140 246.943
740 140 248.183
745 140 248.638
750 140 248.308
755 140 247.206
760 140 245.357
765 140 242.801
770 140 239.588
775 140 235.779
780 140 231.441
785 140 226.651
790 140 221.487
795 140 216.031
800 140 210.367
805 140 204.576
810 140 198.734
815 140 192.916
820 140 187.187
825 140 181.608
830 140 176.229
835 140 171.095
840 140 166.239
845 140 161.688
850 140 157.459
855 140 153.564
860 140 150.004
865 140 146.778
870 140 143.876
875 140 141.288
880 140 138.995
885 140 136.981
890 140 135.223
895 140 133.701

0 145 135.036
5 145 136.773
10 145 138.767
15 145 141.041
20 145 143.614
25 145 146.504
30 145 149.724
35 145 153.284
40 145 157.19
45 145 161.439
50 145 166.024
55 145 170.93
60 145 176.132
65 145 181.598
70 145 187.287
75 145 193.15
80 145 199.129
85 145 205.159
90 145 211.169
95 145 217.081
100 145 222.815
105 145 228.289
110 145 233.42
115 145 238.127
120 145 242.334
125 145 245.971
130 145 248.974
135 145 251.293
140 145 252.884
145 145 253.72
150 145 253.785
155 145 253.076
160 145 251.606
165 145 249.399
170 145 246.492
175 145 242.933
180 145 238.781
185 145 234.101
190 145 228.965
195 145 223.45
200 145 217.631
205 145 211.588
210 145 205.395
215 145 199.123
220 145 192.84
225 145 186.606
230 145 180.471
235 145 174.481
240 145 168.672
245 145 163.069
250 145 157.693
255 145 152.553
260 145 147.653
265 145 142.99
270 145 138.553
275 145 134.33
280 145 130.301
285 145 126.447
290 145 122.743
295 145 119.165
300 145 115.69
305 145 112.293
310 145 108.951
315 145 105.641
320 145 102.346
325 145 99.0482
330 145 95.7326
335 145 92.3882
340 145 89.0067
345 145 85.5828
350 145 82.1143
355 145 78.6021
360 145 75.0502
365 145 71.4653
370 145 67.8569
375 145 64.2369
380 145 60.6196
385 145 57.0213
390 145 53.46
395 145 49.9554
400 145 46.5282
405 145 43.2
410 145 39.9931
415 145 36.9299
420 145 34.0327
425 145 31.3234
430 145 28.823
435 145 26.5517
440 145 24.5279
445 145 22.7688
450 145 21.2893
455 145 20.1022
460 145 19.2182
465 145 18.6451
470 145 18.3884
475 145 18.4509
480 145 18.8325
485 145 19.5305
490 145 20.5397
495 145 21.8523
500 145 23.4582
505 145 25.3452
510 145 27.4994
515 145 29.9051
520 145 32.5457
525 145 35.4035
530 145 38.4606
535 145 41.6988
540 145 45.1007
545 145 48.6493
550 145 52.329
555 145 56.1259
560 145 60.0279
565 145 64.0256
570 145 68.1117
575 145 72.2821
580 145 76.5354
585 145 80.8734
590 145 85.3005
595 145 89.8241
600 145 94.454
605 145 99.2018
610 145 104.081
615 145 109.105
620 145 114.288
625 145 119.643
630 145 125.182
635 145 130.914
640 145 136.841
645 145 142.966
650 145 149.281
655 145 155.773
660 145 162.424
665 145 169.205
670 145 176.081
675 145 183.007
680 145 189.933
685 145 196.8
690 145 203.542
695 145 210.09
700 145 216.371
705 145 222.309
710 145 227.829
715 145 232.857
720 145 237.325
725 145 241.17
730 145 244.336
735 145 246.778
740 145 248.463
745 145 249.368
750 145 249.484
755 145 248.816
760 145 247.384
765 145 245.218
770 145 242.361
775 145 238.868
780 145 234.803
785 145 230.239
790 145 225.251
795 145 219.922
800 145 214.335
805 145 208.571
810 145 202.712
815 145 196.833
820 145 191.005
825 145 185.294
830 145 179.754
835 145 174.436
840 145 169.378
845 145 164.612
850 145 160.161
855 145 156.04
860 145 152.256
865 145 148.809
870 145 145.696
875 145 142.904
880 145 140.421
885 145 138.229
890 145 136.309
895 145 134.638

0 150 134.127
5 150 135.724
10 150 137.567
15 150 139.676
20 150 142.074
25 150 144.779
30 150 147.807
35 150 151.172
40 150 154.88
45 150 158.935
50 150 163.333
55 150 168.063
60 150 173.105
65 150 178.434
70 150 184.012
75 150 189.796
80 150 195.733
85 150 201.762
90 150 207.815
95 150 213.818
100 150 219.692
105 150 225.355
110 150 230.725
115 150 235.719
120 150 240.257
125 150 244.266
130 150 247.676
135 150 250.43
140 150 252.479
145 150 253.785
150 150 254.325
155 150 254.087
160 150 253.076
165 150 251.308
170 150 248.811
175 150 245.628
180 150 241.809
185 150 237.417
190 150 232.519
195 150 227.188
200 150 221.502
205 150 215.536
210 150 209.368
215 150 203.071
220 150 196.715
225 150 190.364
230 150 184.074
235 150 177.893
240 150 171.863
245 150 166.016
250 150 160.375
255 150 154.955
260 150 149.764
265 150 144.804
270 150 140.067
275 150 135.543
280 150 131.217
285 150 127.069
290 150 123.079
295 150 119.223
300 150 115.477
305 150 111.819
310 150 108.225
315 150 104.674
320 150 101.146
325 150 97.6258
330 150 94.0974
335 150 90.5498
340 150 86.9745
345 150 83.3663
350 150 79.7231
355 150 76.0459
360 150 72.3389
365 150 68.6091
370 150 64.8664
375 150 61.1231
380 150 57.3941
385 150 53.696
390 150 50.0476
395 150 46.4687
400 150 42.9808
405 150 39.6059
410 150 36.3664
415 150 33.2852
420 150 30.3847
425 150 27.6869
430 150 25.2128
435 150 22.9822
440 150 21.0134
445 150 19.323
450 150 17.9254
455 150 16.8327
460 150 16.0546
465 150 15.5981
470 150 15.4676
475 150 15.6646
480 150 16.1879
485 150 17.0334
490 150 18.1945
495 150 19.662
500 150 21.4242
505 150 23.4677
510 150 25.7768
515 150 28.3346
520 150 31.1228
525 150 34.1223
530 150 37.3138
535 150 40.6778
540 150 44.1953
545 150 47.8481
550 150 51.6193
555 150 55.4938
560 150 59.4583
565 150 63.5022
570 150 67.6173
575 150 71.7985
580 150 76.0436
585 150 80.3538
590 150 84.7331
595 150 89.1886
600 150 93.7301
605 150 98.3698
610 150 103.122
615 150 108.001
620 150 113.023
625 150 118.203
630 150 123.556
635 150 129.092
640 150 134.821
645 150 140.746
650 150 146.865
655 150 153.173
660 150 159.652
665 150 166.282
670 150 173.032
675 150 179.864
680 150 186.731
685 150 193.578
690 150 200.344
695 150 206.964
700 150 213.364
705 150 219.47
710 150 225.208
715 150 230.501
720 150 235.277
725 150 239.471
730 150 243.02
735 150 245.873
740 150 247.99
745 150 249.34
750 150 249.907
755 150 249.687
760 150 248.69
765 150 246.939
770 150 244.471
775 150 241.335
780 150 237.587
785 150 233.295
790 150 228.534
795 150 223.383
800 150 217.924
805 150 212.24
810 150 206.413
815 150 200.522
820 150 194.641
825 150 188.838
830 150 183.176
835 150 177.707
840 150 172.477
845 150 167.522
850 150 162.869
855 150 158.54
860 150 154.544
865 150 150.888
870 150 147.568
875 150 144.579
880 150 141.907
885 150 139.538
890 150 137.453
895 150 135.631

0 155 133.266
5 155 134.725
10 155 136.416
15 155 138.36
20 155 140.579
25 155 143.095
30 155 145.924
35 155 149.082
40 155 152.579
45 155 156.423
50 155 160.612
55 155 165.14
60 155 169.993
65 155 175.15
70 155 180.58
75 155 186.243
80 155 192.092
85 155 198.071
90 155 204.117
95 155 210.158
100 155 216.119
105 155 221.92
110 155 227.479
115 155 232.712
120 155 237.538
125 155 241.879
130 155 245.663
135 155 248.826
140 155 251.312
145 155 253.076
150 155 254.087
155 155 254.326
160 155 253.787
165 155 252.477
170 155 250.419
175 155 247.645
180 155 244.201
185 155 240.141
190 155 235.53
195 155 230.436
200 155 224.934
205 155 219.1
210 155 213.01
215 155 206.741
220 155 200.362
225 155 193.94
230 155 187.537
235 155 181.205
240 155 174.99
245 155 168.928
250 155 163.047
255 155 157.369
260 155 151.905
265 155 146.661
270 155 141.633
275 155 136.815
280 155 132.195
285 155 127.755
290 155 123.478
295 155 119.34
300 155 115.321
305 155 111.397
310 155 107.547
315 155 103.75
320 155 99.9862
325 155 96.2394
330 155 92.4951
335 155 88.742
340 155 84.9716
345 155 81.1789
350 155 77.3618
355 155 73.5217
360 155 69.6629
365 155 65.7927
370 155 61.9214
375 155 58.0616
380 155 54.2287
385 155 50.4396
390 155 46.7136
395 155 43.0711
400 155 39.5336
405 155 36.1236
410 155 32.8638
415 155 29.777
420 155 26.8859
425 155 24.2123
430 155 21.7769
435 155 19.5995
440 155 17.6977
445 155 16.0875
450 155 14.7826
455 155 13.7944
460 155 13.1316
465 155 12.8001
470 155 12.8032
475 155 13.1411
480 155 13.8113
485 155 14.8084
490 155 16.1244
495 155 17.7485
500 155 19.6678
505 155 21.8673
510 155 24.3299
515 155 27.0372
520 155 29.9695
525 155 33.1066
530 155 36.4275
535 155 39.9116
540 155 43.5386
545 155 47.2892
550 155 51.1451
555 155 55.0902
560 155 59.1102
565 155 63.1932
570 155 67.3303
575 155 71.5154
580 155 75.7456
585 155 80.0212
590 155 84.3458
595 155 88.7263
600 155 93.1723
605 155 97.6962
610 155 102.312
615 155 107.037
620 155 111.887
625 155 116.88
630 155 122.031
635 155 127.355
640 155 132.865
645 155 138.567
650 155 144.465
655 155 150.557
660 155 156.832
665 155 163.273
670 155 169.856
675 155 176.549
680 155 183.308
685 155 190.086
690 155 196.825
695 155 203.462
700 155 209.929
705 155 216.152
710 155 222.055
715 155 227.565
720 155 232.606
725 155 237.108
730 155 241.007
735 155 244.245
740 155 246.774
745 155 248.557
750 155 249.57
755 155 249.801
760 155 249.251
765 155 247.936
770 155 245.883
775 155 243.135
780 155 239.742
785 155 235.767
790 155 231.279
795 155 226.356
800 155 221.076
805 155 215.523
810 155 209.779
815 155 203.925
820 155 198.038
825 155 192.189
830 155 186.445
835 155 180.863
840 155 175.494
845 155 170.378
850 155 165.55
855 155 161.033
860 155 156.843
865 155 152.99
870 155 149.476
875 155 146.295
880 155 143.44
885 155 140.896
890 155 138.647
895 155 136.673

0 160 132.458
5 160 133.782
10 160 135.323
15 160 137.102
20 160 139.144
25 160 141.467
30 160 144.093
35 160 147.037
40 160 150.313
45 160 153.931
50 160 157.894
55 160 162.199
60 160 166.837
65 160 171.792
70 160 177.038
75 160 182.541
80 160 188.26
85 160 194.144
90 160 200.132
95 160 206.161
100 160 212.157
105 160 218.042
110 160 223.737
115 160 229.158
120 160 234.223
125 160 238.852
130 160 242.97
135 160 246.507
140 160 249.403
145 160 251.606
150 160 253.076
155 160 253.787
160 160 253.723
165 160 252.885
170 160 251.284
175 160 248.947
180 160 245.911
185 160 242.224
190 160 237.944
195 160 233.135
200 160 227.869
205 160 222.22
210 160 216.262
215 160 210.072
220 160 203.721
225 160 197.279
230 160 190.809
235 160 184.369
240 160 178.007
245 160 171.765
250 160 165.676
255 160 159.765
260 160 154.05
265 160 148.539
270 160 143.235
275 160 138.134
280 160 133.227
285 160 128.5
290 160 123.937
295 160 119.519
300 160 115.226
305 160 111.035
310 160 106.927
315 160 102.88
320 160 98.8778
325 160 94.9025
330 160 90.9406
335 160 86.9809
340 160 83.0153
345 160 79.0389
350 160 75.05
355 160 71.0499
360 160 67.0434
365 160 63.0381
370 160 59.0445
375 160 55.0757
380 160 51.1473
385 160 47.2767
390 160 43.4834
395 160 39.7881
400 160 36.2127
405 160 32.7796
410 160 29.5118
415 160 26.4322
420 160 23.5632
425 160 20.9264
430 160 18.5423
435 160 16.43
440 160 14.6068
445 160 13.0879
450 160 11.8861
455 160 11.0119
460 160 10.473
465 160 10.274
470 160 10.4172
475 160 10.9013
480 160 11.7226
485 160 12.8742
490 160 14.3467
495 160 16.128
500 160 18.2038
505 160 20.5574
510 160 23.1706
515 160 26.0236
520 160 29.0954
525 160 32.3644
530 160 35.8085
535 160 39.406
540 160 43.1352
545 160 46.9759
550 160 50.9089
555 160 54.9168
560 160 58.9844
565 160 63.099
570 160 67.2507
575 160 71.4325
580 160 75.6409
585 160 79.8754
590 160 84.1391
595 160 88.4384
600 160 92.7827
605 160 97.1845
610 160 101.658
615 160 106.221
620 160 110.891
625 160 115.685
630 160 120.624
635 160 125.723
640 160 130.997
645 160 136.458
650 160 142.112
655 160 147.961
660 160 154.002
665 160 160.221
670 160 166.6
675 160 173.112
680 160 179.72
685 160 186.381
690 160 193.042
695 160 199.645
700 160 206.124
705 160 212.41
710 160 218.427
715 160 224.102
720 160 229.36
725 160 234.127
730 160 238.335
735 160 241.923
740 160 244.837
745 160 247.033
750 160 248.48
755 160 249.157
760 160 249.058
765 160 248.189
770 160 246.571
775 160 244.236
780 160 241.231
785 160 237.61
790 160 233.438
795 160 228.788
800 160 223.736
805 160 218.364
810 160 212.754
815 160 206.987
820 160 201.142
825 160 195.294
830 160 189.512
835 160 183.857
840 160 178.386
845 160 173.143
850 160 168.167
855 160 163.488
860 160 159.125
865 160 155.093
870 160 151.397
875 160 148.036
880 160 145.005
885 160 142.291
890 160 139.882
895 160 137.757

0 165 131.705
5 165 132.899
10 165 134.294
15 165 135.913
20 165 137.777
25 165 139.91
30 165 142.33
35 165 145.057
40 165 148.105
45 165 151.487
50 165 155.21
55 165 159.275
60 165 163.677
65 165 168.404
70 165 173.436
75 165 178.744
80 165 184.294
85 165 190.038
90 165 195.923
95 165 201.889
100 165 207.867
105 165 213.784
110 165 219.56
115 165 225.115
120 165 230.368
125 165 235.236
130 165 239.643
135 165 243.514
140 165 246.785
145 165 249.399
150 165 251.308
155 165 252.477
160 165 252.885
165 165 252.521
170 165 251.391
175 165 249.51
180 165 246.908
185 165 243.627
190 165 239.717
195 165 235.238
200 165 230.255
205 165 224.84
210 165 219.066
215 165 213.007
220 165 206.737
225 165 200.325
230 165 193.838
235 165 187.334
240 165 180.868
245 165 174.485
250 165 168.222
255 165 162.11
260 165 156.17
265 165 150.415
270 165 144.852
275 165 139.483
280 165 134.3
285 165 129.295
290 165 124.454
295 165 119.76
300 165 115.194
305 165 110.738
310 165 106.371
315 165 102.075
320 165 97.8333
325 165 93.6291
330 165 89.4494
335 165 85.2836
340 165 81.1239
345 165 76.9658
350 165 72.8078
355 165 68.6517
360 165 64.5025
365 165 60.3681
370 165 56.2593
375 165 52.1896
380 165 48.1747
385 165 44.2325
390 165 40.3825
395 165 36.6458
400 165 33.0442
405 165 29.6004
410 165 26.3372
415 165 23.2774
420 165 20.4431
425 165 17.8555
430 165 15.5349
435 165 13.4995
440 165 11.7661
445 165 10.3488
450 165 9.25977
455 165 8.50823
460 165 8.10073
465 165 8.04092
470 165 8.32944
475 165 8.96397
480 165 9.93923
485 165 11.2471
490 165 12.8765
495 165 14.8143
500 165 17.0444
505 165 19.5491
510 165 22.3087
515 165 25.3022
520 165 28.5074
525 165 31.9015
530 165 35.4614
535 165 39.1641
540 165 42.9873
545 165 46.9096
550 165 50.9109
555 165 54.973
560 165 59.0798
565 165 63.2178
570 165 67.3762
575 165 71.5474
580 165 75.7271
585 165 79.9141
590 165 84.111
595 165 88.3236
600 165 92.561
605 165 96.8355
610 165 101.162
615 165 105.557
620 165 110.04
625 165 114.63
630 165 119.347
635 165 124.21
640 165 129.236
645 165 134.44
650 165 139.832
655 165 145.419
660 165 151.199
665 165 157.168
670 165 163.31
675 165 169.604
680 165 176.02
685 165 182.519
690 165 189.055
695 165 195.574
700 165 202.013
705 165 208.308
710 165 214.386
715 165 220.173
720 165 225.595
725 165 230.578
730 165 235.052
735 165 238.95
740 165 242.215
745 165 244.797
750 165 246.657
755 165 247.767
760 165 248.114
765 165 247.695
770 165 246.522
775 165 244.62
780 165 242.027
785 165 238.791
790 165 234.972
795 165 230.636
800 165 225.858
805 165 220.714
810 165 215.286
815 165 209.656
820 165 203.902
825 165 198.102
830 165 192.327
835 165 186.643
840 165 181.109
845 165 175.775
850 165 170.685
855 165 165.871
860 165 161.36
865 165 157.169
870 165 153.308
875 165 149.781
880 165 146.584
885 165 143.709
890 165 141.144
895 165 138.873

0 170 131.009
5 170 132.079
10 170 133.334
15 170 134.797
20 170 136.489
25 170 138.433
30 170 140.649
35 170 143.157
40 170 145.975
45 170 149.115
50 170 152.589
55 170 156.4
60 170 160.548
65 170 165.026
70 170 169.818
75 170 174.902
80 170 180.246
85 170 185.812
90 170 191.551
95 170 197.407
100 170 203.317
105 170 209.211
110 170 215.016
115 170 220.651
120 170 226.036
125 170 231.091
130 170 235.737
135 170 239.897
140 170 243.503
145 170 246.492
150 170 248.811
155 170 250.419
160 170 251.284
165 170 251.391
170 170 250.733
175 170 249.319
180 170 247.171
185 170 244.322
190 170 240.815
195 170 236.703
200 170 232.046
205 170 226.913
210 170 221.372
215 170 215.496
220 170 209.357
225 170 203.027
230 170 196.571
235 170 190.053
240 170 183.528
245 170 177.046
250 170 170.648
255 170 164.369
260 170 158.234
265 170 152.262
270 170 146.464
275 170 140.845
280 170 135.404
285 170 130.133
290 170 125.023
295 170 120.06
300 170 115.228
305 170 110.51
310 170 105.888
315 170 101.345
320 170 96.8651
325 170 92.4334
330 170 88.0375
335 170 83.6675
340 170 79.3162
345 170 74.9795
350 170 70.6564
355 170 66.3492
360 170 62.0631
365 170 57.8063
370 170 53.5901
375 170 49.4281
380 170 45.3363
385 170 41.3327
390 170 37.437
395 170 33.6703
400 170 30.0546
405 170 26.6123
410 170 23.3662
415 170 20.3386
420 170 17.5513
425 170 15.0252
430 170 12.7797
435 170 10.8324
440 170 9.19909
445 170 7.89318
450 170 6.92556
455 170 6.30439
460 170 6.035
465 170 6.11971
470 170 6.55785
475 170 7.3457
480 170 8.47659
485 170 9.94095
490 170 11.7265
495 170 13.8184
500 170 16.1996
505 170 18.8508
510 170 21.7513
515 170 24.8788
520 170 28.21
525 170 31.7212
530 170 35.3882
535 170 39.1872
540 170 43.095
545 170 47.0893
550 170 51.1494
555 170 55.2562
560 170 59.3931
565 170 63.5457
570 170 67.7027
575 170 71.8557
580 170 75.9997
585 170 80.133
590 170 84.2575
595 170 88.3784
600 170 92.5047
605 170 96.648
610 170 100.823
615 170 105.047
620 170 109.34
625 170 113.72
630 170 118.21
635 170 122.831
640 170 127.6
645 170 132.536
650 170 137.652
655 170 142.958
660 170 148.459
665 170 154.152
670 170 160.029
675 170 166.074
680 170 172.261
685 170 178.558
690 170 184.924
695 170 191.311
700 170 197.661
705 170 203.912
710 170 209.997
715 170 215.843
720 170 221.377
725 170 226.525
730 170 231.215
735 170 235.379
740 170 238.955
745 170 241.889
750 170 244.134
755 170 245.658
760 170 246.437
765 170 246.462
770 170 245.737
775 170 244.278
780 170 242.116
785 170 239.29
790 170 235.854
795 170 231.869
800 170 227.403
805 170 222.532
810 170 217.333
815 170 211.887
820 170 206.272
825 170 200.567
830 170 194.846
835 170 189.177
840 170 183.621
845 170 178.235
850 170 173.064
855 170 168.147
860 170 163.515
865 170 159.19
870 170 155.185
875 170 151.508
880 170 148.159
885 170 145.134
890 170 142.422
895 170 140.01

0 175 130.372
5 175 131.324
10 175 132.445
15 175 133.758
20 175 135.284
25 175 137.045
30 175 139.061
35 175 141.353
40 175 143.939
45 175 146.835
50 175 150.054
55 175 153.603
60 175 157.485
65 175 161.697
70 175 166.228
75 175 171.061
80 175 176.17
85 175 181.522
90 175 187.074
95 175 192.777
100 175 198.571
105 175 204.394
110 175 210.173
115 175 215.834
120 175 221.297
125 175 226.485
130 175 231.316
135 175 235.716
140 175 239.61
145 175 242.933
150 175 245.628
155 175 247.645
160 175 248.947
165 175 249.51
170 175 249.319
175 175 248.376
180 175 246.692
185 175 244.293
190 175 241.213
195 175 237.5
200 175 233.208
205 175 228.397
210 175 223.135
215 175 217.49
220 175 211.533
225 175 205.335
230 175 198.962
235 175 192.478
240 175 185.941
245 175 179.404
250 175 172.913
255 175 166.505
260 175 160.211
265 175 154.053
270 175 148.047
275 175 142.202
280 175 136.521
285 175 131.002
290 175 125.637
295 175 120.416
300 175 115.327
305 175 110.355
310 175 105.484
315 175 100.698
320 175 95.9849
325 175 91.3294
330 175 86.7209
335 175 82.1503
340 175 77.6114
345 175 73.1006
350 175 68.6176
355 175 64.1651
360 175 59.7487
365 175 55.3771
370 175 51.0618
375 175 46.8165
380 175 42.6576
385 175 38.6032
390 175 34.6729
395 175 30.8879
400 175 27.2699
405 175 23.8413
410 175 20.6244
415 175 17.6411
420 175 14.9129
425 175 12.4597
430 175 10.3003
435 175 8.45146
440 175 6.92794
445 175 5.74208
450 175 4.9036
455 175 4.41943
460 175 4.29357
465 175 4.52702
470 175 5.11769
475 175 6.06047
480 175 7.34728
485 175 8.96716
490 175 10.9065
495 175 13.149
500 175 15.6765
505 175 18.4684
510 175 21.5029
515 175 24.7566
520 175 28.2054
525 175 31.8244
530 175 35.5888
535 175 39.4739
540 175 43.4559
545 175 47.5119
550 175 51.6204
555 175 55.7619
560 175 59.9191
565 175 64.0772
570 175 68.2242
575 175 72.3511
580 175 76.4524
585 175 80.5258
590 175 84.5726
595 175 88.5975
600 175 92.6088
605 175 96.618
610 175 100.64
615 175 104.69
620 175 108.79
625 175 112.959
630 175 117.22
635 175 121.593
640 175 126.1
645 175 130.761
650 175 135.592
655 175 140.606
660 175 145.811
665 175 151.21
670 175 156.798
675 175 162.566
680 175 168.493
685 175 174.552
690 175 180.709
695 175 186.92
700 175 193.134
705 175 199.292
710 175 205.331
715 175 211.182
720 175 216.775
725 175 222.035
730 175 226.89
735 175 231.272
740 175 235.115
745 175 238.36
750 175 240.958
755 175 242.867
760 175 244.058
765 175 244.514
770 175 244.232
775 175 243.218
780 175 241.496
785 175 239.097
790 175 236.068
795 175 232.463
800 175 228.345
805 175 223.785
810 175 218.857
815 175 213.64
820 175 208.21
825 175 202.647
830 175 197.025
835 175 191.415
840 175 185.881
845 175 180.482
850 175 175.268
855 175 170.283
860 175 165.56
865 175 161.127
870 175 157.001
875 175 153.194
880 175 149.71
885 175 146.548
890 175 143.699
895 175 141.154

0 180 129.792
5 180 130.634
10 180 131.63
15 180 132.801
20 180 134.167
25 180 135.751
30 180 137.572
35 180 139.653
40 180 142.011
45 180 144.664
50 180 147.626
55 180 150.908
60 180 154.516
65 180 158.45
70 180 162.703
75 180 167.265
80 180 172.114
85 180 177.221
90 180 182.552
95 180 188.061
100 180 193.697
105 180 199.399
110 180 205.103
115 180 210.736
120 180 216.224
125 180 221.488
130 180 226.452
135 180 231.037
140 180 235.169
145 180 238.781
150 180 241.809
155 180 244.201
160 180 245.911
165 180 246.908
170 180 247.171
175 180 246.692
180 180 245.475
185 180 243.535
190 180 240.901
195 180 237.611
200 180 233.713
205 180 229.262
210 180 224.319
215 180 218.95
220 180 213.223
225 180 207.205
230 180 200.964
235 180 194.563
240 180 188.064
245 180 181.519
250 180 174.979
255 180 168.483
260 180 162.067
265 180 155.758
270 180 149.575
275 180 143.532
280 180 137.637
285 180 131.89
290 180 126.288
295 180 120.825
300 180 115.492
305 180 110.276
310 180 105.165
315 180 100.145
320 180 95.2043
325 180 90.3312
330 180 85.5157
335 180 80.7501
340 180 76.0291
345 180 71.3501
350 180 66.7135
355 180 62.1226
360 180 57.5834
365 180 53.1052
370 180 48.6995
375 180 44.3805
380 180 40.1646
385 180 36.0699
390 180 32.1162
395 180 28.3243
400 180 24.7157
405 180 21.3125
410 180 18.1366
415 180 15.2093
420 180 12.5513
425 180 10.1819
430 180 8.11879
435 180 6.37787
440 180 4.97273
445 180 3.91453
450 180 3.21174
455 180 2.86995
460 180 2.8918
465 180 3.27685
470 180 4.02163
475 180 5.11957
480 180 6.5612
485 180 8.33418
490 180 10.4235
495 180 12.8118
500 180 15.4795
505 180 18.405
510 180 21.5654
515 180 24.9364
520 180 28.4929
525 180 32.2095
530 180 36.0605
535 180 40.0208
540 180 44.0658
545 180 48.1722
550 180 52.3182
555 180 56.4837
560 180 60.651
565 180 64.8049
570 180 68.933
575 180 73.0258
580 180 77.0773
585 180 81.0846
590 180 85.0486
595 180 88.9735
600 180 92.867
605 180 96.74
610 180 100.607
615 180 104.484
620 180 108.39
625 180 112.348
630 180 116.378
635 180 120.503
640 180 124.747
645 180 129.129
650 180 133.669
655 180 138.382
660 180 143.281
665 180 148.371
670 180 153.653
675 180 159.122
680 180 164.762
685 180 170.554
690 180 176.467
695 180 182.463
700 180 188.497
705 180 194.516
710 180 200.46
715 180 206.265
720 180 211.863
725 180 217.182
730 180 222.151
735 180 226.699
740 180 230.761
745 180 234.273
750 180 237.183
755 180 239.444
760 180 241.02
765 180 241.887
770 180 242.033
775 180 241.459
780 180 240.179
785 180 238.217
790 180 235.61
795 180 232.408
800 180 228.667
805 180 224.451
810 180 219.832
815 180 214.884
820 180 209.683
825 180 204.306
830 180 198.828
835 180 193.321
840 180 187.851
845 180 182.48
850 180 177.262
855 180 172.244
860 180 167.463
865 180 162.951
870 180 158.73
875 180 154.815
880 180 151.215
885 180 147.932
890 180 144.961
895 180 142.293

0 185 129.27
5 185 130.009
10 185 130.887
15 185 131.924
20 185 133.14
25 185 134.555
30 185 136.19
35 185 138.065
40 185 140.201
45 185 142.614
50 185 145.322
55 185 148.336
60 185 151.665
65 185 155.314
70 185 159.279
75 185 163.553
80 185 168.121
85 185 172.96
90 185 178.039
95 185 183.32
100 185 188.757
105 185 194.296
110 185 199.876
115 185 205.431
120 185 210.889
125 185 216.176
130 185 221.216
135 185 225.933
140 185 230.251
145 185 234.101
150 185 237.417
155 185 240.141
160 185 242.224
165 185 243.627
170 185 244.322
175 185 244.293
180 185 243.535
185 185 242.057
190 185 239.878
195 185 237.028
200 185 233.548
205 185 229.487
210 185 224.899
215 185 219.845
220 185 214.39
225 185 208.599
230 185 202.537
235 185 196.269
240 185 189.855
245 185 183.35
250 185 176.806
255 185 170.267
260 185 163.771
265 185 157.348
270 185 151.024
275 185 144.815
280 185 138.732
285 185 132.782
290 185 126.966
295 185 121.281
300 185 115.72
305 185 110.275
310 185 104.936
315 185 99.6923
320 185 94.5343
325 185 89.4521
330 185 84.4377
335 185 79.4846
340 185 74.5889
345 185 69.7491
350 185 64.9665
355 185 60.245
360 185 55.5914
365 185 51.0153
370 185 46.5286
375 185 42.1456
380 185 37.883
385 185 33.7587
390 185 29.7924
395 185 26.0048
400 185 22.417
405 185 19.0505
410 185 15.9267
415 185 13.0662
420 185 10.4889
425 185 8.21303
430 185 6.25543
435 185 4.63075
440 185 3.35141
445 185 2.42726
450 185 1.86541
455 185 1.67005
460 185 1.84238
465 185 2.38052
470 185 3.27953
475 185 4.53144
480 185 6.12536
485 185 8.0476
490 185 10.2819
495 185 12.8097
500 185 15.6101
505 185 18.6608
510 185 21.9378
515 185 25.416
520 185 29.0696
525 185 32.8725
530 185 36.7985
535 185 40.822
540 185 44.9181
545 185 49.0631
550 185 53.2349
555 185 57.4132
560 185 61.58
565 185 65.7197
570 185 69.8197
575 185 73.8703
580 185 77.8648
585 185 81.8001
590 185 85.6765
595 185 89.4977
600 185 93.2708
605 185 97.0063
610 185 100.718
615 185 104.421
620 185 108.136
625 185 111.884
630 185 115.685
635 185 119.565
640 185 123.545
645 185 127.648
650 185 131.895
655 185 136.304
660 185 140.89
665 185 145.662
670 185 150.626
675 185 155.779
680 185 161.112
685 185 166.611
690 185 172.25
695 185 177.997
700 185 183.813
705 185 189.65
710 185 195.454
715 185 201.165
720 185 206.717
725 185 212.043
730 185 217.072
735 185 221.735
740 185 225.965
745 185 229.697
750 185 232.875
755 185 235.448
760 185 237.376
765 185 238.626
770 185 239.181
775 185 239.033
780 185 238.188
785 185 236.664
790 185 234.489
795 185 231.705
800 185 228.362
805 185 224.518
810 185 220.24
815 185 215.596
820 185 210.663
825 185 205.513
830 185 200.221
835 185 194.86
840 185 189.497
845 185 184.196
850 185 179.013
855 185 173.998
860 185 169.193
865 185 164.633
870 185 160.345
875 185 156.348
880 185 152.654
885 185 149.267
890 185 146.189
895 185 143.412

0 190 128.801
5 190 129.446
10 190 130.215
15 190 131.128
20 190 132.202
25 190 133.458
30 190 134.915
35 190 136.594
40 190 138.515
45 190 140.696
50 190 143.154
55 190 145.902
60 190 148.953
65 190 152.313
70 190 155.983
75 190 159.959
80 190 164.23
85 190 168.78
90 190 173.584
95 190 178.607
100 190 183.811
105 190 189.147
110 190 194.56
115 190 199.989
120 190 205.368
125 190 210.625
130 190 215.687
135 190 220.48
140 190 224.93
145 190 228.965
150 190 232.519
155 190 235.53
160 190 237.944
165 190 239.717
170 190 240.815
175 190 241.213
180 190 240.901
185 190 239.878
190 190 238.154
195 190 235.754
200 190 232.708
205 190 229.059
210 190 224.855
215 190 220.151
220 190 215.007
225 190 209.485
230 190 203.648
235 190 197.559
240 190 191.277
245 190 184.86
250 190 178.359
255 190 171.822
260 190 165.289
265 190 158.794
270 190 152.366
275 190 146.026
280 190 139.789
285 190 133.666
290 190 127.661
295 190 121.776
300 190 116.007
305 190 110.351
310 190 104.801
315 190 99.3478
320 190 93.985
325 190 88.7052
330 190 83.502
335 190 78.3712
340 190 73.3101
345 190 68.3186
350 190 63.3988
355 190 58.5558
360 190 53.797
365 190 49.1323
370 190 44.5742
375 190 40.1374
380 190 35.8382
385 190 31.6949
390 190 27.7267
395 190 23.9541
400 190 20.3977
405 190 17.0786
410 190 14.0172
415 190 11.2334
420 190 8.74609
425 190 6.57259
430 190 4.72844
435 190 3.22711
440 190 2.07965
445 190 1.29455
450 190 0.877465
455 190 0.831128
460 190 1.15525
465 190 1.84647
470 190 2.89838
475 190 4.30159
480 190 6.04382
485 190 8.11011
490 190 10.4829
495 190 13.1426
500 190 16.0673
505 190 19.2336
510 190 22.6167
515 190 26.191
520 190 29.9299
525 190 33.8069
530 190 37.7955
535 190 41.8697
540 190 46.0043
545 190 50.1755
550 190 54.361
555 190 58.5405
560 190 62.6958
565 190 66.8112
570 190 70.8739
575 190 74.8738
580 190 78.8043
585 190 82.6616
590 190 86.4458
595 190 90.16
600 190 93.8107
605 190 97.4079
610 190 100.965
615 190 104.497
620 190 108.022
625 190 111.563
630 190 115.14
635 190 118.776
640 190 122.497
645 190 126.324
650 190 130.28
655 190 134.386
660 190 138.657
665 190 143.106
670 190 147.743
675 190 152.569
680 190 157.58
685 190 162.766
690 190 168.107
695 190 173.577
700 190 179.142
705 190 184.761
710 190 190.383
715 190 195.953
720 190 201.412
725 190 206.694
730 190 211.732
735 190 216.459
740 190 220.805
745 190 224.708
750 190 228.108
755 190 230.95
760 190 233.189
765 190 234.79
770 190 235.726
775 190 235.984
780 190 235.561
785 190 234.468
790 190 232.726
795 190 230.367
800 190 227.436
805 190 223.985
810 190 220.072
815 190 215.765
820 190 211.132
825 190 206.247
830 190 201.181
835 190 196.006
840 190 190.79
845 190 185.598
850 190 180.489
855 190 175.515
860 190 170.722
865 190 166.147
870 190 161.822
875 190 157.768
880 190 154.003
885 190 150.534
890 190 147.366
895 190 144.494

0 195 128.385
5 195 128.943
10 195 129.613
15 195 130.41
20 195 131.352
25 195 132.459
30 195 133.749
35 195 135.242
40 195 136.957
45 195 138.914
50 195 141.13
55 195 143.619
60 195 146.395
65 195 149.467
70 195 152.839
75 195 156.511
80 195 160.476
85 195 164.723
90 195 169.231
95 195 173.972
100 195 178.914
105 195 184.013
110 195 189.22
115 195 194.481
120 195 199.732
125 195 204.909
130 195 209.941
135 195 214.756
140 195 219.283
145 195 223.45
150 195 227.188
155 195 230.436
160 195 233.135
165 195 235.238
170 195 236.703
175 195 237.5
180 195 237.611
185 195 237.028
190 195 235.754
195 195 233.803
200 195 231.199
205 195 227.977
210 195 224.179
215 195 219.853
220 195 215.054
225 195 209.839
230 195 204.268
235 195 198.402
240 195 192.299
245 195 186.015
250 195 179.605
255 195 173.115
260 195 166.59
265 195 160.066
270 195 153.575
275 195 147.142
280 195 140.787
285 195 134.523
290 195 128.359
295 195 122.301
300 195 116.35
305 195 110.505
310 195 104.762
315 195 99.1174
320 195 93.5656
325 195 88.1022
330 195 82.7235
335 195 77.4268
340 195 72.2116
345 195 67.0789
350 195 62.0324
355 195 57.078
360 195 52.2239
365 195 47.4807
370 195 42.8614
375 195 38.3807
380 195 34.0553
385 195 29.9031
390 195 25.9433
395 195 22.1959
400 195 18.6809
405 195 15.4187
410 195 12.429
415 195 9.73079
420 195 7.34173
425 195 5.27802
430 195 3.55394
435 195 2.18161
440 195 1.17066
445 195 0.528095
450 195 0.258075
455 195 0.361808
460 195 0.837481
465 195 1.68023
470 195 2.88219
475 195 4.43255
480 195 6.3177
485 195 8.5214
490 195 11.025
495 195 13.8077
500 195 16.8468
505 195 20.118
510 195 23.5959
515 195 27.2542
520 195 31.0659
525 195 35.0042
530 195 39.0422
535 195 43.1539
540 195 47.314
545 195 51.4986
550 195 55.6855
555 195 59.8543
560 195 63.9869
565 195 68.0676
570 195 72.0836
575 195 76.0246
580 195 79.8839
585 195 83.6575
590 195 87.3449
595 195 90.949
600 195 94.4757
605 195 97.9345
610 195 101.338
615 195 104.7
620 195 108.041
625 195 111.379
630 195 114.736
635 195 118.136
640 195 121.603
645 195 125.159
650 195 128.829
655 195 132.634
660 195 136.592
665 195 140.719
670 195 145.026
675 195 149.519
680 195 154.198
685 195 159.057
690 195 164.082
695 195 169.253
700 195 174.539
705 195 179.906
710 195 185.31
715 195 190.701
720 195 196.022
725 195 201.214
730 195 206.212
735 195 210.95
740 195 215.363
745 195 219.385
750 195 222.957
755 195 226.022
760 195 228.531
765 195 230.443
770 195 231.728
775 195 232.364
780 195 232.344
785 195 231.668
790 195 230.351
795 195 228.419
800 195 225.907
805 195 222.861
810 195 219.334
815 195 215.386
820 195 211.084
825 195 206.495
830 195 201.689
835 195 196.738
840 195 191.707
845 195 186.663
850 195 181.666
855 195 176.77
860 195 172.023
865 195 167.466
870 195 163.134
875 195 159.053
880 195 155.242
885 195 151.713
890 195 148.474
895 195 145.524

0 200 128.016
5 200 128.497
10 200 129.075
15 200 129.766
20 200 130.588
25 200 131.556
30 200 132.69
35 200 134.008
40 200 135.529
45 200 137.273
50 200 139.255
55 200 141.494
60 200 144.001
65 200 146.79
70 200 149.866
75 200 153.232
80 200 156.886
85 200 160.82
90 200 165.018
95 200 169.459
100 200 174.115
105 200 178.948
110 200 183.916
115 200 188.969
120 200 194.051
125 200 199.101
130 200 204.053
135 200 208.838
140 200 213.387
145 200 217.631
150 200 221.502
155 200 224.934
160 200 227.869
165 200 230.255
170 200 232.046
175 200 233.208
180 200 233.713
185 200 233.548
190 200 232.708
195 200 231.199
200 200 229.038
205 200 226.252
210 200 222.874
215 200 218.947
220 200 214.52
225 200 209.644
230 200 204.376
235 200 198.773
240 200 192.891
245 200 186.787
250 200 180.513
255 200 174.117
260 200 167.646
265 200 161.137
270 200 154.627
275 200 148.142
280 200 141.706
285 200 135.337
290 200 129.048
295 200 122.849
300 200 116.743
305 200 110.734
310 200 104.822
315 200 99.0059
320 200 93.284
325 200 87.6542
330 200 82.1155
335 200 76.6674
340 200 71.3113
345 200 66.05
350 200 60.8885
355 200 55.834
360 200 50.8955
365 200 46.0846
370 200 41.4144
375 200 36.9001
380 200 32.5585
385 200 28.4073
390 200 24.4656
395 200 20.7527
400 200 17.2882
405 200 14.0917
410 200 11.1818
415 200 8.57662
420 200 6.29261
425 200 4.3447
430 200 2.74579
435 200 1.50654
440 200 0.635115
445 200 0.136955
450 200 0.014664
455 200 0.267887
460 200 0.893263
465 200 1.88442
470 200 3.23204
475 200 4.92391
480 200 6.94514
485 200 9.27829
490 200 11.9036
495 200 14.7993
500 200 17.9419
505 200 21.3064
510 200 24.8667
515 200 28.5961
520 200 32.4674
525 200 36.4535
530 200 40.5273
535 200 44.6629
540 200 48.8351
545 200 53.02
550 200 57.1957
555 200 61.3418
560 200 65.4405
565 200 69.4762
570 200 73.436
575 200 77.31
580 200 81.091
585 200 84.7752
590 200 88.3616
595 200 91.8528
600 200 95.2543
605 200 98.5747
610 200 101.826
615 200 105.023
620 200 108.182
625 200 111.323
630 200 114.467
635 200 117.638
640 200 120.858
645 200 124.152
650 200 127.544
655 200 131.055
660 200 134.705
665 200 138.513
670 200 142.491
675 200 146.65
680 200 150.992
685 200 155.516
690 200 160.212
695 200 165.066
700 200 170.053
705 200 175.143
710 200 180.297
715 200 185.472
720 200 190.617
725 200 195.675
730 200 200.586
735 200 205.288
740 200 209.717
745 200 213.81
750 200 217.504
755 200 220.744
760 200 223.477
765 200 225.659
770 200 227.255
775 200 228.237
780 200 228.592
785 200 228.313
790 200 227.408
795 200 225.895
800 200 223.802
805 200 221.167
810 200 218.037
815 200 214.468
820 200 210.518
825 200 206.252
830 200 201.738
835 200 197.042
840 200 192.232
845 200 187.372
850 200 182.522
855 200 177.74
860 200 173.074
865 200 168.568
870 200 164.261
875 200 160.18
880 200 156.35
885 200 152.785
890 200 149.496
895 200 146.487

0 205 127.693
5 205 128.103
10 205 128.599
15 205 129.194
20 205 129.904
25 205 130.745
30 205 131.735
35 205 132.89
40 205 134.229
45 205 135.771
50 205 137.532
55 205 139.53
60 205 141.779
65 205 144.291
70 205 147.076
75 205 150.139
80 205 153.481
85 205 157.097
90 205 160.977
95 205 165.105
100 205 169.456
105 205 174.001
110 205 178.701
115 205 183.514
120 205 188.388
125 205 193.268
130 205 198.093
135 205 202.8
140 205 207.32
145 205 211.588
150 205 215.536
155 205 219.1
160 205 222.22
165 205 224.84
170 205 226.913
175 205 228.397
180 205 229.262
185 205 229.487
190 205 229.059
195 205 227.977
200 205 226.252
205 205 223.9
210 205 220.95
215 205 217.436
220 205 213.401
225 205 208.892
230 205 203.958
235 205 198.654
240 205 193.034
245 205 187.151
250 205 181.057
255 205 174.801
260 205 168.429
265 205 161.981
270 205 155.495
275 205 149.001
280 205 142.526
285 205 136.092
290 205 129.714
295 205 123.407
300 205 117.178
305 205 111.034
310 205 104.98
315 205 99.0168
320 205 93.1468
325 205 87.3709
330 205 81.6905
335 205 76.1079
340 205 70.6263
345 205 65.2507
350 205 59.9876
355 205 54.8454
360 205 49.8344
365 205 44.9668
370 205 40.2565
375 205 35.719
380 205 31.3709
385 205 27.2303
390 205 23.3156
395 205 19.6458
400 205 16.2399
405 205 13.1164
410 205 10.2933
415 205 7.7872
420 205 5.61354
425 205 3.78582
430 205 2.31551
435 205 1.21175
440 205 0.481139
445 205 0.127524
450 205 0.151908
455 205 0.552346
460 205 1.32392
465 205 2.45875
470 205 3.94608
475 205 5.77237
480 205 7.92145
485 205 10.3747
490 205 13.1115
495 205 16.1091
500 205 19.3433
505 205 22.7884
510 205 26.4181
515 205 30.2051
520 205 34.1221
525 205 38.1419
530 205 42.2377
535 205 46.3833
540 205 50.5539
545 205 54.726
550 205 58.8777
555 205 62.9892
560 205 67.0427
565 205 71.0231
570 205 74.9176
575 205 78.7164
580 205 82.4124
585 205 86.0016
590 205 89.483
595 205 92.8587
600 205 96.1339
605 205 99.3167
610 205 102.418
615 205 105.452
620 205 108.435
625 205 111.386
630 205 114.325
635 205 117.275
640 205 120.258
645 205 123.299
650 205 126.422
655 205 129.648
660 205 132.999
665 205 136.495
670 205 140.15
675 205 143.977
680 205 147.983
685 205 152.168
690 205 156.529
695 205 161.054
700 205 165.725
705 205 170.517
710 205 175.398
715 205 180.328
720 205 185.261
725 205 190.147
730 205 194.93
735 205 199.552
740 205 203.95
745 205 208.063
750 205 211.831
755 205 215.197
760 205 218.107
765 205 220.515
770 205 222.38
775 205 223.672
780 205 224.369
785 205 224.461
790 205 223.948
795 205 222.84
800 205 221.158
805 205 218.933
810 205 216.207
815 205 213.026
820 205 209.445
825 205 205.524
830 205 201.325
835 205 196.914
840 205 192.355
845 205 187.711
850 205 183.043
855 205 178.407
860 205 173.856
865 205 169.434
870 205 165.182
875 205 161.131
880 205 157.308
885 205 153.732
890 205 150.416
895 205 147.366

0 210 127.41
5 210 127.757
10 210 128.179
15 210 128.688
20 210 129.297
25 210 130.022
30 210 130.878
35 210 131.883
40 210 133.053
45 210 134.406
50 210 135.959
55 210 137.728
60 210 139.73
65 210 141.976
70 210 144.478
75 210 147.244
80 210 150.277
85 210 153.576
90 210 157.134
95 210 160.939
100 210 164.973
105 210 169.212
110 210 173.622
115 210 178.166
120 210 182.8
125 210 187.473
130 210 192.13
135 210 196.711
140 210 201.154
145 210 205.395
150 210 209.368
155 210 213.01
160 210 216.262
165 210 219.066
170 210 221.372
175 210 223.135
180 210 224.319
185 210 224.899
190 210 224.855
195 210 224.179
200 210 222.874
205 210 220.95
210 210 218.427
215 210 215.334
220 210 211.705
225 210 207.581
230 210 203.008
235 210 198.035
240 210 192.711
245 210 187.088
250 210 181.216
255 210 175.143
260 210 168.915
265 210 162.573
270 210 156.157
275 210 149.699
280 210 143.228
285 210 136.769
290 210 130.342
295 210 123.964
300 210 117.647
305 210 111.401
310 210 105.234
315 210 99.1519
320 210 93.1592
325 210 87.2603
330 210 81.4595
335 210 75.7616
340 210 70.1724
345 210 64.6987
350 210 59.3488
355 210 54.1328
360 210 49.062
365 210 44.1496
370 210 39.4102
375 210 34.8596
380 210 30.5148
385 210 26.3935
390 210 22.5142
395 210 18.8951
400 210 15.5546
405 210 12.5104
410 210 9.77926
415 210 7.37687
420 210 5.31719
425 210 3.61234
430 210 2.27229
435 210 1.30462
440 210 0.714295
445 210 0.503558
450 210 0.671778
455 210 1.21541
460 210 2.12799
465 210 3.40014
470 210 5.0197
475 210 6.97182
480 210 9.23917
485 210 11.8021
490 210 14.6389
495 210 17.7263
500 210 21.0392
505 210 24.5516
510 210 28.2368
515 210 32.0673
520 210 36.0158
525 210 40.0551
530 210 44.1584
535 210 48.3001
540 210 52.4555
545 210 56.6015
550 210 60.7167
555 210 64.7816
560 210 68.779
565 210 72.6939
570 210 76.5141
575 210 80.2298
580 210 83.8342
585 210 87.3232
590 210 90.6958
595 210 93.9538
600 210 97.1019
605 210 100.148
610 210 103.102
615 210 105.978
620 210 108.79
625 210 111.558
630 210 114.3
635 210 117.038
640 210 119.795
645 210 122.594
650 210 125.459
655 210 128.412
660 210 131.475
665 210 134.669
670 210 138.01
675 210 141.512
680 210 145.185
685 210 149.033
690 210 153.056
695 210 157.248
700 210 161.593
705 210 166.073
710 210 170.66
715 210 175.32
720 210 180.014
725 210 184.695
730 210 189.313
735 210 193.812
740 210 198.136
745 210 202.224
750 210 206.019
755 210 209.463
760 210 212.503
765 210 215.09
770 210 217.181
775 210 218.742
780 210 219.746
785 210 220.178
790 210 220.03
795 210 219.306
800 210 218.022
805 210 216.2
810 210 213.874
815 210 211.086
820 210 207.884
825 210 204.322
830 210 200.459
835 210 196.355
840 210 192.073
845 210 187.674
850 210 183.218
855 210 178.761
860 210 174.355
865 210 170.048
870 210 165.881
875 210 161.889
880 210 158.101
885 210 154.538
890 210 151.218
895 210 148.148

0 215 127.165
5 215 127.456
10 215 127.811
15 215 128.242
20 215 128.76
25 215 129.38
30 215 130.115
35 215 130.982
40 215 131.995
45 215 133.173
50 215 134.531
55 215 136.086
60 215 137.853
65 215 139.846
70 215 142.076
75 215 144.554
80 215 147.284
85 215 150.269
90 215 153.506
95 215 156.986
100 215 160.695
105 215 164.615
110 215 168.718
115 215 172.972
120 215 177.338
125 215 181.772
130 215 186.224
135 215 190.639
140 215 194.959
145 215 199.123
150 215 203.071
155 215 206.741
160 215 210.072
165 215 213.007
170 215 215.496
175 215 217.49
180 215 218.95
185 215 219.845
190 215 220.151
195 215 219.853
200 215 218.947
205 215 217.436
210 215 215.334
215 215 212.661
220 215 209.445
225 215 205.72
230 215 201.528
235 215 196.91
240 215 191.913
245 215 186.585
250 215 180.973
255 215 175.125
260 215 169.084
265 215 162.893
270 215 156.592
275 215 150.214
280 215 143.791
285 215 137.352
290 215 130.917
295 215 124.508
300 215 118.141
305 215 111.828
310 215 105.582
315 215 99.4115
320 215 93.3245
325 215 87.3288
330 215 81.4316
335 215 75.6404
340 215 69.9635
345 215 64.4099
350 215 58.9899
355 215 53.7151
360 215 48.5982
365 215 43.6535
370 215 38.8963
375 215 34.3429
380 215 30.0106
385 215 25.9172
390 215 22.0805
395 215 18.5187
400 215 15.2493
405 215 12.2891
410 215 9.65386
415 215 7.358
420 215 5.41417
425 215 3.83302
430 215 2.62301
435 215 1.79011
440 215 1.33766
445 215 1.26625
450 215 1.57364
455 215 2.25467
460 215 3.30134
465 215 4.70283
470 215 6.44561
475 215 8.51359
480 215 10.8883
485 215 13.5492
490 215 16.4736
495 215 19.6376
500 215 23.0156
505 215 26.5813
510 215 30.3076
515 215 34.1672
520 215 38.1325
525 215 42.1767
530 215 46.2734
535 215 50.3971
540 215 54.5237
545 215 58.6306
550 215 62.6969
555 215 66.7036
560 215 70.634
565 215 74.4738
570 215 78.2109
575 215 81.836
580 215 85.3425
585 215 88.7264
590 215 91.9867
595 215 95.1248
600 215 98.1454
605 215 101.056
610 215 103.865
615 215 106.587
620 215 109.234
625 215 111.826
630 215 114.38
635 215 116.917
640 215 119.459
645 215 122.029
650 215 124.648
655 215 127.342
660 215 130.13
665 215 133.034
670 215 136.072
675 215 139.259
680 215 142.608
685 215 146.125
690 215 149.813
695 215 153.67
700 215 157.685
705 215 161.843
710 215 166.124
715 215 170.497
720 215 174.928
725 215 179.377
730 215 183.797
735 215 188.138
740 215 192.348
745 215 196.369
750 215 200.145
755 215 203.622
760 215 206.745
765 215 209.465
770 215 211.737
775 215 213.525
780 215 214.797
785 215 215.532
790 215 215.719
795 215 215.355
800 215 214.447
805 215 213.014
810 215 211.081
815 215 208.683
820 215 205.863
825 215 202.669
830 215 199.155
835 215 195.376
840 215 191.392
845 215 187.262
850 215 183.044
855 215 178.793
860 215 174.562
865 215 170.399
870 215 166.346
875 215 162.441
880 215 158.713
885 215 155.189
890 215 151.887
895 215 148.82

0 220 126.952
5 220 127.194
10 220 127.49
15 220 127.851
20 220 128.288
25 220 128.813
30 220 129.438
35 220 130.179
40 220 131.05
45 220 132.066
50 220 133.244
55 220 134.598
60 220 136.145
65 220 137.898
70 220 139.869
75 220 142.07
80 220 144.507
85 220 147.186
90 220 150.105
95 220 153.26
100 220 156.643
105 220 160.236
110 220 164.02
115 220 167.967
120 220 172.044
125 220 176.212
130 220 180.427
135 220 184.639
140 220 188.796
145 220 192.84
150 220 196.715
155 220 200.362
160 220 203.721
165 220 206.737
170 220 209.357
175 220 211.533
180 220 213.223
185 220 214.39
190 220 215.007
195 220 215.054
200 220 214.52
205 220 213.401
210 220 211.705
215 220 209.445
220 220 206.641
225 220 203.324
230 220 199.524
235 220 195.282
240 220 190.638
245 220 185.635
250 220 180.318
255 220 174.732
260 220 168.919
265 220 162.923
270 220 156.78
275 220 150.528
280 220 144.199
285 220 137.823
290 220 131.424
295 220 125.027
300 220 118.649
305 220 112.309
310 220 106.019
315 220 99.7942
320 220 93.6445
325 220 87.5811
330 220 81.6142
335 220 75.7541
340 220 70.0118
345 220 64.3986
350 220 58.9267
355 220 53.6095
360 220 48.4613
365 220 43.4975
370 220 38.7341
375 220 34.1883
380 220 29.8775
385 220 25.8196
390 220 22.0323
395 220 18.5332
400 220 15.3392
405 220 12.4663
410 220 9.92913
415 220 7.74091
420 220 5.91293
425 220 4.45443
430 220 3.37228
435 220 2.67087
440 220 2.35192
445 220 2.41438
450 220 2.85438
455 220 3.66521
460 220 4.83737
465 220 6.35861
470 220 8.21411
475 220 10.3866
480 220 12.8565
485 220 15.6025
490 220 18.6011
495 220 21.8278
500 220 25.2567
505 220 28.861
510 220 32.6137
515 220 36.4875
520 220 40.455
525 220 44.4895
530 220 48.5652
535 220 52.6571
540 220 56.7415
545 220 60.7965
550 220 64.8018
555 220 68.7391
560 220 72.5922
565 220 76.3474
570 220 79.9932
575 220 83.5206
580 220 86.9233
585 220 90.1975
590 220 93.3422
595 220 96.3588
600 220 99.2516
605 220 102.027
610 220 104.695
615 220 107.267
620 220 109.756
625 220 112.18
630 220 114.555
635 220 116.901
640 220 119.24
645 220 121.593
650 220 123.982
655 220 126.429
660 220 128.957
665 220 131.586
670 220 134.335
675 220 137.221
680 220 140.257
685 220 143.452
690 220 146.812
695 220 150.337
700 220 154.022
705 220 157.856
710 220 161.822
715 220 165.895
720 220 170.047
725 220 174.241
730 220 178.438
735 220 182.591
740 220 186.651
745 220 190.567
750 220 194.284
755 220 197.749
760 220 200.911
765 220 203.719
770 220 206.128
775 220 208.098
780 220 209.596
785 220 210.598
790 220 211.085
795 220 211.05
800 220 210.494
805 220 209.43
810 220 207.875
815 220 205.859
820 220 203.418
825 220 200.595
830 220 197.436
835 220 193.995
840 220 190.325
845 220 186.483
850 220 182.525
855 220 178.505
860 220 174.474
865 220 170.481
870 220 166.568
875 220 162.776
880 220 159.135
885 220 155.674
890 220 152.413
895 220 149.368

0 225 126.768
5 225 126.966
10 225 127.211
15 225 127.51
20 225 127.874
25 225 128.314
30 225 128.841
35 225 129.467
40 225 130.208
45 225 131.076
50 225 132.088
55 225 133.257
60 225 134.598
65 225 136.126
70 225 137.853
75 225 139.79
80 225 141.947
85 225 144.328
90 225 146.938
95 225 149.774
100 225 152.83
105 225 156.095
110 225 159.553
115 225 163.181
120 225 166.953
125 225 170.834
130 225 174.785
135 225 178.763
140 225 182.721
145 225 186.606
150 225 190.364
155 225 193.94
160 225 197.279
165 225 200.325
170 225 203.027
175 225 205.335
180 225 207.205
185 225 208.599
190 225 209.485
195 225 209.839
200 225 209.644
205 225 208.892
210 225 207.581
215 225 205.72
220 225 203.324
225 225 200.412
230 225 197.014
235 225 193.16
240 225 188.888
245 225 184.236
250 225 179.244
255 225 173.955
260 225 168.409
265 225 162.646
270 225 156.706
275 225 150.624
280 225 144.434
285 225 138.166
290 225 131.849
295 225 125.507
300 225 119.162
305 225 112.833
310 225 106.54
315 225 100.297
320 225 94.1187
325 225 88.0195
330 225 82.0123
335 225 76.1105
340 225 70.3273
345 225 64.6767
350 225 59.1729
355 225 53.8312
360 225 48.6675
365 225 43.6984
370 225 38.941
375 225 34.4131
380 225 30.1326
385 225 26.1174
390 225 22.3852
395 225 18.9532
400 225 15.8377
405 225 13.0538
410 225 10.6152
415 225 8.53391
420 225 6.81991
425 225 5.481
430 225 4.52255
435 225 3.94736
440 225 3.75554
445 225 3.94446
450 225 4.50865
455 225 5.43989
460 225 6.72721
465 225 8.35704
470 225 10.3133
475 225 12.5776
480 225 15.1295
485 225 17.9467
490 225 21.0052
495 225 24.2799
500 225 27.7447
505 225 31.3727
510 225 35.1368
515 225 39.0097
520 225 42.9645
525 225 46.975
530 225 51.0156
535 225 55.0619
540 225 59.0912
545 225 63.0819
550 225 67.0146
555 225 70.8717
560 225 74.6377
565 225 78.2995
570 225 81.8461
575 225 85.2691
580 225 88.5626
585 225 91.7229
590 225 94.7492
595 225 97.6428
600 225 100.408
605 225 103.051
610 225 105.58
615 225 108.006
620 225 110.344
625 225 112.606
630 225 114.812
635 225 116.979
640 225 119.126
645 225 121.275
650 225 123.448
655 225 125.665
660 225 127.949
665 225 130.319
670 225 132.795
675 225 135.394
680 225 138.131
685 225 141.017
690 225 144.059
695 225 147.261
700 225 150.621
705 225 154.132
710 225 157.78
715 225 161.547
720 225 165.407
725 225 169.332
730 225 173.284
735 225 177.223
740 225 181.105
745 225 184.881
750 225 188.502
755 225 191.917
760 225 195.075
765 225 197.927
770 225 200.429
775 225 202.539
780 225 204.222
785 225 205.449
790 225 206.199
795 225 206.46
800 225 206.227
805 225 205.506
810 225 204.311
815 225 202.663
820 225 200.592
825 225 198.135
830 225 195.333
835 225 192.235
840 225 188.89
845 225 185.351
850 225 181.67
855 225 177.9
860 225 174.092
865 225 170.292
870 225 166.544
875 225 162.888
880 225 159.358
885 225 155.983
890 225 152.786
895 225 149.785

0 230 126.609
5 230 126.769
10 230 126.968
15 230 127.213
20 230 127.512
25 230 127.876
30 230 128.314
35 230 128.838
40 230 129.461
45 230 130.195
50 230 131.054
55 230 132.052
60 230 133.204
65 230 134.522
70 230 136.019
75 230 137.708
80 230 139.597
85 230 141.695
90 230 144.005
95 230 146.529
100 230 149.264
105 230 152.203
110 230 155.332
115 230 158.636
120 230 162.091
125 230 165.668
130 230 169.336
135 230 173.054
140 230 176.782
145 230 180.471
150 230 184.074
155 230 187.537
160 230 190.809
165 230 193.838
170 230 196.571
175 230 198.962
180 230 200.964
185 230 202.537
190 230 203.648
195 230 204.268
200 230 204.376
205 230 203.958
210 230 203.008
215 230 201.528
220 230 199.524
225 230 197.014
230 230 194.017
235 230 190.56
240 230 186.673
245 230 182.391
250 230 177.75
255 230 172.788
260 230 167.543
265 230 162.053
270 230 156.356
275 230 150.487
280 230 144.48
285 230 138.367
290 230 132.176
295 230 125.934
300 230 119.666
305 230 113.393
310 230 107.136
315 230 100.914
320 230 94.7448
325 230 88.6442
330 230 82.6288
335 230 76.7146
340 230 70.9175
345 230 65.2537
350 230 59.7399
355 230 54.393
360 230 49.2308
365 230 44.271
370 230 39.5322
375 230 35.0326
380 230 30.7909
385 230 26.8251
390 230 23.153
395 230 19.7914
400 230 16.756
405 230 14.0614
410 230 11.7202
415 230 9.74334
420 230 8.13954
425 230 6.9152
430 230 6.07425
435 230 5.61798
440 230 5.54494
445 230 5.85095
450 230 6.52904
455 230 7.56951
460 230 8.96003
465 230 10.6857
470 230 12.7294
475 230 15.0716
480 230 17.691
485 230 20.5646
490 230 23.6679
495 230 26.9755
500 230 30.4608
505 230 34.0971
510 230 37.8573
515 230 41.7144
520 230 45.6418
525 230 49.6138
530 230 53.6055
535 230 57.5931
540 230 61.5545
545 230 65.4691
550 230 69.3182
555 230 73.0849
560 230 76.7545
565 230 80.3146
570 230 83.7549
575 230 87.0675
580 230 90.2468
585 230 93.2895
590 230 96.1949
595 230 98.9645
600 230 101.602
605 230 104.113
610 230 106.507
615 230 108.793
620 230 110.984
625 230 113.095
630 230 115.14
635 230 117.137
640 230 119.106
645 230 121.066
650 230 123.036
655 230 125.039
660 230 127.094
665 230 129.222
670 230 131.442
675 230 133.772
680 230 136.226
685 230 138.818
690 230 141.556
695 230 144.447
700 230 147.49
705 230 150.683
710 230 154.016
715 230 157.474
720 230 161.038
725 230 164.682
730 230 168.375
735 230 172.081
740 230 175.76
745 230 179.369
750 230 182.862
755 230 186.19
760 230 189.306
765 230 192.162
770 230 194.715
775 230 196.922
780 230 198.747
785 230 200.159
790 230 201.134
795 230 201.654
800 230 201.712
805 230 201.307
810 230 200.446
815 230 199.147
820 230 197.432
825 230 195.332
830 230 192.883
835 230 190.129
840 230 187.114
845 230 183.886
850 230 180.495
855 230 176.991
860 230 173.422
865 230 169.835
870 230 166.273
875 230 162.776
880 230 159.379
885 230 156.111
890 230 152.999
895 230 150.062

0 235 126.471
5 235 126.598
10 235 126.757
15 235 126.953
20 235 127.196
25 235 127.492
30 235 127.851
35 235 128.283
40 235 128.8
45 235 129.412
50 235 130.133
55 235 130.975
60 235 131.951
65 235 133.075
70 235 134.359
75 235 135.814
80 235 137.452
85 235 139.279
90 235 141.303
95 235 143.526
100 235 145.948
105 235 148.565
110 235 151.368
115 235 154.344
120 235 157.476
125 235 160.739
130 235 164.107
135 235 167.545
140 235 171.017
145 235 174.481
150 235 177.893
155 235 181.205
160 235 184.369
165 235 187.334
170 235 190.053
175 235 192.478
180 235 194.563
185 235 196.269
190 235 197.559
195 235 198.402
200 235 198.773
205 235 198.654
210 235 198.035
215 235 196.91
220 235 195.282
225 235 193.16
230 235 190.56
235 235 187.501
240 235 184.008
245 235 180.111
250 235 175.841
255 235 171.231
260 235 166.318
265 235 161.135
270 235 155.72
275 235 150.105
280 235 144.325
285 235 138.41
290 235 132.391
295 235 126.296
300 235 120.149
305 235 113.976
310 235 107.799
315 235 101.64
320 235 95.5181
325 235 89.4532
330 235 83.464
335 235 77.5692
340 235 71.7872
345 235 66.1366
350 235 60.6362
355 235 55.305
360 235 50.1623
365 235 45.2275
370 235 40.5202
375 235 36.0597
380 235 31.8651
385 235 27.955
390 235 24.3472
395 235 21.0582
400 235 18.1036
405 235 15.497
410 235 13.2504
415 235 11.3736
420 235 9.87434
425 235 8.7576
430 235 8.02597
435 235 7.67931
440 235 7.71472
445 235 8.12654
450 235 8.90638
455 235 10.0432
460 235 11.5233
465 235 13.3306
470 235 15.447
475 235 17.8519
480 235 20.5234
485 235 23.4378
490 235 26.5702
495 235 29.8947
500 235 33.3849
505 235 37.0139
510 235 40.7549
515 235 44.5812
520 235 48.4667
525 235 52.3862
530 235 56.3155
535 235 60.2317
540 235 64.1133
545 235 67.9405
550 235 71.6955
555 235 75.3623
560 235 78.927
565 235 82.3779
570 235 85.7053
575 235 88.9019
580 235 91.9626
585 235 94.8846
590 235 97.6671
595 235 100.312
600 235 102.822
605 235 105.204
610 235 107.466
615 235 109.616
620 235 111.668
625 235 113.633
630 235 115.527
635 235 117.366
640 235 119.168
645 235 120.951
650 235 122.735
655 235 124.538
660 235 126.383
665 235 128.286
670 235 130.268
675 235 132.346
680 235 134.535
685 235 136.85
690 235 139.3
695 235 141.893
700 235 144.632
705 235 147.517
710 235 150.541
715 235 153.695
720 235 156.961
725 235 160.319
730 235 163.743
735 235 167.202
740 235 170.66
745 235 174.078
750 235 177.415
755 235 180.625
760 235 183.665
765 235 186.489
770 235 189.053
775 235 191.318
780 235 193.244
785 235 194.8
790 235 195.96
795 235 196.703
800 235 197.016
805 235 196.895
810 235 196.342
815 235 195.367
820 235 193.989
825 235 192.232
830 235 190.128
835 235 187.712
840 235 185.026
845 235 182.114
850 235 179.02
855 235 175.793
860 235 172.478
865 235 169.119
870 235 165.761
875 235 162.441
880 235 159.196
885 235 156.056
890 235 153.049
895 235 150.195

0 240 126.351
5 240 126.449
10 240 126.572
15 240 126.727
20 240 126.919
25 240 127.155
30 240 127.444
35 240 127.794
40 240 128.215
45 240 128.717
50 240 129.312
55 240 130.012
60 240 130.828
65 240 131.773
70 240 132.859
75 240 134.097
80 240 135.498
85 240 137.071
90 240 138.822
95 240 140.756
100 240 142.876
105 240 145.18
110 240 147.662
115 240 150.313
120 240 153.119
125 240 156.063
130 240 159.119
135 240 162.262
140 240 165.458
145 240 168.672
150 240 171.863
155 240 174.99
160 240 178.007
165 240 180.868
170 240 183.528
175 240 185.941
180 240 188.064
185 240 189.855
190 240 191.277
195 240 192.299
200 240 192.891
205 240 193.034
210 240 192.711
215 240 191.913
220 240 190.638
225 240 188.888
230 240 186.673
235 240 184.008
240 240 180.912
245 240 177.408
250 240 173.524
255 240 169.289
260 240 164.733
265 240 159.889
270 240 154.79
275 240 149.469
280 240 143.956
285 240 138.284
290 240 132.482
295 240 126.578
300 240 120.599
305 240 114.571
310 240 108.519
315 240 102.465
320 240 96.432
325 240 90.4417
330 240 84.5154
335 240 78.6739
340 240 72.9382
345 240 67.329
350 240 61.8673
355 240 56.5742
360 240 51.4704
365 240 46.5771
370 240 41.915
375 240 37.5046
380 240 33.3656
385 240 29.5171
390 240 25.977
395 240 22.7621
400 240 19.8875
405 240 17.3663
410 240 15.21
415 240 13.4274
420 240 12.0251
425 240 11.007
430 240 10.3746
435 240 10.1263
440 240 10.2579
445 240 10.7624
450 240 11.6301
455 240 12.8486
460 240 14.4031
465 240 16.2765
470 240 18.4495
475 240 20.901
480 240 23.6082
485 240 26.547
490 240 29.692
495 240 33.0172
500 240 36.4962
505 240 40.1023
510 240 43.8088
515 240 47.5895
520 240 51.4189
525 240 55.2723
530 240 59.1263
535 240 62.9588
540 240 66.7491
545 240 70.4785
550 240 74.1297
555 240 77.6879
560 240 81.1398
565 240 84.4745
570 240 87.6832
575 240 90.759
580 240 93.6974
585 240 96.4959
590 240 99.1541
595 240 101.674
600 240 104.058
605 240 106.313
610 240 108.445
615 240 110.465
620 240 112.382
625 240 114.21
630 240 115.962
635 240 117.653
640 240 119.299
645 240 120.919
650 240 122.53
655 240 124.151
660 240 125.801
665 240 127.498
670 240 129.26
675 240 131.105
680 240 133.049
685 240 135.104
690 240 137.284
695 240 139.596
700 240 142.046
705 240 144.635
710 240 147.361
715 240 150.216
720 240 153.188
725 240 156.26
730 240 159.411
735 240 162.613
740 240 165.837
745 240 169.047
750 240 172.206
755 240 175.274
760 240 178.207
765 240 180.966
770 240 183.506
775 240 185.79
780 240 187.779
785 240 189.441
790 240 190.747
795 240 191.674
800 240 192.207
805 240 192.336
810 240 192.06
815 240 191.383
820 240 190.319
825 240 188.886
830 240 187.112
835 240 185.025
840 240 182.663
845 240 180.065
850 240 177.272
855 240 174.327
860 240 171.275
865 240 168.158
870 240 165.017
875 240 161.89
880 240 158.814
885 240 155.819
890 240 152.934
895 240 150.18

0 245 126.245
5 245 126.318
10 245 126.41
15 245 126.527
20 245 126.675
25 245 126.858
30 245 127.084
35 245 127.36
40 245 127.696
45 245 128.099
50 245 128.581
55 245 129.152
60 245 129.822
65 245 130.603
70 245 131.506
75 245 132.543
80 245 133.723
85 245 135.057
90 245 136.55
95 245 138.21
100 245 140.041
105 245 142.041
110 245 144.21
115 245 146.542
120 245 149.025
125 245 151.645
130 245 154.385
135 245 157.221
140 245 160.126
145 245 163.069
150 245 166.016
155 245 168.928
160 245 171.765
165 245 174.485
170 245 177.046
175 245 179.404
180 245 181.519
185 245 183.35
190 245 184.86
195 245 186.015
200 245 186.787
205 245 187.151
210 245 187.088
215 245 186.585
220 245 185.635
225 245 184.236
230 245 182.391
235 245 180.111
240 245 177.408
245 245 174.302
250 245 170.814
255 245 166.968
260 245 162.792
265 245 158.313
270 245 153.563
275 245 148.57
280 245 143.364
285 245 137.976
290 245 132.435
295 245 126.768
300 245 121.002
305 245 115.166
310 245 109.283
315 245 103.379
320 245 97.4775
325 245 91.6026
330 245 85.7776
335 245 80.0254
340 245 74.3691
345 245 68.8315
350 245 63.4357
355 245 58.2044
360 245 53.1603
365 245 48.326
370 245 43.7236
375 245 39.3746
380 245 35.2997
385 245 31.5185
390 245 28.0493
395 245 24.9091
400 245 22.1128
405 245 19.6733
410 245 17.6013
415 245 15.9053
420 245 14.5908
425 245 13.6608
430 245 13.1156
435 245 12.9525
440 245 13.1662
445 245 13.7484
450 245 14.6883
455 245 15.9723
460 245 17.5846
465 245 19.507
470 245 21.7196
475 245 24.2004
480 245 26.926
485 245 29.872
490 245 33.0127
495 245 36.3222
500 245 39.7738
505 245 43.3411
510 245 46.998
515 245 50.7185
520 245 54.4779
525 245 58.2521
530 245 62.0185
535 245 65.7558
540 245 69.4442
545 245 73.0657
550 245 76.6044
555 245 80.0459
560 245 83.378
565 245 86.5905
570 245 89.6753
575 245 92.6263
580 245 95.4393
585 245 98.1122
590 245 100.645
595 245 103.039
600 245 105.299
605 245 107.428
610 245 109.435
615 245 111.329
620 245 113.118
625 245 114.816
630 245 116.434
635 245 117.987
640 245 119.49
645 245 120.959
650 245 122.412
655 245 123.865
660 245 125.337
665 245 126.844
670 245 128.405
675 245 130.036
680 245 131.753
685 245 133.569
690 245 135.498
695 245 137.547
700 245 139.725
705 245 142.034
710 245 144.474
715 245 147.041
720 245 149.726
725 245 152.517
730 245 155.394
735 245 158.337
740 245 161.318
745 245 164.308
750 245 167.273
755 245 170.176
760 245 172.979
765 245 175.643
770 245 178.128
775 245 180.397
780 245 182.413
785 245 184.143
790 245 185.557
795 245 186.632
800 245 187.348
805 245 187.693
810 245 187.661
815 245 187.253
820 245 186.477
825 245 185.347
830 245 183.883
835 245 182.112
840 245 180.064
845 245 177.774
850 245 175.279
855 245 172.62
860 245 169.835
865 245 166.967
870 245 164.053
875 245 161.133
880 245 158.239
885 245 155.404
890 245 152.656
895 245 150.018

0 250 126.152
5 250 126.201
10 250 126.266
15 250 126.35
20 250 126.458
25 250 126.594
30 250 126.764
35 250 126.975
40 250 127.234
45 250 127.548
50 250 127.928
55 250 128.381
60 250 128.918
65 250 129.55
70 250 130.285
75 250 131.136
80 250 132.112
85 250 133.221
90 250 134.473
95 250 135.874
100 250 137.428
105 250 139.139
110 250 141.005
115 250 143.024
120 250 145.189
125 250 147.488
130 250 149.909
135 250 152.432
140 250 155.036
145 250 157.693
150 250 160.375
155 250 163.047
160 250 165.676
165 250 168.222
170 250 170.648
175 250 172.913
180 250 174.979
185 250 176.806
190 250 178.359
195 250 179.605
200 250 180.513
205 250 181.057
210 250 181.216
215 250 180.973
220 250 180.318
225 250 179.244
230 250 177.75
235 250 175.841
240 250 173.524
245 250 170.814
250 250 167.726
255 250 164.281
260 250 160.501
265 250 156.411
270 250 152.036
275 250 147.404
280 250 142.542
285 250 137.477
290 250 132.238
295 250 126.852
300 250 121.346
305 250 115.746
310 250 110.078
315 250 104.369
320 250 98.6432
325 250 92.9261
330 250 87.2425
335 250 81.6173
340 250 76.0753
345 250 70.6412
350 250 65.3399
355 250 60.1959
360 250 55.2336
365 250 50.477
370 250 45.9496
375 250 41.674
380 250 37.6719
385 250 33.9637
390 250 30.5683
395 250 27.5028
400 250 24.7823
405 250 22.4195
410 250 20.425
415 250 18.8064
420 250 17.5689
425 250 16.7147
430 250 16.243
435 250 16.1504
440 250 16.4304
445 250 17.0737
450 250 18.0684
455 250 19.4002
460 250 21.0522
465 250 23.0055
470 250 25.2393
475 250 27.7312
480 250 30.4572
485 250 33.3927
490 250 36.5118
495 250 39.7885
500 250 43.1965
505 250 46.7095
510 250 50.3017
515 250 53.9479
520 250 57.6238
525 250 61.3062
530 250 64.9732
535 250 68.6043
540 250 72.1809
545 250 75.6857
550 250 79.1036
555 250 82.4213
560 250 85.6274
565 250 88.7125
570 250 91.6691
575 250 94.4917
580 250 97.1769
585 250 99.7227
590 250 102.13
595 250 104.399
600 250 106.535
605 250 108.542
610 250 110.427
615 250 112.199
620 250 113.866
625 250 115.44
630 250 116.933
635 250 118.357
640 250 119.728
645 250 121.059
650 250 122.367
655 250 123.667
660 250 124.977
665 250 126.312
670 250 127.69
675 250 129.126
680 250 130.635
685 250 132.232
690 250 133.928
695 250 135.734
700 250 137.658
705 250 139.704
710 250 141.874
715 250 144.167
720 250 146.577
725 250 149.093
730 250 151.702
735 250 154.385
740 250 157.121
745 250 159.883
750 250 162.641
755 250 165.364
760 250 168.017
765 250 170.563
770 250 172.966
775 250 175.19
780 250 177.2
785 250 178.964
790 250 180.451
795 250 181.636
800 250 182.5
805 250 183.025
810 250 183.205
815 250 183.035
820 250 182.518
825 250 181.666
830 250 180.492
835 250 179.018
840 250 177.271
845 250 175.279
850 250 173.076
855 250 170.699
860 250 168.183
865 250 165.568
870 250 162.889
875 250 160.182
880 250 157.482
885 250 154.819
890 250 152.221
895 250 149.713

0 255 126.067
5 255 126.096
10 255 126.137
15 255 126.191
20 255 126.264
25 255 126.357
30 255 126.478
35 255 126.63
40 255 126.819
45 255 127.054
50 255 127.341
55 255 127.688
60 255 128.104
65 255 128.599
70 255 129.181
75 255 129.86
80 255 130.646
85 255 131.548
90 255 132.573
95 255 133.73
100 255 135.023
105 255 136.457
110 255 138.032
115 255 139.749
120 255 141.603
125 255 143.586
130 255 145.689
135 255 147.897
140 255 150.192
145 255 152.553
150 255 154.955
155 255 157.369
160 255 159.765
165 255 162.11
170 255 164.369
175 255 166.505
180 255 168.483
185 255 170.267
190 255 171.822
195 255 173.115
200 255 174.117
205 255 174.801
210 255 175.143
215 255 175.125
220 255 174.732
225 255 173.955
230 255 172.788
235 255 171.231
240 255 169.289
245 255 166.968
250 255 164.281
255 255 161.243
260 255 157.872
265 255 154.188
270 255 150.212
275 255 145.969
280 255 141.482
285 255 136.778
290 255 131.881
295 255 126.818
300 255 121.615
305 255 116.297
310 255 110.89
315 255 105.421
320 255 99.9158
325 255 94.3996
330 255 88.8988
335 255 83.4397
340 255 78.0485
345 255 72.7515
350 255 67.5751
355 255 62.5453
360 255 57.6882
365 255 53.0291
370 255 48.5929
375 255 44.4035
380 255 40.4836
385 255 36.8543
390 255 33.5354
395 255 30.5443
400 255 27.8964
405 255 25.6047
410 255 23.6795
415 255 22.1282
420 255 20.9556
425 255 20.1634
430 255 19.75
435 255 19.7114
440 255 20.0402
445 255 20.7265
450 255 21.7574
455 255 23.1178
460 255 24.7902
465 255 26.7549
470 255 28.9907
475 255 31.4745
480 255 34.1823
485 255 37.089
490 255 40.1688
495 255 43.3958
500 255 46.7437
505 255 50.1867
510 255 53.6996
515 255 57.2575
520 255 60.837
525 255 64.4155
530 255 67.9721
535 255 71.487
540 255 74.9425
545 255 78.3224
550 255 81.6124
555 255 84.8
560 255 87.8747
565 255 90.8278
570 255 93.6527
575 255 96.3444
580 255 98.8999
585 255 101.318
590 255 103.599
595 255 105.744
600 255 107.758
605 255 109.645
610 255 111.413
615 255 113.067
620 255 114.618
625 255 116.076
630 255 117.451
635 255 118.756
640 255 120.004
645 255 121.208
650 255 122.383
655 255 123.545
660 255 124.708
665 255 125.887
670 255 127.1
675 255 128.359
680 255 129.68
685 255 131.077
690 255 132.561
695 255 134.144
700 255 135.833
705 255 137.635
710 255 139.553
715 255 141.587
720 255 143.734
725 255 145.987
730 255 148.335
735 255 150.764
740 255 153.255
745 255 155.786
750 255 158.332
755 255 160.863
760 255 163.35
765 255 165.759
770 255 168.058
775 255 170.211
780 255 172.187
785 255 173.953
790 255 175.48
795 255 176.742
800 255 177.718
805 255 178.391
810 255 178.748
815 255 178.784
820 255 178.498
825 255 177.896
830 255 176.988
835 255 175.791
840 255 174.326
845 255 172.619
850 255 170.699
855 255 168.597
860 255 166.347
865 255 163.984
870 255 161.542
875 255 159.055
880 255 156.555
885 255 154.073
890 255 151.637
895 255 149.269

0 260 125.988
5 260 125.999
10 260 126.018
15 260 126.046
20 260 126.086
25 260 126.142
30 260 126.217
35 260 126.316
40 260 126.444
45 260 126.606
50 260 126.809
55 260 127.06
60 260 127.366
65 260 127.735
70 260 128.176
75 260 128.698
80 260 129.309
85 260 130.018
90 260 130.832
95 260 131.76
100 260 132.806
105 260 133.977
110 260 135.275
115 260 136.701
120 260 138.254
125 260 139.928
130 260 141.717
135 260 143.611
140 260 145.595
145 260 147.653
150 260 149.764
155 260 151.905
160 260 154.05
165 260 156.17
170 260 158.234
175 260 160.211
180 260 162.067
185 260 163.771
190 260 165.289
195 260 166.59
200 260 167.646
205 260 168.429
210 260 168.915
215 260 169.084
220 260 168.919
225 260 168.409
230 260 167.543
235 260 166.318
240 260 164.733
245 260 162.792
250 260 160.501
255 260 157.872
260 260 154.917
265 260 151.652
270 260 148.095
275 260 144.265
280 260 140.183
285 260 135.873
290 260 131.355
295 260 126.655
300 260 121.797
305 260 116.804
310 260 111.704
315 260 106.52
320 260 101.28
325 260 96.0081
330 260 90.7325
335 260 85.4797
340 260 80.2771
345 260 75.1521
350 260 70.1323
355 260 65.2451
360 260 60.518
365 260 55.9776
370 260 51.65
375 260 47.5604
380 260 43.7325
385 260 40.1885
390 260 36.9489
395 260 34.0319
400 260 31.4532
405 260 29.2263
410 260 27.3615
415 260 25.8664
420 260 24.7455
425 260 24.0002
430 260 23.6287
435 260 23.6263
440 260 23.9852
445 260 24.6949
450 260 25.742
455 260 27.1106
460 260 28.7829
465 260 30.7387
470 260 32.9561
475 260 35.4121
480 260 38.0823
485 260 40.9415
490 260 43.964
495 260 47.1239
500 260 50.3955
505 260 53.7532
510 260 57.1721
515 260 60.6284
520 260 64.099
525 260 67.5622
530 260 70.9979
535 260 74.3873
540 260 77.7134
545 260 80.961
550 260 84.1166
555 260 87.1687
560 260 90.1074
565 260 92.925
570 260 95.6153
575 260 98.1741
580 260 100.599
585 260 102.888
590 260 105.044
595 260 107.067
600 260 108.961
605 260 110.731
610 260 112.384
615 260 113.926
620 260 115.366
625 260 116.714
630 260 117.979
635 260 119.173
640 260 120.308
645 260 121.396
650 260 122.451
655 260 123.487
660 260 124.518
665 260 125.557
670 260 126.62
675 260 127.721
680 260 128.873
685 260 130.089
690 260 131.381
695 260 132.76
700 260 134.234
705 260 135.811
710 260 137.495
715 260 139.288
720 260 141.188
725 260 143.192
730 260 145.29
735 260 147.473
740 260 149.724
745 260 152.025
750 260 154.355
755 260 156.689
760 260 159
765 260 161.258
770 260 163.434
775 260 165.495
780 260 167.411
785 260 169.152
790 260 170.689
795 260 171.997
800 260 173.054
805 260 173.841
810 260 174.344
815 260 174.554
820 260 174.468
825 260 174.087
830 260 173.419
835 260 172.475
840 260 171.273
845 260 169.834
850 260 168.183
855 260 166.347
860 260 164.356
865 260 162.242
870 260 160.036
875 260 157.771
880 260 155.476
885 260 153.181
890 260 150.913
895 260 148.695

0 265 125.913
5 265 125.907
10 265 125.906
15 265 125.909
20 265 125.921
25 265 125.942
30 265 125.977
35 265 126.027
40 265 126.098
45 265 126.195
50 265 126.321
55 265 126.484
60 265 126.69
65 265 126.944
70 265 127.256
75 265 127.633
80 265 128.082
85 265 128.612
90 265 129.229
95 265 129.943
100 265 130.758
105 265 131.68
110 265 132.714
115 265 133.862
120 265 135.124
125 265 136.498
130 265 137.98
135 265 139.564
140 265 141.238
145 265 142.99
150 265 144.804
155 265 146.661
160 265 148.539
165 265 150.415
170 265 152.262
175 265 154.053
180 265 155.758
185 265 157.348
190 265 158.794
195 265 160.066
200 265 161.137
205 265 161.981
210 265 162.573
215 265 162.893
220 265 162.923
225 265 162.646
230 265 162.053
235 265 161.135
240 265 159.889
245 265 158.313
250 265 156.411
255 265 154.188
260 265 151.652
265 265 148.815
270 265 145.691
275 265 142.295
280 265 138.643
285 265 134.755
290 265 130.651
295 265 126.351
300 265 121.878
305 265 117.253
310 265 112.502
315 265 107.648
320 265 102.717
325 265 97.734
330 265 92.7263
335 265 87.7209
340 265 82.7457
345 265 77.8288
350 265 72.9987
355 265 68.2839
360 265 63.7129
365 265 59.3135
370 265 55.1131
375 265 51.1379
380 265 47.4129
385 265 43.9612
390 265 40.8042
395 265 37.961
400 265 35.4482
405 265 33.2795
410 265 31.4659
415 265 30.0151
420 265 28.9319
425 265 28.2176
430 265 27.8704
435 265 27.8853
440 265 28.2545
445 265 28.9669
450 265 30.0089
455 265 31.3644
460 265 33.015
465 265 34.9405
470 265 37.1187
475 265 39.5263
480 265 42.139
485 265 44.9316
490 265 47.8785
495 265 50.9541
500 265 54.133
505 265 57.39
510 265 60.701
515 265 64.0425
520 265 67.3923
525 265 70.7294
530 265 74.0345
535 265 77.2897
540 265 80.4789
545 265 83.5876
550 265 86.6033
555 265 89.5152
560 265 92.3143
565 265 94.9934
570 265 97.5472
575 265 99.9719
580 265 102.265
585 265 104.427
590 265 106.458
595 265 108.36
600 265 110.137
605 265 111.793
610 265 113.335
615 265 114.769
620 265 116.104
625 265 117.348
630 265 118.51
635 265 119.601
640 265 120.632
645 265 121.614
650 265 122.56
655 265 123.483
660 265 124.395
665 265 125.309
670 265 126.239
675 265 127.197
680 265 128.197
685 265 129.251
690 265 130.371
695 265 131.566
700 265 132.845
705 265 134.217
710 265 135.686
715 265 137.256
720 265 138.927
725 265 140.696
730 265 142.558
735 265 144.505
740 265 146.524
745 265 148.601
750 265 150.717
755 265 152.851
760 265 154.98
765 265 157.077
770 265 159.116
775 265 161.068
780 265 162.904
785 265 164.596
790 265 166.118
795 265 167.443
800 265 168.55
805 265 169.42
810 265 170.038
815 265 170.391
820 265 170.475
825 265 170.287
830 265 169.832
835 265 169.117
840 265 168.156
845 265 166.966
850 265 165.567
855 265 163.984
860 265 162.242
865 265 160.37
870 265 158.397
875 265 156.351
880 265 154.262
885 265 152.157
890 265 150.062
895 265 148.001

0 270 125.839
5 270 125.818
10 270 125.798
15 270 125.779
20 270 125.763
25 270 125.753
30 270 125.75
35 270 125.756
40 270 125.775
45 270 125.811
50 270 125.868
55 270 125.95
60 270 126.063
65 270 126.212
70 270 126.405
75 270 126.648
80 270 126.947
85 270 127.31
90 270 127.745
95 270 128.258
100 270 128.855
105 270 129.543
110 270 130.327
115 270 131.209
120 270 132.192
125 270 133.277
130 270 134.461
135 270 135.739
140 270 137.107
145 270 138.553
150 270 140.067
155 270 141.633
160 270 143.235
165 270 144.852
170 270 146.464
175 270 148.047
180 270 149.575
185 270 151.024
190 270 152.366
195 270 153.575
200 270 154.627
205 270 155.495
210 270 156.157
215 270 156.592
220 270 156.78
225 270 156.706
230 270 156.356
235 270 155.72
240 270 154.79
245 270 153.563
250 270 152.036
255 270 150.212
260 270 148.095
265 270 145.691
270 270 143.01
275 270 140.063
280 270 136.862
285 270 133.423
290 270 129.762
295 270 125.896
300 270 121.845
305 270 117.628
310 270 113.268
315 270 108.787
320 270 104.208
325 270 99.5575
330 270 94.8603
335 270 90.1436
340 270 85.4352
345 270 80.7634
350 270 76.1572
355 270 71.6458
360 270 67.2584
365 270 63.0238
370 270 58.9704
375 270 55.1255
380 270 51.5151
385 270 48.1636
390 270 45.0933
395 270 42.3243
400 270 39.8741
405 270 37.7572
410 270 35.9854
415 270 34.5668
420 270 33.5068
425 270 32.8069
430 270 32.4657
435 270 32.4784
440 270 32.8369
445 270 33.5305
450 270 34.5454
455 270 35.8654
460 270 37.4721
465 270 39.345
470 270 41.4623
475 270 43.8006
480 270 46.3354
485 270 49.042
490 270 51.8949
495 270 54.8689
500 270 57.9388
505 270 61.0802
510 270 64.2693
515 270 67.4834
520 270 70.7009
525 270 73.9017
530 270 77.0672
535 270 80.1803
540 270 83.2256
545 270 86.1897
550 270 89.0607
555 270 91.8285
560 270 94.4851
565 270 97.0237
570 270 99.4396
575 270 101.73
580 270 103.892
585 270 105.926
590 270 107.834
595 270 109.617
600 270 111.279
605 270 112.825
610 270 114.26
615 270 115.591
620 270 116.826
625 270 117.971
630 270 119.037
635 270 120.033
640 270 120.969
645 270 121.855
650 270 122.702
655 270 123.523
660 270 124.328
665 270 125.13
670 270 125.942
675 270 126.774
680 270 127.639
685 270 128.549
690 270 129.514
695 270 130.544
700 270 131.648
705 270 132.834
710 270 134.108
715 270 135.474
720 270 136.933
725 270 138.485
730 270 140.126
735 270 141.85
740 270 143.648
745 270 145.508
750 270 147.415
755 270 149.35
760 270 151.295
765 270 153.225
770 270 155.118
775 270 156.948
780 270 158.687
785 270 160.312
790 270 161.795
795 270 163.113
800 270 164.244
805 270 165.169
810 270 165.871
815 270 166.339
820 270 166.563
825 270 166.54
830 270 166.27
835 270 165.759
840 270 165.015
845 270 164.052
850 270 162.888
855 270 161.542
860 270 160.036
865 270 158.397
870 270 156.649
875 270 154.819
880 270 152.934
885 270 151.019
890 270 149.1
895 270 147.198

0 275 125.766
5 275 125.729
10 275 125.691
15 275 125.651
20 275 125.61
25 275 125.57
30 275 125.531
35 275 125.496
40 275 125.467
45 275 125.447
50 275 125.439
55 275 125.446
60 275 125.473
65 275 125.525
70 275 125.608
75 275 125.726
80 275 125.886
85 275 126.094
90 275 126.358
95 275 126.683
100 275 127.076
105 275 127.543
110 275 128.09
115 275 128.72
120 275 129.437
125 275 130.243
130 275 131.138
135 275 132.12
140 275 133.186
145 275 134.33
150 275 135.543
155 275 136.815
160 275 138.134
165 275 139.483
170 275 140.845
175 275 142.202
180 275 143.532
185 275 144.815
190 275 146.026
195 275 147.142
200 275 148.142
205 275 149.001
210 275 149.699
215 275 150.214
220 275 150.528
225 275 150.624
230 275 150.487
235 275 150.105
240 275 149.469
245 275 148.57
250 275 147.404
255 275 145.969
260 275 144.265
265 275 142.295
270 275 140.063
275 275 137.576
280 275 134.843
285 275 131.874
290 275 128.682
295 275 125.281
300 275 121.685
305 275 117.913
310 275 113.984
315 275 109.916
320 275 105.733
325 275 101.456
330 275 97.1118
335 275 92.7251
340 275 88.3232
345 275 83.9341
350 275 79.5869
355 275 75.3109
360 275 71.1357
365 275 67.091
370 275 63.2057
375 275 59.5082
380 275 56.0256
385 275 52.7832
390 275 49.8046
395 275 47.111
400 275 44.7209
405 275 42.6499
410 275 40.9106
415 275 39.5123
420 275 38.4609
425 275 37.7587
430 275 37.4049
435 275 37.395
440 275 37.7217
445 275 38.3742
450 275 39.3392
455 275 40.6007
460 275 42.1405
465 275 43.9383
470 275 45.9725
475 275 48.2198
480 275 50.6562
485 275 53.2571
490 275 55.9974
495 275 58.8523
500 275 61.7972
505 275 64.808
510 275 67.8617
515 275 70.9361
520 275 74.0105
525 275 77.0653
530 275 80.0827
535 275 83.0464
540 275 85.9418
545 275 88.7562
550 275 91.4784
555 275 94.0991
560 275 96.6108
565 275 99.0075
570 275 101.285
575 275 103.44
580 275 105.472
585 275 107.381
590 275 109.167
595 275 110.834
600 275 112.384
605 275 113.823
610 275 115.155
615 275 116.388
620 275 117.527
625 275 118.58
630 275 119.556
635 275 120.463
640 275 121.311
645 275 122.109
650 275 122.868
655 275 123.597
660 275 124.307
665 275 125.01
670 275 125.717
675 275 126.437
680 275 127.183
685 275 127.965
690 275 128.793
695 275 129.677
700 275 130.625
705 275 131.644
710 275 132.742
715 275 133.923
720 275 135.189
725 275 136.54
730 275 137.977
735 275 139.493
740 275 141.082
745 275 142.736
750 275 144.441
755 275 146.183
760 275 147.945
765 275 149.707
770 275 151.448
775 275 153.146
780 275 154.777
785 275 156.318
790 275 157.744
795 275 159.034
800 275 160.165
805 275 161.12
810 275 161.88
815 275 162.434
820 275 162.77
825 275 162.884
830 275 162.773
835 275 162.439
840 275 161.889
845 275 161.132
850 275 160.181
855 275 159.055
860 275 157.771
865 275 156.351
870 275 154.819
875 275 153.198
880 275 151.512
885 275 149.785
890 275 148.041
895 275 146.301

0 280 125.69
5 280 125.639
10 280 125.583
15 280 125.522
20 280 125.457
25 280 125.388
30 280 125.316
35 280 125.241
40 280 125.167
45 280 125.094
50 280 125.025
55 280 124.962
60 280 124.909
65 280 124.87
70 280 124.849
75 280 124.851
80 280 124.881
85 280 124.945
90 280 125.049
95 280 125.198
100 280 125.399
105 280 125.658
110 280 125.98
115 280 126.37
120 280 126.833
125 280 127.372
130 280 127.988
135 280 128.683
140 280 129.455
145 280 130.301
150 280 131.217
155 280 132.195
160 280 133.227
165 280 134.3
170 280 135.404
175 280 136.521
180 280 137.637
185 280 138.732
190 280 139.789
195 280 140.787
200 280 141.706
205 280 142.526
210 280 143.228
215 280 143.791
220 280 144.199
225 280 144.434
230 280 144.48
235 280 144.325
240 280 143.956
245 280 143.364
250 280 142.542
255 280 141.482
260 280 140.183
265 280 138.643
270 280 136.862
275 280 134.843
280 280 132.589
285 280 130.108
290 280 127.407
295 280 124.497
300 280 121.388
305 280 118.094
310 280 114.631
315 280 111.016
320 280 107.267
325 280 103.406
330 280 99.4558
335 280 95.4396
340 280 91.3837
345 280 87.3153
350 280 83.2627
355 280 79.2549
360 280 75.3217
365 280 71.493
370 280 67.7984
375 280 64.2669
380 280 60.9264
385 280 57.8036
390 280 54.923
395 280 52.3071
400 280 49.9755
405 280 47.9453
410 280 46.2302
415 280 44.8406
420 280 43.7836
425 280 43.0625
430 280 42.6773
435 280 42.6247
440 280 42.8978
445 280 43.4868
450 280 44.3787
455 280 45.5584
460 280 47.0079
465 280 48.7076
470 280 50.6361
475 280 52.7706
480 280 55.0877
485 280 57.563
490 280 60.1721
495 280 62.8906
500 280 65.6943
505 280 68.56
510 280 71.465
515 280 74.3879
520 280 77.3085
525 280 80.2081
530 280 83.0695
535 280 85.8772
540 280 88.6172
545 280 91.2775
550 280 93.8475
555 280 96.3187
560 280 98.684
565 280 100.938
570 280 103.077
575 280 105.098
580 280 107.001
585 280 108.785
590 280 110.452
595 280 112.005
600 280 113.447
605 280 114.782
610 280 116.016
615 280 117.154
620 280 118.203
625 280 119.17
630 280 120.062
635 280 120.887
640 280 121.655
645 280 122.373
650 280 123.051
655 280 123.698
660 280 124.324
665 280 124.939
670 280 125.553
675 280 126.175
680 280 126.816
685 280 127.486
690 280 128.193
695 280 128.947
700 280 129.757
705 280 130.628
710 280 131.569
715 280 132.583
720 280 133.674
725 280 134.844
730 280 136.092
735 280 137.416
740 280 138.812
745 280 140.271
750 280 141.784
755 280 143.339
760 280 144.923
765 280 146.518
770 280 148.106
775 280 149.667
780 280 151.181
785 280 152.627
790 280 153.981
795 280 155.225
800 280 156.336
805 280 157.298
810 280 158.093
815 280 158.707
820 280 159.13
825 280 159.355
830 280 159.376
835 280 159.194
840 280 158.813
845 280 158.238
850 280 157.481
855 280 156.555
860 280 155.476
865 280 154.262
870 280 152.934
875 280 151.512
880 280 150.018
885 280 148.475
890 280 146.903
895 280 145.324

0 285 125.61
5 285 125.544
10 285 125.471
15 285 125.389
20 285 125.3
25 285 125.203
30 285 125.098
35 285 124.986
40 285 124.868
45 285 124.745
50 285 124.617
55 285 124.488
60 285 124.36
65 285 124.235
70 285 124.117
75 285 124.009
80 285 123.917
85 285 123.845
90 285 123.798
95 285 123.781
100 285 123.801
105 285 123.862
110 285 123.972
115 285 124.135
120 285 124.355
125 285 124.638
130 285 124.987
135 285 125.404
140 285 125.891
145 285 126.447
150 285 127.069
155 285 127.755
160 285 128.5
165 285 129.295
170 285 130.133
175 285 131.002
180 285 131.89
185 285 132.782
190 285 133.666
195 285 134.523
200 285 135.337
205 285 136.092
210 285 136.769
215 285 137.352
220 285 137.823
225 285 138.166
230 285 138.367
235 285 138.41
240 285 138.284
245 285 137.976
250 285 137.477
255 285 136.778
260 285 135.873
265 285 134.755
270 285 133.423
275 285 131.874
280 285 130.108
285 285 128.127
290 285 125.935
295 285 123.537
300 285 120.941
305 285 118.155
310 285 115.192
315 285 112.065
320 285 108.789
325 285 105.382
330 285 101.865
335 285 98.2589
340 285 94.588
345 285 90.8778
350 285 87.1555
355 285 83.4495
360 285 79.7889
365 285 76.2036
370 285 72.7234
375 285 69.3778
380 285 66.1956
385 285 63.2043
390 285 60.4295
395 285 57.895
400 285 55.6219
405 285 53.6286
410 285 51.9303
415 285 50.5388
420 285 49.4626
425 285 48.7066
430 285 48.272
435 285 48.1566
440 285 48.3547
445 285 48.8576
450 285 49.6535
455 285 50.7277
460 285 52.0635
465 285 53.6417
470 285 55.4418
475 285 57.4416
480 285 59.6183
485 285 61.9481
490 285 64.4073
495 285 66.972
500 285 69.6187
505 285 72.3246
510 285 75.0679
515 285 77.8277
520 285 80.5845
525 285 83.3202
530 285 86.0182
535 285 88.6636
540 285 91.2433
545 285 93.7456
550 285 96.1607
555 285 98.4805
560 285 100.698
565 285 102.809
570 285 104.81
575 285 106.698
580 285 108.473
585 285 110.136
590 285 111.687
595 285 113.129
600 285 114.465
605 285 115.701
610 285 116.84
615 285 117.888
620 285 118.851
625 285 119.736
630 285 120.55
635 285 121.3
640 285 121.994
645 285 122.639
650 285 123.245
655 285 123.819
660 285 124.37
665 285 124.907
670 285 125.439
675 285 125.976
680 285 126.525
685 285 127.096
690 285 127.698
695 285 128.339
700 285 129.026
705 285 129.767
710 285 130.568
715 285 131.434
720 285 132.369
725 285 133.375
730 285 134.452
735 285 135.601
740 285 136.817
745 285 138.095
750 285 139.428
755 285 140.807
760 285 142.219
765 285 143.65
770 285 145.086
775 285 146.51
780 285 147.902
785 285 149.243
790 285 150.515
795 285 151.698
800 285 152.773
805 285 153.723
810 285 154.531
815 285 155.184
820 285 155.67
825 285 155.98
830 285 156.109
835 285 156.055
840 285 155.818
845 285 155.403
850 285 154.818
855 285 154.073
860 285 153.181
865 285 152.157
870 285 151.019
875 285 149.785
880 285 148.475
885 285 147.108
890 285 145.704
895 285 144.282

0 290 125.525
5 290 125.444
10 290 125.353
15 290 125.251
20 290 125.137
25 290 125.012
30 290 124.875
35 290 124.726
40 290 124.565
45 290 124.393
50 290 124.209
55 290 124.016
60 290 123.815
65 290 123.608
70 290 123.397
75 290 123.186
80 290 122.977
85 290 122.776
90 290 122.586
95 290 122.412
100 290 122.26
105 290 122.135
110 290 122.043
115 290 121.989
120 290 121.979
125 290 122.018
130 290 122.11
135 290 122.26
140 290 122.47
145 290 122.743
150 290 123.079
155 290 123.478
160 290 123.937
165 290 124.454
170 290 125.023
175 290 125.637
180 290 126.288
185 290 126.966
190 290 127.661
195 290 128.359
200 290 129.048
205 290 129.714
210 290 130.342
215 290 130.917
220 290 131.424
225 290 131.849
230 290 132.176
235 290 132.391
240 290 132.482
245 290 132.435
250 290 132.238
255 290 131.881
260 290 131.355
265 290 130.651
270 290 129.762
275 290 128.682
280 290 127.407
285 290 125.935
290 290 124.265
295 290 122.397
300 290 120.335
305 290 118.083
310 290 115.649
315 290 113.042
320 290 110.273
325 290 107.357
330 290 104.31
335 290 101.152
340 290 97.9042
345 290 94.5892
350 290 91.2329
355 290 87.8622
360 290 84.5055
365 290 81.1919
370 290 77.9512
375 290 74.8131
380 290 71.8067
385 290 68.9604
390 290 66.3011
395 290 63.8536
400 290 61.6405
405 290 59.6819
410 290 57.9944
415 290 56.5919
420 290 55.4843
425 290 54.6783
430 290 54.1769
435 290 53.9794
440 290 54.0818
445 290 54.4767
450 290 55.1535
455 290 56.0991
460 290 57.2976
465 290 58.7312
470 290 60.3801
475 290 62.2233
480 290 64.2385
485 290 66.403
490 290 68.6936
495 290 71.0872
500 290 73.561
505 290 76.0929
510 290 78.6617
515 290 81.247
520 290 83.8301
525 290 86.3935
530 290 88.9211
535 290 91.3986
540 290 93.8134
545 290 96.1544
550 290 98.4122
555 290 100.579
560 290 102.649
565 290 104.617
570 290 106.481
575 290 108.238
580 290 109.887
585 290 111.43
590 290 112.867
595 290 114.202
600 290 115.437
605 290 116.576
610 290 117.624
615 290 118.587
620 290 119.47
625 290 120.278
630 290 121.019
635 290 121.699
640 290 122.325
645 290 122.904
650 290 123.444
655 290 123.953
660 290 124.437
665 290 124.906
670 290 125.367
675 290 125.829
680 290 126.298
685 290 126.784
690 290 127.295
695 290 127.837
700 290 128.417
705 290 129.044
710 290 129.722
715 290 130.457
720 290 131.252
725 290 132.111
730 290 133.036
735 290 134.025
740 290 135.077
745 290 136.189
750 290 137.355
755 290 138.568
760 290 139.817
765 290 141.092
770 290 142.38
775 290 143.666
780 290 144.934
785 290 146.167
790 290 147.349
795 290 148.461
800 290 149.486
805 290 150.408
810 290 151.211
815 290 151.882
820 290 152.409
825 290 152.783
830 290 152.997
835 290 153.047
840 290 152.932
845 290 152.655
850 290 152.221
855 290 151.636
860 290 150.912
865 290 150.062
870 290 149.1
875 290 148.041
880 290 146.903
885 290 145.704
890 290 144.461
895 290 143.191

0 295 125.433
5 295 125.336
10 295 125.226
15 295 125.103
20 295 124.965
25 295 124.812
30 295 124.642
35 295 124.456
40 295 124.252
45 295 124.031
50 295 123.793
55 295 123.537
60 295 123.265
65 295 122.979
70 295 122.679
75 295 122.367
80 295 122.048
85 295 121.723
90 295 121.397
95 295 121.073
100 295 120.758
105 295 120.455
110 295 120.17
115 295 119.91
120 295 119.679
125 295 119.484
130 295 119.33
135 295 119.223
140 295 119.166
145 295 119.165
150 295 119.223
155 295 119.34
160 295 119.519
165 295 119.76
170 295 120.06
175 295 120.416
180 295 120.825
185 295 121.281
190 295 121.776
195 295 122.301
200 295 122.849
205 295 123.407
210 295 123.964
215 295 124.508
220 295 125.027
225 295 125.507
230 295 125.934
235 295 126.296
240 295 126.578
245 295 126.768
250 295 126.852
255 295 126.818
260 295 126.655
265 295 126.351
270 295 125.896
275 295 125.281
280 295 124.497
285 295 123.537
290 295 122.397
295 295 121.073
300 295 119.562
305 295 117.865
310 295 115.985
315 295 113.926
320 295 111.695
325 295 109.303
330 295 106.762
335 295 104.087
340 295 101.298
345 295 98.4142
350 295 95.4589
355 295 92.4572
360 295 89.4358
365 295 86.4231
370 295 83.448
375 295 80.5401
380 295 77.7289
385 295 75.0432
390 295 72.5108
395 295 70.1578
400 295 68.0084
405 295 66.0841
410 295 64.4036
415 295 62.9825
420 295 61.833
425 295 60.9637
430 295 60.3795
435 295 60.0818
440 295 60.0685
445 295 60.3341
450 295 60.8698
455 295 61.6639
460 295 62.7023
465 295 63.9683
470 295 65.4437
475 295 67.1083
480 295 68.9412
485 295 70.9205
490 295 73.024
495 295 75.2293
500 295 77.5146
505 295 79.8583
510 295 82.2398
515 295 84.6397
520 295 87.0395
525 295 89.4223
530 295 91.7728
535 295 94.077
540 295 96.3228
545 295 98.4994
550 295 100.598
555 295 102.611
560 295 104.533
565 295 106.359
570 295 108.087
575 295 109.714
580 295 111.24
585 295 112.665
590 295 113.992
595 295 115.223
600 295 116.359
605 295 117.407
610 295 118.369
615 295 119.25
620 295 120.056
625 295 120.793
630 295 121.466
635 295 122.081
640 295 122.645
645 295 123.164
650 295 123.645
655 295 124.095
660 295 124.521
665 295 124.93
670 295 125.329
675 295 125.725
680 295 126.126
685 295 126.538
690 295 126.969
695 295 127.425
700 295 127.914
705 295 128.441
710 295 129.012
715 295 129.631
720 295 130.304
725 295 131.033
730 295 131.821
735 295 132.667
740 295 133.572
745 295 134.532
750 295 135.545
755 295 136.603
760 295 137.7
765 295 138.827
770 295 139.973
775 295 141.125
780 295 142.27
785 295 143.393
790 295 144.479
795 295 145.512
800 295 146.477
805 295 147.359
810 295 148.143
815 295 148.815
820 295 149.365
825 295 149.783
830 295 150.06
835 295 150.193
840 295 150.179
845 295 150.018
850 295 149.712
855 295 149.269
860 295 148.695
865 295 148.001
870 295 147.198
875 295 146.301
880 295 145.324
885 295 144.282
890 295 143.191
895 295 142.068

0 300 125.332
5 300 125.218
10 300 125.089
15 300 124.944
20 300 124.78
25 300 124.598
30 300 124.395
35 300 124.171
40 300 123.925
45 300 123.655
50 300 123.362
55 300 123.044
60 300 122.703
65 300 122.338
70 300 121.95
75 300 121.542
80 300 121.114
85 300 120.67
90 300 120.213
95 300 119.746
100 300 119.273
105 300 118.8
110 300 118.331
115 300 117.873
120 300 117.432
125 300 117.013
130 300 116.623
135 300 116.269
140 300 115.956
145 300 115.69
150 300 115.477
155 300 115.321
160 300 115.226
165 300 115.194
170 300 115.228
175 300 115.327
180 300 115.492
185 300 115.72
190 300 116.007
195 300 116.35
200 300 116.743
205 300 117.178
210 300 117.647
215 300 118.141
220 300 118.649
225 300 119.162
230 300 119.666
235 300 120.149
240 300 120.599
245 300 121.002
250 300 121.346
255 300 121.615
260 300 121.797
265 300 121.878
270 300 121.845
275 300 121.685
280 300 121.388
285 300 120.941
290 300 120.335
295 300 119.562
300 300 118.615
305 300 117.49
310 300 116.184
315 300 114.696
320 300 113.03
325 300 111.191
330 300 109.187
335 300 107.03
340 300 104.734
345 300 102.315
350 300 99.7947
355 300 97.1949
360 300 94.5405
365 300 91.8581
370 300 89.1757
375 300 86.5222
380 300 83.927
385 300 81.4192
390 300 79.0274
395 300 76.7788
400 300 74.6989
405 300 72.811
410 300 71.1359
415 300 69.6911
420 300 68.4912
425 300 67.5469
430 300 66.8658
435 300 66.4515
440 300 66.3042
445 300 66.4206
450 300 66.794
455 300 67.4149
460 300 68.2709
465 300 69.3471
470 300 70.6269
475 300 72.0916
480 300 73.7215
485 300 75.4961
490 300 77.394
495 300 79.3941
500 300 81.4752
505 300 83.6166
510 300 85.7985
515 300 88.0018
520 300 90.2089
525 300 92.4033
530 300 94.5701
535 300 96.6958
540 300 98.7685
545 300 100.778
550 300 102.716
555 300 104.574
560 300 106.348
565 300 108.033
570 300 109.625
575 300 111.125
580 300 112.53
585 300 113.842
590 300 115.061
595 300 116.191
600 300 117.233
605 300 118.192
610 300 119.072
615 300 119.876
620 300 120.61
625 300 121.279
630 300 121.889
635 300 122.444
640 300 122.951
645 300 123.416
650 300 123.844
655 300 124.242
660 300 124.616
665 300 124.972
670 300 125.317
675 300 125.657
680 300 125.998
685 300 126.346
690 300 126.709
695 300 127.092
700 300 127.501
705 300 127.942
710 300 128.42
715 300 128.94
720 300 129.505
725 300 130.12
730 300 130.787
735 300 131.506
740 300 132.278
745 300 133.102
750 300 133.975
755 300 134.892
760 300 135.849
765 300 136.837
770 300 137.848
775 300 138.871
780 300 139.896
785 300 140.91
790 300 141.898
795 300 142.849
800 300 143.747
805 300 144.578
810 300 145.33
815 300 145.99
820 300 146.547
825 300 146.99
830 300 147.313
835 300 147.509
840 300 147.575
845 300 147.51
850 300 147.314
855 300 146.992
860 300 146.55
865 300 145.994
870 300 145.335
875 300 144.585
880 300 143.755
885 300 142.86
890 300 141.912
895 300 140.927

0 305 125.222
5 305 125.09
10 305 124.94
15 305 124.771
20 305 124.581
25 305 124.368
30 305 124.131
35 305 123.868
40 305 123.578
45 305 123.259
50 305 122.91
55 305 122.53
60 305 122.119
65 305 121.676
70 305 121.203
75 305 120.699
80 305 120.165
85 305 119.605
90 305 119.02
95 305 118.414
100 305 117.789
105 305 117.152
110 305 116.507
115 305 115.859
120 305 115.215
125 305 114.581
130 305 113.965
135 305 113.373
140 305 112.813
145 305 112.293
150 305 111.819
155 305 111.397
160 305 111.035
165 305 110.738
170 305 110.51
175 305 110.355
180 305 110.276
185 305 110.275
190 305 110.351
195 305 110.505
200 305 110.734
205 305 111.034
210 305 111.401
215 305 111.828
220 305 112.309
225 305 112.833
230 305 113.393
235 305 113.976
240 305 114.571
245 305 115.166
250 305 115.746
255 305 116.297
260 305 116.804
265 305 117.253
270 305 117.628
275 305 117.913
280 305 118.094
285 305 118.155
290 305 118.083
295 305 117.865
300 305 117.49
305 305 116.948
310 305 116.231
315 305 115.335
320 305 114.256
325 305 112.995
330 305 111.556
335 305 109.946
340 305 108.173
345 305 106.252
350 305 104.199
355 305 102.033
360 305 99.7769
365 305 97.4545
370 305 95.0925
375 305 92.7186
380 305 90.3618
385 305 88.0511
390 305 85.8157
395 305 83.6835
400 305 81.6816
405 305 79.8349
410 305 78.1661
415 305 76.6951
420 305 75.4388
425 305 74.4107
430 305 73.6208
435 305 73.0755
440 305 72.7777
445 305 72.7267
450 305 72.9184
455 305 73.3455
460 305 73.9979
465 305 74.8631
470 305 75.926
475 305 77.17
480 305 78.5769
485 305 80.1275
490 305 81.8019
495 305 83.5799
500 305 85.4414
505 305 87.3666
510 305 89.3363
515 305 91.3322
520 305 93.3372
525 305 95.3353
530 305 97.3119
535 305 99.254
540 305 101.15
545 305 102.989
550 305 104.764
555 305 106.468
560 305 108.093
565 305 109.638
570 305 111.098
575 305 112.471
580 305 113.758
585 305 114.959
590 305 116.074
595 305 117.106
600 305 118.058
605 305 118.933
610 305 119.733
615 305 120.465
620 305 121.131
625 305 121.737
630 305 122.288
635 305 122.788
640 305 123.243
645 305 123.658
650 305 124.038
655 305 124.39
660 305 124.718
665 305 125.028
670 305 125.325
675 305 125.616
680 305 125.906
685 305 126.2
690 305 126.505
695 305 126.825
700 305 127.166
705 305 127.533
710 305 127.931
715 305 128.364
720 305 128.837
725 305 129.352
730 305 129.912
735 305 130.52
740 305 131.175
745 305 131.876
750 305 132.623
755 305 133.413
760 305 134.241
765 305 135.101
770 305 135.986
775 305 136.888
780 305 137.798
785 305 138.704
790 305 139.596
795 305 140.461
800 305 141.287
805 305 142.062
810 305 142.773
815 305 143.409
820 305 143.959
825 305 144.414
830 305 144.765
835 305 145.007
840 305 145.135
845 305 145.147
850 305 145.043
855 305 144.824
860 305 144.495
865 305 144.061
870 305 143.53
875 305 142.911
880 305 142.215
885 305 141.454
890 305 140.639
895 305 139.783

0 310 125.1
5 310 124.949
10 310 124.777
15 310 124.583
20 310 124.365
25 310 124.12
30 310 123.847
35 310 123.544
40 310 123.208
45 310 122.837
50 310 122.432
55 310 121.988
60 310 121.507
65 310 120.986
70 310 120.426
75 310 119.827
80 310 119.19
85 310 118.515
90 310 117.805
95 310 117.062
100 310 116.291
105 310 115.494
110 310 114.678
115 310 113.846
120 310 113.007
125 310 112.167
130 310 111.333
135 310 110.513
140 310 109.716
145 310 108.951
150 310 108.225
155 310 107.547
160 310 106.927
165 310 106.371
170 310 105.888
175 310 105.484
180 310 105.165
185 310 104.936
190 310 104.801
195 310 104.762
200 310 104.822
205 310 104.98
210 310 105.234
215 310 105.582
220 310 106.019
225 310 106.54
230 310 107.136
235 310 107.799
240 310 108.519
245 310 109.283
250 310 110.078
255 310 110.89
260 310 111.704
265 310 112.502
270 310 113.268
275 310 113.984
280 310 114.631
285 310 115.192
290 310 115.649
295 310 115.985
300 310 116.184
305 310 116.231
310 310 116.114
315 310 115.823
320 310 115.349
325 310 114.687
330 310 113.837
335 310 112.799
340 310 111.578
345 310 110.184
350 310 108.629
355 310 106.928
360 310 105.1
365 310 103.167
370 310 101.153
375 310 99.0847
380 310 96.99
385 310 94.8975
390 310 92.8363
395 310 90.8353
400 310 88.9225
405 310 87.1245
410 310 85.466
415 310 83.9693
420 310 82.6536
425 310 81.5355
430 310 80.6277
435 310 79.9397
440 310 79.4773
445 310 79.2428
450 310 79.2351
455 310 79.4497
460 310 79.879
465 310 80.513
470 310 81.339
475 310 82.3424
480 310 83.5068
485 310 84.8148
490 310 86.248
495 310 87.7875
500 310 89.4142
505 310 91.1093
510 310 92.8545
515 310 94.6322
520 310 96.4257
525 310 98.2195
530 310 99.9995
535 310 101.753
540 310 103.468
545 310 105.135
550 310 106.746
555 310 108.293
560 310 109.771
565 310 111.176
570 310 112.504
575 310 113.754
580 310 114.925
585 310 116.018
590 310 117.032
595 310 117.97
600 310 118.835
605 310 119.628
610 310 120.354
615 310 121.017
620 310 121.619
625 310 122.166
630 310 122.662
635 310 123.111
640 310 123.518
645 310 123.888
650 310 124.225
655 310 124.535
660 310 124.823
665 310 125.092
670 310 125.349
675 310 125.598
680 310 125.843
685 310 126.091
690 310 126.346
695 310 126.613
700 310 126.896
705 310 127.2
710 310 127.53
715 310 127.889
720 310 128.282
725 310 128.711
730 310 129.179
735 310 129.688
740 310 130.24
745 310 130.834
750 310 131.469
755 310 132.143
760 310 132.854
765 310 133.597
770 310 134.366
775 310 135.155
780 310 135.956
785 310 136.76
790 310 137.557
795 310 138.337
800 310 139.09
805 310 139.803
810 310 140.467
815 310 141.07
820 310 141.603
825 310 142.056
830 310 142.423
835 310 142.695
840 310 142.869
845 310 142.941
850 310 142.911
855 310 142.777
860 310 142.544
865 310 142.215
870 310 141.796
875 310 141.295
880 310 140.719
885 310 140.08
890 310 139.386
895 310 138.65

0 315 124.966
5 315 124.794
10 315 124.598
15 315 124.378
20 315 124.129
25 315 123.851
30 315 123.54
35 315 123.193
40 315 122.81
45 315 122.387
50 315 121.922
55 315 121.414
60 315 120.861
65 315 120.261
70 315 119.614
75 315 118.919
80 315 118.177
85 315 117.389
90 315 116.555
95 315 115.679
100 315 114.763
105 315 113.81
110 315 112.827
115 315 111.819
120 315 110.791
125 315 109.751
130 315 108.707
135 315 107.668
140 315 106.643
145 315 105.641
150 315 104.674
155 315 103.75
160 315 102.88
165 315 102.075
170 315 101.345
175 315 100.698
180 315 100.145
185 315 99.6923
190 315 99.3478
195 315 99.1174
200 315 99.0059
205 315 99.0168
210 315 99.1519
215 315 99.4115
220 315 99.7942
225 315 100.297
230 315 100.914
235 315 101.64
240 315 102.465
245 315 103.379
250 315 104.369
255 315 105.421
260 315 106.52
265 315 107.648
270 315 108.787
275 315 109.916
280 315 111.016
285 315 112.065
290 315 113.042
295 315 113.926
300 315 114.696
305 315 115.335
310 315 115.823
315 315 116.145
320 315 116.288
325 315 116.242
330 315 115.999
335 315 115.555
340 315 114.911
345 315 114.07
350 315 113.04
355 315 111.831
360 315 110.461
365 315 108.946
370 315 107.308
375 315 105.572
380 315 103.765
385 315 101.913
390 315 100.046
395 315 98.1932
400 315 96.3835
405 315 94.6448
410 315 93.0038
415 315 91.485
420 315 90.1104
425 315 88.8993
430 315 87.8677
435 315 87.0282
440 315 86.3901
445 315 85.9588
450 315 85.7365
455 315 85.7219
460 315 85.9105
465 315 86.2949
470 315 86.8652
475 315 87.6092
480 315 88.5128
485 315 89.5603
490 315 90.7352
495 315 92.0199
500 315 93.3969
505 315 94.8484
510 315 96.3568
515 315 97.9053
520 315 99.4779
525 315 101.06
530 315 102.636
535 315 104.195
540 315 105.726
545 315 107.217
550 315 108.662
555 315 110.052
560 315 111.383
565 315 112.648
570 315 113.847
575 315 114.975
580 315 116.033
585 315 117.02
590 315 117.936
595 315 118.784
600 315 119.565
605 315 120.281
610 315 120.936
615 315 121.533
620 315 122.075
625 315 122.566
630 315 123.011
635 315 123.413
640 315 123.776
645 315 124.105
650 315 124.404
655 315 124.676
660 315 124.928
665 315 125.162
670 315 125.383
675 315 125.596
680 315 125.804
685 315 126.012
690 315 126.225
695 315 126.446
700 315 126.681
705 315 126.932
710 315 127.203
715 315 127.5
720 315 127.824
725 315 128.179
730 315 128.568
735 315 128.993
740 315 129.454
745 315 129.953
750 315 130.489
755 315 131.061
760 315 131.668
765 315 132.305
770 315 132.968
775 315 133.653
780 315 134.352
785 315 135.059
790 315 135.766
795 315 136.463
800 315 137.141
805 315 137.791
810 315 138.402
815 315 138.967
820 315 139.474
825 315 139.916
830 315 140.286
835 315 140.576
840 315 140.782
845 315 140.899
850 315 140.927
855 315 140.863
860 315 140.71
865 315 140.471
870 315 140.148
875 315 139.749
880 315 139.281
885 315 138.75
890 315 138.167
895 315 137.54

0 320 124.818
5 320 124.623
10 320 124.402
15 320 124.153
20 320 123.872
25 320 123.558
30 320 123.206
35 320 122.815
40 320 122.382
45 320 121.904
50 320 121.378
55 320 120.802
60 320 120.175
65 320 119.494
70 320 118.758
75 320 117.967
80 320 117.12
85 320 116.217
90 320 115.26
95 320 114.251
100 320 113.192
105 320 112.088
110 320 110.941
115 320 109.76
120 320 108.548
125 320 107.315
130 320 106.069
135 320 104.819
140 320 103.574
145 320 102.346
150 320 101.146
155 320 99.9862
160 320 98.8778
165 320 97.8333
170 320 96.8651
175 320 95.9849
180 320 95.2043
185 320 94.5343
190 320 93.985
195 320 93.5656
200 320 93.284
205 320 93.1468
210 320 93.1592
215 320 93.3245
220 320 93.6445
225 320 94.1187
230 320 94.7448
235 320 95.5181
240 320 96.432
245 320 97.4775
250 320 98.6432
255 320 99.9158
260 320 101.28
265 320 102.717
270 320 104.208
275 320 105.733
280 320 107.267
285 320 108.789
290 320 110.273
295 320 111.695
300 320 113.03
305 320 114.256
310 320 115.349
315 320 116.288
320 320 117.056
325 320 117.635
330 320 118.013
335 320 118.181
340 320 118.133
345 320 117.867
350 320 117.387
355 320 116.697
360 320 115.811
365 320 114.741
370 320 113.507
375 320 112.131
380 320 110.636
385 320 109.049
390 320 107.398
395 320 105.713
400 320 104.023
405 320 102.357
410 320 100.744
415 320 99.2105
420 320 97.7809
425 320 96.4776
430 320 95.3198
435 320 94.3237
440 320 93.5019
445 320 92.8635
450 320 92.4143
455 320 92.1565
460 320 92.0889
465 320 92.2075
470 320 92.5051
475 320 92.9724
480 320 93.5978
485 320 94.368
490 320 95.2682
495 320 96.2828
500 320 97.3955
505 320 98.5898
510 320 99.8492
515 320 101.158
520 320 102.5
525 320 103.861
530 320 105.228
535 320 106.587
540 320 107.929
545 320 109.242
550 320 110.518
555 320 111.75
560 320 112.932
565 320 114.06
570 320 115.129
575 320 116.138
580 320 117.085
585 320 117.968
590 320 118.79
595 320 119.55
600 320 120.25
605 320 120.892
610 320 121.479
615 320 122.014
620 320 122.5
625 320 122.939
630 320 123.336
635 320 123.694
640 320 124.017
645 320 124.308
650 320 124.572
655 320 124.812
660 320 125.032
665 320 125.235
670 320 125.425
675 320 125.607
680 320 125.783
685 320 125.958
690 320 126.135
695 320 126.318
700 320 126.511
705 320 126.717
710 320 126.94
715 320 127.183
720 320 127.45
725 320 127.742
730 320 128.063
735 320 128.414
740 320 128.798
745 320 129.214
750 320 129.664
755 320 130.146
760 320 130.659
765 320 131.202
770 320 131.77
775 320 132.359
780 320 132.965
785 320 133.582
790 320 134.203
795 320 134.82
800 320 135.426
805 320 136.011
810 320 136.569
815 320 137.09
820 320 137.566
825 320 137.989
830 320 138.352
835 320 138.649
840 320 138.874
845 320 139.024
850 320 139.096
855 320 139.088
860 320 139.001
865 320 138.836
870 320 138.596
875 320 138.286
880 320 137.91
885 320 137.477
890 320 136.992
895 320 136.463

0 325 124.655
5 325 124.436
10 325 124.188
15 325 123.907
20 325 123.592
25 325 123.239
30 325 122.844
35 325 122.406
40 325 121.92
45 325 121.383
50 325 120.794
55 325 120.148
60 325 119.444
65 325 118.68
70 325 117.854
75 325 116.964
80 325 116.01
85 325 114.992
90 325 113.912
95 325 112.77
100 325 111.569
105 325 110.314
110 325 109.007
115 325 107.656
120 325 106.266
125 325 104.846
130 325 103.403
135 325 101.949
140 325 100.493
145 325 99.0482
150 325 97.6258
155 325 96.2394
160 325 94.9025
165 325 93.6291
170 325 92.4334
175 325 91.3294
180 325 90.3312
185 325 89.4521
190 325 88.7052
195 325 88.1022
200 325 87.6542
205 325 87.3709
210 325 87.2603
215 325 87.3288
220 325 87.5811
225 325 88.0195
230 325 88.6442
235 325 89.4532
240 325 90.4417
245 325 91.6026
250 325 92.9261
255 325 94.3996
260 325 96.0081
265 325 97.734
270 325 99.5575
275 325 101.456
280 325 103.406
285 325 105.382
290 325 107.357
295 325 109.303
300 325 111.191
305 325 112.995
310 325 114.687
315 325 116.242
320 325 117.635
325 325 118.845
330 325 119.853
335 325 120.645
340 325 121.208
345 325 121.536
350 325 121.625
355 325 121.478
360 325 121.1
365 325 120.502
370 325 119.698
375 325 118.707
380 325 117.55
385 325 116.253
390 325 114.842
395 325 113.346
400 325 111.795
405 325 110.219
410 325 108.648
415 325 107.111
420 325 105.634
425 325 104.243
430 325 102.961
435 325 101.806
440 325 100.797
445 325 99.9443
450 325 99.2592
455 325 98.7472
460 325 98.4108
465 325 98.2495
470 325 98.2596
475 325 98.4348
480 325 98.7663
485 325 99.2434
490 325 99.8536
495 325 100.583
500 325 101.418
505 325 102.342
510 325 103.34
515 325 104.398
520 325 105.5
525 325 106.632
530 325 107.782
535 325 108.936
540 325 110.083
545 325 111.214
550 325 112.32
555 325 113.392
560 325 114.426
565 325 115.415
570 325 116.357
575 325 117.247
580 325 118.084
585 325 118.867
590 325 119.596
595 325 120.271
600 325 120.893
605 325 121.465
610 325 121.987
615 325 122.463
620 325 122.895
625 325 123.285
630 325 123.638
635 325 123.955
640 325 124.241
645 325 124.499
650 325 124.731
655 325 124.941
660 325 125.132
665 325 125.308
670 325 125.472
675 325 125.626
680 325 125.775
685 325 125.922
690 325 126.069
695 325 126.22
700 325 126.379
705 325 126.548
710 325 126.73
715 325 126.928
720 325 127.146
725 325 127.385
730 325 127.648
735 325 127.937
740 325 128.254
745 325 128.599
750 325 128.973
755 325 129.377
760 325 129.808
765 325 130.267
770 325 130.75
775 325 131.254
780 325 131.775
785 325 132.309
790 325 132.849
795 325 133.391
800 325 133.927
805 325 134.45
810 325 134.953
815 325 135.428
820 325 135.869
825 325 136.267
830 325 136.616
835 325 136.911
840 325 137.146
845 325 137.317
850 325 137.421
855 325 137.456
860 325 137.421
865 325 137.317
870 325 137.146
875 325 136.912
880 325 136.617
885 325 136.268
890 325 135.87
895 325 135.43

0 330 124.477
5 330 124.231
10 330 123.953
15 330 123.639
20 330 123.287
25 330 122.892
30 330 122.452
35 330 121.963
40 330 121.421
45 330 120.824
50 330 120.167
55 330 119.449
60 330 118.665
65 330 117.814
70 330 116.894
75 330 115.903
80 330 114.841
85 330 113.707
90 330 112.502
95 330 111.227
100 330 109.885
105 330 108.479
110 330 107.015
115 330 105.497
120 330 103.932
125 330 102.329
130 330 100.696
135 330 99.0451
140 330 97.3863
145 330 95.7326
150 330 94.0974
155 330 92.4951
160 330 90.9406
165 330 89.4494
170 330 88.0375
175 330 86.7209
180 330 85.5157
185 330 84.4377
190 330 83.502
195 330 82.7235
200 330 82.1155
205 330 81.6905
210 330 81.4595
215 330 81.4316
220 330 81.6142
225 330 82.0123
230 330 82.6288
235 330 83.464
240 330 84.5154
245 330 85.7776
250 330 87.2425
255 330 88.8988
260 330 90.7325
265 330 92.7263
270 330 94.8603
275 330 97.1118
280 330 99.4558
285 330 101.865
290 330 104.31
295 330 106.762
300 330 109.187
305 330 111.556
310 330 113.837
315 330 115.999
320 330 118.013
325 330 119.853
330 330 121.494
335 330 122.916
340 330 124.101
345 330 125.035
350 330 125.712
355 330 126.125
360 330 126.278
365 330 126.174
370 330 125.825
375 330 125.245
380 330 124.453
385 330 123.471
390 330 122.324
395 330 121.042
400 330 119.652
405 330 118.185
410 330 116.673
415 330 115.147
420 330 113.634
425 330 112.165
430 330 110.763
435 330 109.454
440 330 108.256
445 330 107.187
450 330 106.26
455 330 105.487
460 330 104.872
465 330 104.42
470 330 104.13
475 330 104
480 330 104.024
485 330 104.193
490 330 104.499
495 330 104.93
500 330 105.473
505 330 106.114
510 330 106.84
515 330 107.636
520 330 108.488
525 330 109.383
530 330 110.307
535 330 111.25
540 330 112.198
545 330 113.143
550 330 114.075
555 330 114.986
560 330 115.87
565 330 116.72
570 330 117.534
575 330 118.306
580 330 119.035
585 330 119.719
590 330 120.357
595 330 120.95
600 330 121.497
605 330 122.001
610 330 122.461
615 330 122.881
620 330 123.262
625 330 123.607
630 330 123.918
635 330 124.198
640 330 124.449
645 330 124.675
650 330 124.879
655 330 125.062
660 330 125.228
665 330 125.38
670 330 125.521
675 330 125.652
680 330 125.778
685 330 125.901
690 330 126.023
695 330 126.148
700 330 126.277
705 330 126.415
710 330 126.563
715 330 126.724
720 330 126.9
725 330 127.095
730 330 127.309
735 330 127.546
740 330 127.806
745 330 128.09
750 330 128.4
755 330 128.735
760 330 129.095
765 330 129.48
770 330 129.887
775 330 130.315
780 330 130.76
785 330 131.218
790 330 131.686
795 330 132.157
800 330 132.627
805 330 133.09
810 330 133.539
815 330 133.968
820 330 134.37
825 330 134.74
830 330 135.07
835 330 135.356
840 330 135.592
845 330 135.774
850 330 135.9
855 330 135.967
860 330 135.973
865 330 135.918
870 330 135.804
875 330 135.633
880 330 135.408
885 330 135.132
890 330 134.81
895 330 134.448

0 335 124.281
5 335 124.006
10 335 123.696
15 335 123.347
20 335 122.954
25 335 122.516
30 335 122.027
35 335 121.484
40 335 120.884
45 335 120.222
50 335 119.495
55 335 118.7
60 335 117.834
65 335 116.893
70 335 115.876
75 335 114.782
80 335 113.608
85 335 112.356
90 335 111.024
95 335 109.615
100 335 108.132
105 335 106.577
110 335 104.955
115 335 103.273
120 335 101.537
125 335 99.7551
130 335 97.938
135 335 96.0962
140 335 94.2418
145 335 92.3882
150 335 90.5498
155 335 88.742
160 335 86.9809
165 335 85.2836
170 335 83.6675
175 335 82.1503
180 335 80.7501
185 335 79.4846
190 335 78.3712
195 335 77.4268
200 335 76.6674
205 335 76.1079
210 335 75.7616
215 335 75.6404
220 335 75.7541
225 335 76.1105
230 335 76.7146
235 335 77.5692
240 335 78.6739
245 335 80.0254
250 335 81.6173
255 335 83.4397
260 335 85.4797
265 335 87.7209
270 335 90.1436
275 335 92.7251
280 335 95.4396
285 335 98.2589
290 335 101.152
295 335 104.087
300 335 107.03
305 335 109.946
310 335 112.799
315 335 115.555
320 335 118.181
325 335 120.645
330 335 122.916
335 335 124.968
340 335 126.779
345 335 128.329
350 335 129.604
355 335 130.594
360 335 131.295
365 335 131.706
370 335 131.834
375 335 131.689
380 335 131.287
385 335 130.646
390 335 129.79
395 335 128.745
400 335 127.541
405 335 126.206
410 335 124.774
415 335 123.276
420 335 121.744
425 335 120.209
430 335 118.698
435 335 117.24
440 335 115.859
445 335 114.575
450 335 113.406
455 335 112.366
460 335 111.467
465 335 110.716
470 335 110.117
475 335 109.671
480 335 109.375
485 335 109.225
490 335 109.214
495 335 109.334
500 335 109.572
505 335 109.918
510 335 110.359
515 335 110.883
520 335 111.476
525 335 112.124
530 335 112.817
535 335 113.54
540 335 114.284
545 335 115.038
550 335 115.793
555 335 116.54
560 335 117.272
565 335 117.983
570 335 118.668
575 335 119.323
580 335 119.944
585 335 120.531
590 335 121.08
595 335 121.592
600 335 122.066
605 335 122.504
610 335 122.905
615 335 123.271
620 335 123.604
625 335 123.905
630 335 124.177
635 335 124.422
640 335 124.642
645 335 124.839
650 335 125.016
655 335 125.176
660 335 125.319
665 335 125.45
670 335 125.57
675 335 125.682
680 335 125.788
685 335 125.891
690 335 125.992
695 335 126.094
700 335 126.2
705 335 126.312
710 335 126.432
715 335 126.562
720 335 126.704
725 335 126.862
730 335 127.036
735 335 127.228
740 335 127.439
745 335 127.672
750 335 127.926
755 335 128.203
760 335 128.502
765 335 128.823
770 335 129.164
775 335 129.524
780 335 129.901
785 335 130.292
790 335 130.692
795 335 131.1
800 335 131.509
805 335 131.914
810 335 132.311
815 335 132.694
820 335 133.058
825 335 133.395
830 335 133.703
835 335 133.974
840 335 134.205
845 335 134.392
850 335 134.531
855 335 134.619
860 335 134.656
865 335 134.64
870 335 134.572
875 335 134.453
880 335 134.286
885 335 134.072
890 335 133.816
895 335 133.523

0 340 124.066
5 340 123.761
10 340 123.416
15 340 123.029
20 340 122.594
25 340 122.108
30 340 121.568
35 340 120.968
40 340 120.305
45 340 119.575
50 340 118.775
55 340 117.9
60 340 116.947
65 340 115.913
70 340 114.797
75 340 113.595
80 340 112.308
85 340 110.934
90 340 109.475
95 340 107.931
100 340 106.305
105 340 104.601
110 340 102.823
115 340 100.978
120 340 99.0731
125 340 97.1173
130 340 95.1205
135 340 93.0944
140 340 91.0518
145 340 89.0067
150 340 86.9745
155 340 84.9716
160 340 83.0153
165 340 81.1239
170 340 79.3162
175 340 77.6114
180 340 76.0291
185 340 74.5889
190 340 73.3101
195 340 72.2116
200 340 71.3113
205 340 70.6263
210 340 70.1724
215 340 69.9635
220 340 70.0118
225 340 70.3273
230 340 70.9175
235 340 71.7872
240 340 72.9382
245 340 74.3691
250 340 76.0753
255 340 78.0485
260 340 80.2771
265 340 82.7457
270 340 85.4352
275 340 88.3232
280 340 91.3837
285 340 94.588
290 340 97.9042
295 340 101.298
300 340 104.734
305 340 108.173
310 340 111.578
315 340 114.911
320 340 118.133
325 340 121.208
330 340 124.101
335 340 126.779
340 340 129.215
345 340 131.383
350 340 133.263
355 340 134.84
360 340 136.103
365 340 137.046
370 340 137.672
375 340 137.984
380 340 137.996
385 340 137.721
390 340 137.182
395 340 136.401
400 340 135.407
405 340 134.23
410 340 132.901
415 340 131.454
420 340 129.922
425 340 128.337
430 340 126.733
435 340 125.138
440 340 123.582
445 340 122.088
450 340 120.679
455 340 119.375
460 340 118.19
465 340 117.136
470 340 116.221
475 340 115.451
480 340 114.826
485 340 114.347
490 340 114.008
495 340 113.804
500 340 113.727
505 340 113.767
510 340 113.913
515 340 114.154
520 340 114.477
525 340 114.87
530 340 115.322
535 340 115.82
540 340 116.353
545 340 116.911
550 340 117.484
555 340 118.064
560 340 118.641
565 340 119.211
570 340 119.767
575 340 120.304
580 340 120.818
585 340 121.307
590 340 121.769
595 340 122.201
600 340 122.604
605 340 122.978
610 340 123.321
615 340 123.636
620 340 123.922
625 340 124.183
630 340 124.418
635 340 124.63
640 340 124.82
645 340 124.991
650 340 125.144
655 340 125.282
660 340 125.405
665 340 125.517
670 340 125.62
675 340 125.715
680 340 125.804
685 340 125.889
690 340 125.973
695 340 126.057
700 340 126.143
705 340 126.233
710 340 126.33
715 340 126.434
720 340 126.549
725 340 126.675
730 340 126.815
735 340 126.97
740 340 127.142
745 340 127.331
750 340 127.539
755 340 127.766
760 340 128.012
765 340 128.277
770 340 128.561
775 340 128.862
780 340 129.179
785 340 129.509
790 340 129.851
795 340 130.199
800 340 130.552
805 340 130.905
810 340 131.252
815 340 131.591
820 340 131.916
825 340 132.221
830 340 132.503
835 340 132.756
840 340 132.977
845 340 133.162
850 340 133.307
855 340 133.41
860 340 133.468
865 340 133.482
870 340 133.45
875 340 133.374
880 340 133.254
885 340 133.093
890 340 132.894
895 340 132.659

0 345 123.833
5 345 123.495
10 345 123.113
15 345 122.684
20 345 122.204
25 345 121.668
30 345 121.073
35 345 120.413
40 345 119.684
45 345 118.883
50 345 118.005
55 345 117.046
60 345 116.003
65 345 114.873
70 345 113.653
75 345 112.342
80 345 110.937
85 345 109.44
90 345 107.85
95 345 106.17
100 345 104.4
105 345 102.547
110 345 100.614
115 345 98.608
120 345 96.5372
125 345 94.4106
130 345 92.2391
135 345 90.0347
140 345 87.811
145 345 85.5828
150 345 83.3663
155 345 81.1789
160 345 79.0389
165 345 76.9658
170 345 74.9795
175 345 73.1006
180 345 71.3501
185 345 69.7491
190 345 68.3186
195 345 67.0789
200 345 66.05
205 345 65.2507
210 345 64.6987
215 345 64.4099
220 345 64.3986
225 345 64.6767
230 345 65.2537
235 345 66.1366
240 345 67.329
245 345 68.8315
250 345 70.6412
255 345 72.7515
260 345 75.1521
265 345 77.8288
270 345 80.7634
275 345 83.9341
280 345 87.3153
285 345 90.8778
290 345 94.5892
295 345 98.4142
300 345 102.315
305 345 106.252
310 345 110.184
315 345 114.07
320 345 117.867
325 345 121.536
330 345 125.035
335 345 128.329
340 345 131.383
345 345 134.167
350 345 136.653
355 345 138.822
360 345 140.656
365 345 142.145
370 345 143.284
375 345 144.074
380 345 144.521
385 345 144.638
390 345 144.44
395 345 143.951
400 345 143.195
405 345 142.202
410 345 141.003
415 345 139.631
420 345 138.122
425 345 136.51
430 345 134.83
435 345 133.115
440 345 131.397
445 345 129.704
450 345 128.064
455 345 126.499
460 345 125.03
465 345 123.673
470 345 122.44
475 345 121.341
480 345 120.382
485 345 119.565
490 345 118.89
495 345 118.353
500 345 117.95
505 345 117.674
510 345 117.514
515 345 117.462
520 345 117.506
525 345 117.635
530 345 117.838
535 345 118.103
540 345 118.419
545 345 118.775
550 345 119.161
555 345 119.568
560 345 119.989
565 345 120.414
570 345 120.839
575 345 121.257
580 345 121.664
585 345 122.055
590 345 122.43
595 345 122.784
600 345 123.116
605 345 123.426
610 345 123.714
615 345 123.978
620 345 124.221
625 345 124.442
630 345 124.642
635 345 124.823
640 345 124.985
645 345 125.131
650 345 125.263
655 345 125.38
660 345 125.486
665 345 125.581
670 345 125.668
675 345 125.748
680 345 125.822
685 345 125.893
690 345 125.962
695 345 126.031
700 345 126.101
705 345 126.174
710 345 126.251
715 345 126.335
720 345 126.427
725 345 126.528
730 345 126.64
735 345 126.764
740 345 126.902
745 345 127.055
750 345 127.223
755 345 127.408
760 345 127.61
765 345 127.828
770 345 128.062
775 345 128.312
780 345 128.577
785 345 128.854
790 345 129.142
795 345 129.439
800 345 129.74
805 345 130.044
810 345 130.346
815 345 130.643
820 345 130.93
825 345 131.203
830 345 131.458
835 345 131.691
840 345 131.898
845 345 132.076
850 345 132.222
855 345 132.332
860 345 132.406
865 345 132.441
870 345 132.437
875 345 132.394
880 345 132.313
885 345 132.196
890 345 132.043
895 345 131.859

0 350 123.58
5 350 123.206
10 350 122.785
15 350 122.312
20 350 121.784
25 350 121.195
30 350 120.541
35 350 119.817
40 350 119.019
45 350 118.143
50 350 117.183
55 350 116.137
60 350 115
65 350 113.77
70 350 112.443
75 350 111.019
80 350 109.495
85 350 107.872
90 350 106.149
95 350 104.33
100 350 102.417
105 350 100.414
110 350 98.3261
115 350 96.161
120 350 93.9267
125 350 91.6332
130 350 89.2916
135 350 86.9149
140 350 84.5172
145 350 82.1143
150 350 79.7231
155 350 77.3618
160 350 75.05
165 350 72.8078
170 350 70.6564
175 350 68.6176
180 350 66.7135
185 350 64.9665
190 350 63.3988
195 350 62.0324
200 350 60.8885
205 350 59.9876
210 350 59.3488
215 350 58.9899
220 350 58.9267
225 350 59.1729
230 350 59.7399
235 350 60.6362
240 350 61.8673
245 350 63.4357
250 350 65.3399
255 350 67.5751
260 350 70.1323
265 350 72.9987
270 350 76.1572
275 350 79.5869
280 350 83.2627
285 350 87.1555
290 350 91.2329
295 350 95.4589
300 350 99.7947
305 350 104.199
310 350 108.629
315 350 113.04
320 350 117.387
325 350 121.625
330 350 125.712
335 350 129.604
340 350 133.263
345 350 136.653
350 350 139.742
355 350 142.503
360 350 144.913
365 350 146.956
370 350 148.622
375 350 149.905
380 350 150.808
385 350 151.338
390 350 151.508
395 350 151.336
400 350 150.846
405 350 150.065
410 350 149.024
415 350 147.757
420 350 146.298
425 350 144.683
430 350 142.951
435 350 141.136
440 350 139.274
445 350 137.398
450 350 135.539
455 350 133.724
460 350 131.977
465 350 130.32
470 350 128.771
475 350 127.343
480 350 126.046
485 350 124.886
490 350 123.868
495 350 122.992
500 350 122.254
505 350 121.652
510 350 121.177
515 350 120.823
520 350 120.578
525 350 120.434
530 350 120.38
535 350 120.403
540 350 120.494
545 350 120.642
550 350 120.836
555 350 121.066
560 350 121.325
565 350 121.603
570 350 121.894
575 350 122.191
580 350 122.489
585 350 122.783
590 350 123.069
595 350 123.344
600 350 123.607
605 350 123.855
610 350 124.087
615 350 124.303
620 350 124.502
625 350 124.685
630 350 124.851
635 350 125.003
640 350 125.139
645 350 125.262
650 350 125.373
655 350 125.472
660 350 125.561
665 350 125.641
670 350 125.714
675 350 125.781
680 350 125.843
685 350 125.902
690 350 125.959
695 350 126.014
700 350 126.071
705 350 126.129
710 350 126.191
715 350 126.258
720 350 126.331
725 350 126.411
730 350 126.501
735 350 126.6
740 350 126.71
745 350 126.833
750 350 126.969
755 350 127.118
760 350 127.282
765 350 127.46
770 350 127.652
775 350 127.858
780 350 128.077
785 350 128.309
790 350 128.55
795 350 128.8
800 350 129.056
805 350 129.316
810 350 129.576
815 350 129.833
820 350 130.084
825 350 130.326
830 350 130.554
835 350 130.766
840 350 130.957
845 350 131.125
850 350 131.267
855 350 131.38
860 350 131.462
865 350 131.512
870 350 131.528
875 350 131.512
880 350 131.462
885 350 131.38
890 350 131.267
895 350 131.125

0 355 123.306
5 355 122.894
10 355 122.43
15 355 121.911
20 355 121.332
25 355 120.686
30 355 119.971
35 355 119.18
40 355 118.309
45 355 117.354
50 355 116.31
55 355 115.172
60 355 113.938
65 355 112.604
70 355 111.167
75 355 109.626
80 355 107.98
85 355 106.228
90 355 104.372
95 355 102.413
100 355 100.354
105 355 98.2016
110 355 95.9601
115 355 93.6374
120 355 91.2423
125 355 88.7855
130 355 86.2787
135 355 83.7357
140 355 81.1713
145 355 78.6021
150 355 76.0459
155 355 73.5217
160 355 71.0499
165 355 68.6517
170 355 66.3492
175 355 64.1651
180 355 62.1226
185 355 60.245
190 355 58.5558
195 355 57.078
200 355 55.834
205 355 54.8454
210 355 54.1328
215 355 53.7151
220 355 53.6095
225 355 53.8312
230 355 54.393
235 355 55.305
240 355 56.5742
245 355 58.2044
250 355 60.1959
255 355 62.5453
260 355 65.2451
265 355 68.2839
270 355 71.6458
275 355 75.3109
280 355 79.2549
285 355 83.4495
290 355 87.8622
295 355 92.4572
300 355 97.1949
305 355 102.033
310 355 106.928
315 355 111.831
320 355 116.697
325 355 121.478
330 355 126.125
335 355 130.594
340 355 134.84
345 355 138.822
350 355 142.503
355 355 145.85
360 355 148.835
365 355 151.436
370 355 153.637
375 355 155.426
380 355 156.802
385 355 157.765
390 355 158.326
395 355 158.498
400 355 158.302
405 355 157.763
410 355 156.91
415 355 155.776
420 355 154.397
425 355 152.809
430 355 151.051
435 355 149.162
440 355 147.179
445 355 145.14
450 355 143.079
455 355 141.027
460 355 139.015
465 355 137.068
470 355 135.207
475 355 133.453
480 355 131.818
485 355 130.315
490 355 128.95
495 355 127.729
500 355 126.651
505 355 125.715
510 355 124.917
515 355 124.251
520 355 123.71
525 355 123.284
530 355 122.963
535 355 122.737
540 355 122.596
545 355 122.528
550 355 122.523
555 355 122.571
560 355 122.663
565 355 122.789
570 355 122.943
575 355 123.116
580 355 123.302
585 355 123.496
590 355 123.694
595 355 123.89
600 355 124.082
605 355 124.268
610 355 124.446
615 355 124.613
620 355 124.77
625 355 124.915
630 355 125.049
635 355 125.172
640 355 125.283
645 355 125.384
650 355 125.475
655 355 125.558
660 355 125.632
665 355 125.698
670 355 125.759
675 355 125.814
680 355 125.866
685 355 125.914
690 355 125.96
695 355 126.005
700 355 126.05
705 355 126.097
710 355 126.146
715 355 126.199
720 355 126.257
725 355 126.321
730 355 126.391
735 355 126.47
740 355 126.558
745 355 126.656
750 355 126.764
755 355 126.884
760 355 127.016
765 355 127.161
770 355 127.317
775 355 127.486
780 355 127.666
785 355 127.858
790 355 128.059
795 355 128.268
800 355 128.483
805 355 128.703
810 355 128.925
815 355 129.147
820 355 129.365
825 355 129.576
830 355 129.778
835 355 129.968
840 355 130.142
845 355 130.298
850 355 130.432
855 355 130.544
860 355 130.63
865 355 130.689
870 355 130.72
875 355 130.723
880 355 130.697
885 355 130.644
890 355 130.563
895 355 130.457

0 360 123.01
5 360 122.558
10 360 122.05
15 360 121.481
20 360 120.847
25 360 120.143
30 360 119.362
35 360 118.501
40 360 117.554
45 360 116.517
50 360 115.384
55 360 114.152
60 360 112.817
65 360 111.376
70 360 109.826
75 360 108.165
80 360 106.394
85 360 104.511
90 360 102.519
95 360 100.419
100 360 98.2148
105 360 95.9125
110 360 93.5181
115 360 91.0396
120 360 88.4867
125 360 85.8705
130 360 83.2037
135 360 80.5006
140 360 77.777
145 360 75.0502
150 360 72.3389
155 360 69.6629
160 360 67.0434
165 360 64.5025
170 360 62.0631
175 360 59.7487
180 360 57.5834
185 360 55.5914
190 360 53.797
195 360 52.2239
200 360 50.8955
205 360 49.8344
210 360 49.062
215 360 48.5982
220 360 48.4613
225 360 48.6675
230 360 49.2308
235 360 50.1623
240 360 51.4704
245 360 53.1603
250 360 55.2336
255 360 57.6882
260 360 60.518
265 360 63.7129
270 360 67.2584
275 360 71.1357
280 360 75.3217
285 360 79.7889
290 360 84.5055
295 360 89.4358
300 360 94.5405
305 360 99.7769
310 360 105.1
315 360 110.461
320 360 115.811
325 360 121.1
330 360 126.278
335 360 131.295
340 360 136.103
345 360 140.656
350 360 144.913
355 360 148.835
360 360 152.389
365 360 155.546
370 360 158.285
375 360 160.59
380 360 162.45
385 360 163.865
390 360 164.837
395 360 165.378
400 360 165.504
405 360 165.236
410 360 164.602
415 360 163.634
420 360 162.366
425 360 160.837
430 360 159.084
435 360 157.15
440 360 155.074
445 360 152.897
450 360 150.655
455 360 148.387
460 360 146.125
465 360 143.9
470 360 141.74
475 360 139.666
480 360 137.698
485 360 135.853
490 360 134.142
495 360 132.573
500 360 131.15
505 360 129.875
510 360 128.748
515 360 127.763
520 360 126.916
525 360 126.2
530 360 125.604
535 360 125.121
540 360 124.739
545 360 124.447
550 360 124.237
555 360 124.096
560 360 124.015
565 360 123.985
570 360 123.997
575 360 124.042
580 360 124.114
585 360 124.206
590 360 124.312
595 360 124.428
600 360 124.549
605 360 124.672
610 360 124.794
615 360 124.913
620 360 125.027
625 360 125.136
630 360 125.238
635 360 125.332
640 360 125.419
645 360 125.499
650 360 125.572
655 360 125.638
660 360 125.698
665 360 125.752
670 360 125.802
675 360 125.847
680 360 125.888
685 360 125.927
690 360 125.965
695 360 126.001
700 360 126.037
705 360 126.074
710 360 126.113
715 360 126.155
720 360 126.2
725 360 126.25
730 360 126.306
735 360 126.368
740 360 126.437
745 360 126.515
750 360 126.601
755 360 126.697
760 360 126.803
765 360 126.919
770 360 127.046
775 360 127.183
780 360 127.33
785 360 127.487
790 360 127.653
795 360 127.827
800 360 128.007
805 360 128.192
810 360 128.38
815 360 128.569
820 360 128.757
825 360 128.94
830 360 129.117
835 360 129.285
840 360 129.441
845 360 129.583
850 360 129.709
855 360 129.815
860 360 129.902
865 360 129.966
870 360 130.007
875 360 130.024
880 360 130.016
885 360 129.985
890 360 129.93
895 360 129.852

0 365 122.693
5 365 122.198
10 365 121.642
15 365 121.022
20 365 120.331
25 365 119.564
30 365 118.715
35 365 117.78
40 365 116.754
45 365 115.631
50 365 114.406
55 365 113.076
60 365 111.637
65 365 110.086
70 365 108.42
75 365 106.637
80 365 104.738
85 365 102.723
90 365 100.593
95 365 98.3509
100 365 96.0015
105 365 93.5502
110 365 91.0043
115 365 88.3724
120 365 85.6649
125 365 82.8936
130 365 80.0722
135 365 77.2157
140 365 74.3407
145 365 71.4653
150 365 68.6091
155 365 65.7927
160 365 63.0381
165 365 60.3681
170 365 57.8063
175 365 55.3771
180 365 53.1052
185 365 51.0153
190 365 49.1323
195 365 47.4807
200 365 46.0846
205 365 44.9668
210 365 44.1496
215 365 43.6535
220 365 43.4975
225 365 43.6984
230 365 44.271
235 365 45.2275
240 365 46.5771
245 365 48.326
250 365 50.477
255 365 53.0291
260 365 55.9776
265 365 59.3135
270 365 63.0238
275 365 67.091
280 365 71.493
285 365 76.2036
290 365 81.1919
295 365 86.4231
300 365 91.8581
305 365 97.4545
310 365 103.167
315 365 108.946
320 365 114.741
325 365 120.502
330 365 126.174
335 365 131.706
340 365 137.046
345 365 142.145
350 365 146.956
355 365 151.436
360 365 155.546
365 365 159.253
370 365 162.529
375 365 165.351
380 365 167.707
385 365 169.586
390 365 170.989
395 365 171.92
400 365 172.393
405 365 172.426
410 365 172.043
415 365 171.274
420 365 170.152
425 365 168.715
430 365 167.002
435 365 165.055
440 365 162.917
445 365 160.631
450 365 158.237
455 365 155.776
460 365 153.286
465 365 150.802
470 365 148.355
475 365 145.974
480 365 143.682
485 365 141.501
490 365 139.446
495 365 137.53
500 365 135.761
505 365 134.144
510 365 132.682
515 365 131.372
520 365 130.213
525 365 129.198
530 365 128.32
535 365 127.57
540 365 126.939
545 365 126.417
550 365 125.993
555 365 125.656
560 365 125.396
565 365 125.203
570 365 125.067
575 365 124.98
580 365 124.934
585 365 124.92
590 365 124.932
595 365 124.964
600 365 125.012
605 365 125.071
610 365 125.137
615 365 125.207
620 365 125.278
625 365 125.35
630 365 125.42
635 365 125.487
640 365 125.55
645 365 125.609
650 365 125.664
655 365 125.715
660 365 125.761
665 365 125.804
670 365 125.842
675 365 125.878
680 365 125.911
685 365 125.942
690 365 125.972
695 365 126.001
700 365 126.029
705 365 126.059
710 365 126.089
715 365 126.122
720 365 126.157
725 365 126.197
730 365 126.24
735 365 126.289
740 365 126.343
745 365 126.404
750 365 126.472
755 365 126.548
760 365 126.632
765 365 126.725
770 365 126.827
775 365 126.938
780 365 127.058
785 365 127.186
790 365 127.322
795 365 127.465
800 365 127.615
805 365 127.769
810 365 127.927
815 365 128.087
820 365 128.246
825 365 128.404
830 365 128.557
835 365 128.704
840 365 128.843
845 365 128.971
850 365 129.086
855 365 129.186
860 365 129.269
865 365 129.335
870 365 129.382
875 365 129.408
880 365 129.414
885 365 129.4
890 365 129.365
895 365 129.311

0 370 122.353
5 370 121.813
10 370 121.208
15 370 120.533
20 370 119.782
25 370 118.949
30 370 118.03
35 370 117.018
40 370 115.909
45 370 114.697
50 370 113.377
55 370 111.946
60 370 110.4
65 370 108.736
70 370 106.951
75 370 105.045
80 370 103.016
85 370 100.867
90 370 98.5982
95 370 96.2142
100 370 93.7195
105 370 91.1204
110 370 88.4249
115 370 85.6424
120 370 82.7841
125 370 79.8626
130 370 76.8925
135 370 73.8896
140 370 70.8714
145 370 67.8569
150 370 64.8664
155 370 61.9214
160 370 59.0445
165 370 56.2593
170 370 53.5901
175 370 51.0618
180 370 48.6995
185 370 46.5286
190 370 44.5742
195 370 42.8614
200 370 41.4144
205 370 40.2565
210 370 39.4102
215 370 38.8963
220 370 38.7341
225 370 38.941
230 370 39.5322
235 370 40.5202
240 370 41.915
245 370 43.7236
250 370 45.9496
255 370 48.5929
260 370 51.65
265 370 55.1131
270 370 58.9704
275 370 63.2057
280 370 67.7984
285 370 72.7234
290 370 77.9512
295 370 83.448
300 370 89.1757
305 370 95.0925
310 370 101.153
315 370 107.308
320 370 113.507
325 370 119.698
330 370 125.825
335 370 131.834
340 370 137.672
345 370 143.284
350 370 148.622
355 370 153.637
360 370 158.285
365 370 162.529
370 370 166.334
375 370 169.674
380 370 172.527
385 370 174.881
390 370 176.729
395 370 178.071
400 370 178.916
405 370 179.277
410 370 179.175
415 370 178.638
420 370 177.697
425 370 176.388
430 370 174.751
435 370 172.829
440 370 170.664
445 370 168.302
450 370 165.786
455 370 163.162
460 370 160.47
465 370 157.749
470 370 155.036
475 370 152.364
480 370 149.762
485 370 147.254
490 370 144.862
495 370 142.603
500 370 140.489
505 370 138.53
510 370 136.73
515 370 135.092
520 370 133.614
525 370 132.294
530 370 131.126
535 370 130.102
540 370 129.214
545 370 128.452
550 370 127.806
555 370 127.265
560 370 126.819
565 370 126.456
570 370 126.167
575 370 125.942
580 370 125.772
585 370 125.648
590 370 125.562
595 370 125.508
600 370 125.48
605 370 125.472
610 370 125.48
615 370 125.5
620 370 125.528
625 370 125.561
630 370 125.599
635 370 125.637
640 370 125.677
645 370 125.715
650 370 125.753
655 370 125.788
660 370 125.822
665 370 125.853
670 370 125.882
675 370 125.909
680 370 125.934
685 370 125.958
690 370 125.981
695 370 126.004
700 370 126.026
705 370 126.049
710 370 126.073
715 370 126.098
720 370 126.125
725 370 126.156
730 370 126.189
735 370 126.227
740 370 126.27
745 370 126.317
750 370 126.371
755 370 126.431
760 370 126.497
765 370 126.571
770 370 126.652
775 370 126.741
780 370 126.838
785 370 126.941
790 370 127.052
795 370 127.169
800 370 127.292
805 370 127.42
810 370 127.552
815 370 127.686
820 370 127.821
825 370 127.955
830 370 128.087
835 370 128.214
840 370 128.336
845 370 128.449
850 370 128.553
855 370 128.645
860 370 128.724
865 370 128.789
870 370 128.838
875 370 128.871
880 370 128.886
885 370 128.884
890 370 128.865
895 370 128.829

0 375 121.992
5 375 121.404
10 375 120.746
15 375 120.014
20 375 119.2
25 375 118.299
30 375 117.306
35 375 116.215
40 375 115.02
45 375 113.716
50 375 112.299
55 375 110.765
60 375 109.109
65 375 107.329
70 375 105.424
75 375 103.391
80 375 101.232
85 375 98.9477
90 375 96.5405
95 375 94.0146
100 375 91.3755
105 375 88.6304
110 375 85.7878
115 375 82.8582
120 375 79.8535
125 375 76.7873
130 375 73.6749
135 375 70.5333
140 375 67.3806
145 375 64.2369
150 375 61.1231
155 375 58.0616
160 375 55.0757
165 375 52.1896
170 375 49.4281
175 375 46.8165
180 375 44.3805
185 375 42.1456
190 375 40.1374
195 375 38.3807
200 375 36.9001
205 375 35.719
210 375 34.8596
215 375 34.3429
220 375 34.1883
225 375 34.4131
230 375 35.0326
235 375 36.0597
240 375 37.5046
245 375 39.3746
250 375 41.674
255 375 44.4035
260 375 47.5604
265 375 51.1379
270 375 55.1255
275 375 59.5082
280 375 64.2669
285 375 69.3778
290 375 74.8131
295 375 80.5401
300 375 86.5222
305 375 92.7186
310 375 99.0847
315 375 105.572
320 375 112.131
325 375 118.707
330 375 125.245
335 375 131.689
340 375 137.984
345 375 144.074
350 375 149.905
355 375 155.426
360 375 160.59
365 375 165.351
370 375 169.674
375 375 173.524
380 375 176.875
385 375 179.708
390 375 182.012
395 375 183.781
400 375 185.018
405 375 185.733
410 375 185.943
415 375 185.671
420 375 184.946
425 375 183.803
430 375 182.28
435 375 180.42
440 375 178.266
445 375 175.865
450 375 173.264
455 375 170.509
460 375 167.646
465 375 164.716
470 375 161.762
475 375 158.82
480 375 155.924
485 375 153.105
490 375 150.388
495 375 147.793
500 375 145.34
505 375 143.039
510 375 140.902
515 375 138.932
520 375 137.132
525 375 135.501
530 375 134.036
535 375 132.731
540 375 131.578
545 375 130.569
550 375 129.693
555 375 128.94
560 375 128.299
565 375 127.759
570 375 127.309
575 375 126.94
580 375 126.639
585 375 126.4
590 375 126.212
595 375 126.068
600 375 125.96
605 375 125.883
610 375 125.83
615 375 125.797
620 375 125.779
625 375 125.774
630 375 125.778
635 375 125.788
640 375 125.803
645 375 125.82
650 375 125.84
655 375 125.86
660 375 125.881
665 375 125.901
670 375 125.921
675 375 125.94
680 375 125.958
685 375 125.975
690 375 125.992
695 375 126.009
700 375 126.026
705 375 126.043
710 375 126.061
715 375 126.081
720 375 126.102
725 375 126.125
730 375 126.151
735 375 126.18
740 375 126.213
745 375 126.25
750 375 126.292
755 375 126.339
760 375 126.391
765 375 126.449
770 375 126.514
775 375 126.584
780 375 126.661
785 375 126.745
790 375 126.834
795 375 126.93
800 375 127.03
805 375 127.135
810 375 127.244
815 375 127.356
820 375 127.469
825 375 127.582
830 375 127.694
835 375 127.804
840 375 127.909
845 375 128.009
850 375 128.101
855 375 128.184
860 375 128.257
865 375 128.319
870 375 128.368
875 375 128.404
880 375 128.426
885 375 128.433
890 375 128.426
895 375 128.404

0 380 121.608
5 380 120.97
10 380 120.258
15 380 119.466
20 380 118.587
25 380 117.615
30 380 116.546
35 380 115.372
40 380 114.089
45 380 112.691
50 380 111.174
55 380 109.534
60 380 107.766
65 380 105.869
70 380 103.841
75 380 101.682
80 380 99.3915
85 380 96.9718
90 380 94.4263
95 380 91.7595
100 380 88.9778
105 380 86.089
110 380 83.1028
115 380 80.0302
120 380 76.8842
125 380 73.6794
130 380 70.4321
135 380 67.1599
140 380 63.8822
145 380 60.6196
150 380 57.3941
155 380 54.2287
160 380 51.1473
165 380 48.1747
170 380 45.3363
175 380 42.6576
180 380 40.1646
185 380 37.883
190 380 35.8382
195 380 34.0553
200 380 32.5585
205 380 31.3709
210 380 30.5148
215 380 30.0106
220 380 29.8775
225 380 30.1326
230 380 30.7909
235 380 31.8651
240 380 33.3656
245 380 35.2997
250 380 37.6719
255 380 40.4836
260 380 43.7325
265 380 47.4129
270 380 51.5151
275 380 56.0256
280 380 60.9264
285 380 66.1956
290 380 71.8067
295 380 77.7289
300 380 83.927
305 380 90.3618
310 380 96.99
315 380 103.765
320 380 110.636
325 380 117.55
330 380 124.453
335 380 131.287
340 380 137.996
345 380 144.521
350 380 150.808
355 380 156.802
360 380 162.45
365 380 167.707
370 380 172.527
375 380 176.875
380 380 180.718
385 380 184.03
390 380 186.796
395 380 189.004
400 380 190.651
405 380 191.743
410 380 192.291
415 380 192.316
420 380 191.842
425 380 190.902
430 380 189.533
435 380 187.776
440 380 185.674
445 380 183.275
450 380 180.628
455 380 177.779
460 380 174.779
465 380 171.673
470 380 168.507
475 380 165.321
480 380 162.154
485 380 159.042
490 380 156.014
495 380 153.096
500 380 150.311
505 380 147.676
510 380 145.203
515 380 142.902
520 380 140.778
525 380 138.833
530 380 137.066
535 380 135.472
540 380 134.047
545 380 132.781
550 380 131.667
555 380 130.693
560 380 129.85
565 380 129.124
570 380 128.507
575 380 127.985
580 380 127.548
585 380 127.187
590 380 126.891
595 380 126.651
600 380 126.459
605 380 126.309
610 380 126.192
615 380 126.104
620 380 126.039
625 380 125.992
630 380 125.961
635 380 125.941
640 380 125.93
645 380 125.926
650 380 125.928
655 380 125.933
660 380 125.94
665 380 125.949
670 380 125.959
675 380 125.97
680 380 125.981
685 380 125.993
690 380 126.004
695 380 126.016
700 380 126.028
705 380 126.041
710 380 126.054
715 380 126.069
720 380 126.085
725 380 126.102
730 380 126.122
735 380 126.144
740 380 126.17
745 380 126.198
750 380 126.23
755 380 126.267
760 380 126.308
765 380 126.353
770 380 126.404
775 380 126.46
780 380 126.521
785 380 126.588
790 380 126.66
795 380 126.737
800 380 126.818
805 380 126.904
810 380 126.993
815 380 127.085
820 380 127.179
825 380 127.274
830 380 127.369
835 380 127.462
840 380 127.552
845 380 127.639
850 380 127.72
855 380 127.794
860 380 127.861
865 380 127.918
870 380 127.966
875 380 128.003
880 380 128.028
885 380 128.041
890 380 128.043
895 380 128.032

0 385 121.202
5 385 120.512
10 385 119.743
15 385 118.889
20 385 117.943
25 385 116.898
30 385 115.75
35 385 114.492
40 385 113.118
45 385 111.624
50 385 110.005
55 385 108.256
60 385 106.376
65 385 104.361
70 385 102.21
75 385 99.9226
80 385 97.5007
85 385 94.9464
90 385 92.2636
95 385 89.4577
100 385 86.5359
105 385 83.5068
110 385 80.381
115 385 77.1705
120 385 73.8892
125 385 70.5527
130 385 67.1783
135 385 63.7845
140 385 60.3917
145 385 57.0213
150 385 53.696
155 385 50.4396
160 385 47.2767
165 385 44.2325
170 385 41.3327
175 385 38.6032
180 385 36.0699
185 385 33.7587
190 385 31.6949
195 385 29.9031
200 385 28.4073
205 385 27.2303
210 385 26.3935
215 385 25.9172
220 385 25.8196
225 385 26.1174
230 385 26.8251
235 385 27.955
240 385 29.5171
245 385 31.5185
250 385 33.9637
255 385 36.8543
260 385 40.1885
265 385 43.9612
270 385 48.1636
275 385 52.7832
280 385 57.8036
285 385 63.2043
290 385 68.9604
295 385 75.0432
300 385 81.4192
305 385 88.0511
310 385 94.8975
315 385 101.913
320 385 109.049
325 385 116.253
330 385 123.471
335 385 130.646
340 385 137.721
345 385 144.638
350 385 151.338
355 385 157.765
360 385 163.865
365 385 169.586
370 385 174.881
375 385 179.708
380 385 184.03
385 385 187.817
390 385 191.045
395 385 193.699
400 385 195.77
405 385 197.258
410 385 198.17
415 385 198.521
420 385 198.332
425 385 197.633
430 385 196.457
435 385 194.843
440 385 192.836
445 385 190.482
450 385 187.829
455 385 184.929
460 385 181.831
465 385 178.585
470 385 175.24
475 385 171.841
480 385 168.43
485 385 165.048
490 385 161.729
495 385 158.505
500 385 155.4
505 385 152.439
510 385 149.637
515 385 147.007
520 385 144.559
525 385 142.298
530 385 140.225
535 385 138.338
540 385 136.634
545 385 135.105
550 385 133.744
555 385 132.541
560 385 131.486
565 385 130.567
570 385 129.772
575 385 129.09
580 385 128.51
585 385 128.019
590 385 127.609
595 385 127.267
600 385 126.987
605 385 126.758
610 385 126.573
615 385 126.426
620 385 126.31
625 385 126.22
630 385 126.151
635 385 126.1
640 385 126.062
645 385 126.036
650 385 126.018
655 385 126.006
660 385 126
665 385 125.998
670 385 125.999
675 385 126.001
680 385 126.006
685 385 126.011
690 385 126.018
695 385 126.025
700 385 126.033
705 385 126.041
710 385 126.051
715 385 126.061
720 385 126.073
725 385 126.086
730 385 126.101
735 385 126.117
740 385 126.137
745 385 126.158
750 385 126.183
755 385 126.211
760 385 126.243
765 385 126.278
770 385 126.318
775 385 126.362
780 385 126.41
785 385 126.463
790 385 126.521
795 385 126.582
800 385 126.648
805 385 126.717
810 385 126.79
815 385 126.866
820 385 126.943
825 385 127.022
830 385 127.101
835 385 127.18
840 385 127.256
845 385 127.331
850 385 127.401
855 385 127.466
860 385 127.526
865 385 127.579
870 385 127.623
875 385 127.659
880 385 127.686
885 385 127.704
890 385 127.711
895 385 127.708

0 390 120.775
5 390 120.031
10 390 119.204
15 390 118.285
20 390 117.269
25 390 116.15
30 390 114.921
35 390 113.576
40 390 112.11
45 390 110.518
50 390 108.795
55 390 106.938
60 390 104.943
65 390 102.809
70 390 100.534
75 390 98.12
80 390 95.5674
85 390 92.8798
90 390 90.0617
95 390 87.1194
100 390 84.0608
105 390 80.8956
110 390 77.6352
115 390 74.2926
120 390 70.8829
125 390 67.4225
130 390 63.9296
135 390 60.424
140 390 56.9267
145 390 53.46
150 390 50.0476
155 390 46.7136
160 390 43.4834
165 390 40.3825
170 390 37.437
175 390 34.6729
180 390 32.1162
185 390 29.7924
190 390 27.7267
195 390 25.9433
200 390 24.4656
205 390 23.3156
210 390 22.5142
215 390 22.0805
220 390 22.0323
225 390 22.3852
230 390 23.153
235 390 24.3472
240 390 25.977
245 390 28.0493
250 390 30.5683
255 390 33.5354
260 390 36.9489
265 390 40.8042
270 390 45.0933
275 390 49.8046
280 390 54.923
285 390 60.4295
290 390 66.3011
295 390 72.5108
300 390 79.0274
305 390 85.8157
310 390 92.8363
315 390 100.046
320 390 107.398
325 390 114.842
330 390 122.324
335 390 129.79
340 390 137.182
345 390 144.44
350 390 151.508
355 390 158.326
360 390 164.837
365 390 170.989
370 390 176.729
375 390 182.012
380 390 186.796
385 390 191.045
390 390 194.732
395 390 197.834
400 390 200.338
405 390 202.237
410 390 203.533
415 390 204.237
420 390 204.364
425 390 203.94
430 390 202.996
435 390 201.568
440 390 199.699
445 390 197.433
450 390 194.82
455 390 191.911
460 390 188.758
465 390 185.413
470 390 181.927
475 390 178.349
480 390 174.727
485 390 171.103
490 390 167.517
495 390 164.005
500 390 160.599
505 390 157.324
510 390 154.202
515 390 151.25
520 390 148.482
525 390 145.904
530 390 143.523
535 390 141.339
540 390 139.351
545 390 137.552
550 390 135.937
555 390 134.497
560 390 133.221
565 390 132.099
570 390 131.119
575 390 130.268
580 390 129.535
585 390 128.908
590 390 128.376
595 390 127.926
600 390 127.55
605 390 127.238
610 390 126.98
615 390 126.77
620 390 126.599
625 390 126.463
630 390 126.354
635 390 126.268
640 390 126.202
645 390 126.151
650 390 126.112
655 390 126.084
660 390 126.063
665 390 126.049
670 390 126.04
675 390 126.034
680 390 126.031
685 390 126.031
690 390 126.032
695 390 126.035
700 390 126.039
705 390 126.044
710 390 126.05
715 390 126.057
720 390 126.065
725 390 126.074
730 390 126.085
735 390 126.098
740 390 126.112
745 390 126.128
750 390 126.147
755 390 126.169
760 390 126.193
765 390 126.22
770 390 126.251
775 390 126.286
780 390 126.323
785 390 126.365
790 390 126.41
795 390 126.459
800 390 126.512
805 390 126.568
810 390 126.627
815 390 126.688
820 390 126.751
825 390 126.816
830 390 126.882
835 390 126.948
840 390 127.012
845 390 127.075
850 390 127.136
855 390 127.193
860 390 127.245
865 390 127.293
870 390 127.334
875 390 127.368
880 390 127.395
885 390 127.414
890 390 127.425
895 390 127.428

0 395 120.327
5 395 119.528
10 395 118.64
15 395 117.655
20 395 116.568
25 395 115.372
30 395 114.06
35 395 112.627
40 395 111.068
45 395 109.377
50 395 107.549
55 395 105.582
60 395 103.473
65 395 101.22
70 395 98.8225
75 395 96.2819
80 395 93.6003
85 395 90.7815
90 395 87.831
95 395 84.7558
100 395 81.5648
105 395 78.2685
110 395 74.8795
115 395 71.4117
120 395 67.8812
125 395 64.3055
130 395 60.7037
135 395 57.0966
140 395 53.5061
145 395 49.9554
150 395 46.4687
155 395 43.0711
160 395 39.7881
165 395 36.6458
170 395 33.6703
175 395 30.8879
180 395 28.3243
185 395 26.0048
190 395 23.9541
195 395 22.1959
200 395 20.7527
205 395 19.6458
210 395 18.8951
215 395 18.5187
220 395 18.5332
225 395 18.9532
230 395 19.7914
235 395 21.0582
240 395 22.7621
245 395 24.9091
250 395 27.5028
255 395 30.5443
260 395 34.0319
265 395 37.961
270 395 42.3243
275 395 47.111
280 395 52.3071
285 395 57.895
290 395 63.8536
295 395 70.1578
300 395 76.7788
305 395 83.6835
310 395 90.8353
315 395 98.1932
320 395 105.713
325 395 113.346
330 395 121.042
335 395 128.745
340 395 136.401
345 395 143.951
350 395 151.336
355 395 158.498
360 395 165.378
365 395 171.92
370 395 178.071
375 395 183.781
380 395 189.004
385 395 193.699
390 395 197.834
395 395 201.381
400 395 204.321
405 395 206.642
410 395 208.339
415 395 209.418
420 395 209.89
425 395 209.775
430 395 209.1
435 395 207.898
440 395 206.21
445 395 204.078
450 395 201.55
455 395 198.679
460 395 195.516
465 395 192.115
470 395 188.53
475 395 184.812
480 395 181.013
485 395 177.18
490 395 173.356
495 395 169.582
500 395 165.894
505 395 162.322
510 395 158.893
515 395 155.629
520 395 152.546
525 395 149.656
530 395 146.968
535 395 144.485
540 395 142.208
545 395 140.134
550 395 138.258
555 395 136.572
560 395 135.068
565 395 133.734
570 395 132.559
575 395 131.531
580 395 130.637
585 395 129.865
590 395 129.202
595 395 128.637
600 395 128.159
605 395 127.757
610 395 127.421
615 395 127.142
620 395 126.912
625 395 126.725
630 395 126.572
635 395 126.45
640 395 126.352
645 395 126.274
650 395 126.214
655 395 126.167
660 395 126.131
665 395 126.104
670 395 126.084
675 395 126.069
680 395 126.059
685 395 126.052
690 395 126.048
695 395 126.047
700 395 126.047
705 395 126.048
710 395 126.051
715 395 126.055
720 395 126.06
725 395 126.066
730 395 126.074
735 395 126.083
740 395 126.094
745 395 126.106
750 395 126.12
755 395 126.136
760 395 126.155
765 395 126.176
770 395 126.2
775 395 126.226
780 395 126.256
785 395 126.288
790 395 126.324
795 395 126.362
800 395 126.404
805 395 126.449
810 395 126.496
815 395 126.546
820 395 126.597
825 395 126.65
830 395 126.704
835 395 126.758
840 395 126.813
845 395 126.866
850 395 126.917
855 395 126.966
860 395 127.012
865 395 127.054
870 395 127.091
875 395 127.123
880 395 127.149
885 395 127.169
890 395 127.182
895 395 127.188

0 400 119.86
5 400 119.004
10 400 118.053
15 400 117.001
20 400 115.841
25 400 114.567
30 400 113.172
35 400 111.65
40 400 109.996
45 400 108.204
50 400 106.272
55 400 104.195
60 400 101.972
65 400 99.6009
70 400 97.082
75 400 94.417
80 400 91.6088
85 400 88.662
90 400 85.5829
95 400 82.3793
100 400 79.0611
105 400 75.6399
110 400 72.1291
115 400 68.5439
120 400 64.9012
125 400 61.2196
130 400 57.5193
135 400 53.8219
140 400 50.1502
145 400 46.5282
150 400 42.9808
155 400 39.5336
160 400 36.2127
165 400 33.0442
170 400 30.0546
175 400 27.2699
180 400 24.7157
185 400 22.417
190 400 20.3977
195 400 18.6809
200 400 17.2882
205 400 16.2399
210 400 15.5546
215 400 15.2493
220 400 15.3392
225 400 15.8377
230 400 16.756
235 400 18.1036
240 400 19.8875
245 400 22.1128
250 400 24.7823
255 400 27.8964
260 400 31.4532
265 400 35.4482
270 400 39.8741
275 400 44.7209
280 400 49.9755
285 400 55.6219
290 400 61.6405
295 400 68.0084
300 400 74.6989
305 400 81.6816
310 400 88.9225
315 400 96.3835
320 400 104.023
325 400 111.795
330 400 119.652
335 400 127.541
340 400 135.407
345 400 143.195
350 400 150.846
355 400 158.302
360 400 165.504
365 400 172.393
370 400 178.916
375 400 185.018
380 400 190.651
385 400 195.77
390 400 200.338
395 400 204.321
400 400 207.695
405 400 210.442
410 400 212.552
415 400 214.025
420 400 214.865
425 400 215.089
430 400 214.719
435 400 213.782
440 400 212.317
445 400 210.363
450 400 207.968
455 400 205.181
460 400 202.055
465 400 198.645
470 400 195.005
475 400 191.191
480 400 187.254
485 400 183.248
490 400 179.219
495 400 175.212
500 400 171.267
505 400 167.42
510 400 163.701
515 400 160.138
520 400 156.75
525 400 153.554
530 400 150.561
535 400 147.78
540 400 145.213
545 400 142.859
550 400 140.717
555 400 138.779
560 400 137.038
565 400 135.484
570 400 134.105
575 400 132.89
580 400 131.826
585 400 130.9
590 400 130.099
595 400 129.41
600 400 128.822
605 400 128.323
610 400 127.902
615 400 127.549
620 400 127.255
625 400 127.012
630 400 126.812
635 400 126.649
640 400 126.516
645 400 126.41
650 400 126.325
655 400 126.257
660 400 126.204
665 400 126.163
670 400 126.131
675 400 126.107
680 400 126.089
685 400 126.076
690 400 126.067
695 400 126.06
700 400 126.056
705 400 126.054
710 400 126.054
715 400 126.055
720 400 126.058
725 400 126.062
730 400 126.067
735 400 126.073
740 400 126.08
745 400 126.089
750 400 126.1
755 400 126.112
760 400 126.126
765 400 126.142
770 400 126.16
775 400 126.18
780 400 126.203
785 400 126.228
790 400 126.256
795 400 126.286
800 400 126.319
805 400 126.355
810 400 126.392
815 400 126.432
820 400 126.474
825 400 126.517
830 400 126.561
835 400 126.605
840 400 126.65
845 400 126.694
850 400 126.738
855 400 126.779
860 400 126.819
865 400 126.855
870 400 126.888
875 400 126.917
880 400 126.942
885 400 126.961
890 400 126.975
895 400 126.984

0 405 119.374
5 405 118.46
10 405 117.446
15 405 116.325
20 405 115.092
25 405 113.738
30 405 112.258
35 405 110.647
40 405 108.898
45 405 107.007
50 405 104.97
55 405 102.784
60 405 100.448
65 405 97.96
70 405 95.3218
75 405 92.5351
80 405 89.6036
85 405 86.5328
90 405 83.3297
95 405 80.0033
100 405 76.5642
105 405 73.0252
110 405 69.4005
115 405 65.7065
120 405 61.9611
125 405 58.184
130 405 54.3962
135 405 50.6203
140 405 46.88
145 405 43.2
150 405 39.6059
155 405 36.1236
160 405 32.7796
165 405 29.6004
170 405 26.6123
175 405 23.8413
180 405 21.3125
185 405 19.0505
190 405 17.0786
195 405 15.4187
200 405 14.0917
205 405 13.1164
210 405 12.5104
215 405 12.2891
220 405 12.4663
225 405 13.0538
230 405 14.0614
235 405 15.497
240 405 17.3663
245 405 19.6733
250 405 22.4195
255 405 25.6047
260 405 29.2263
265 405 33.2795
270 405 37.7572
275 405 42.6499
280 405 47.9453
285 405 53.6286
290 405 59.6819
295 405 66.0841
300 405 72.811
305 405 79.8349
310 405 87.1245
315 405 94.6448
320 405 102.357
325 405 110.219
330 405 118.185
335 405 126.206
340 405 134.23
345 405 142.202
350 405 150.065
355 405 157.763
360 405 165.236
365 405 172.426
370 405 179.277
375 405 185.733
380 405 191.743
385 405 197.258
390 405 202.237
395 405 206.642
400 405 210.442
405 405 213.615
410 405 216.145
415 405 218.024
420 405 219.253
425 405 219.842
430 405 219.806
435 405 219.172
440 405 217.97
445 405 216.239
450 405 214.021
455 405 211.367
460 405 208.326
465 405 204.955
470 405 201.308
475 405 197.441
480 405 193.412
485 405 189.272
490 405 185.075
495 405 180.868
500 405 176.696
505 405 172.599
510 405 168.612
515 405 164.766
520 405 161.087
525 405 157.594
530 405 154.304
535 405 151.227
540 405 148.369
545 405 145.735
550 405 143.322
555 405 141.126
560 405 139.141
565 405 137.359
570 405 135.768
575 405 134.357
580 405 133.113
585 405 132.024
590 405 131.075
595 405 130.254
600 405 129.548
605 405 128.944
610 405 128.431
615 405 127.997
620 405 127.633
625 405 127.329
630 405 127.077
635 405 126.869
640 405 126.699
645 405 126.56
650 405 126.448
655 405 126.358
660 405 126.286
665 405 126.23
670 405 126.185
675 405 126.15
680 405 126.123
685 405 126.103
690 405 126.087
695 405 126.076
700 405 126.068
705 405 126.063
710 405 126.059
715 405 126.058
720 405 126.058
725 405 126.059
730 405 126.062
735 405 126.066
740 405 126.071
745 405 126.077
750 405 126.085
755 405 126.094
760 405 126.104
765 405 126.116
770 405 126.13
775 405 126.145
780 405 126.163
785 405 126.182
790 405 126.204
795 405 126.227
800 405 126.253
805 405 126.281
810 405 126.311
815 405 126.342
820 405 126.375
825 405 126.41
830 405 126.446
835 405 126.482
840 405 126.519
845 405 126.556
850 405 126.592
855 405 126.627
860 405 126.66
865 405 126.692
870 405 126.721
875 405 126.746
880 405 126.769
885 405 126.787
890 405 126.801
895 405 126.811

0 410 118.873
5 410 117.899
10 410 116.82
15 410 115.63
20 410 114.322
25 410 112.889
30 410 111.324
35 410 109.623
40 410 107.779
45 410 105.789
50 410 103.648
55 410 101.355
60 410 98.9075
65 410 96.3058
70 410 93.5512
75 410 90.6464
80 410 87.596
85 410 84.4062
90 410 81.0849
95 410 77.642
100 410 74.0893
105 410 70.4403
110 410 66.7106
115 410 62.9175
120 410 59.0798
125 410 55.2182
130 410 51.3549
135 410 47.5131
140 410 43.7174
145 410 39.9931
150 410 36.3664
155 410 32.8638
160 410 29.5118
165 410 26.3372
170 410 23.3662
175 410 20.6244
180 410 18.1366
185 410 15.9267
190 410 14.0172
195 410 12.429
200 410 11.1818
205 410 10.2933
210 410 9.77926
215 410 9.65386
220 410 9.92913
225 410 10.6152
230 410 11.7202
235 410 13.2504
240 410 15.21
245 410 17.6013
250 410 20.425
255 410 23.6795
260 410 27.3615
265 410 31.4659
270 410 35.9854
275 410 40.9106
280 410 46.2302
285 410 51.9303
290 410 57.9944
295 410 64.4036
300 410 71.1359
305 410 78.1661
310 410 85.466
315 410 93.0038
320 410 100.744
325 410 108.648
330 410 116.673
335 410 124.774
340 410 132.901
345 410 141.003
350 410 149.024
355 410 156.91
360 410 164.602
365 410 172.043
370 410 179.175
375 410 185.943
380 410 192.291
385 410 198.17
390 410 203.533
395 410 208.339
400 410 212.552
405 410 216.145
410 410 219.094
415 410 221.388
420 410 223.021
425 410 223.995
430 410 224.323
435 410 224.023
440 410 223.122
445 410 221.654
450 410 219.66
455 410 217.185
460 410 214.279
465 410 210.995
470 410 207.39
475 410 203.52
480 410 199.442
485 410 195.214
490 410 190.889
495 410 186.519
500 410 182.153
505 410 177.835
510 410 173.606
515 410 169.499
520 410 165.545
525 410 161.769
530 410 158.19
535 410 154.824
540 410 151.68
545 410 148.764
550 410 146.078
555 410 143.62
560 410 141.386
565 410 139.368
570 410 137.557
575 410 135.941
580 410 134.509
585 410 133.246
590 410 132.141
595 410 131.178
600 410 130.345
605 410 129.629
610 410 129.015
615 410 128.494
620 410 128.053
625 410 127.683
630 410 127.373
635 410 127.116
640 410 126.904
645 410 126.73
650 410 126.587
655 410 126.472
660 410 126.379
665 410 126.304
670 410 126.245
675 410 126.198
680 410 126.162
685 410 126.133
690 410 126.111
695 410 126.094
700 410 126.082
705 410 126.073
710 410 126.066
715 410 126.062
720 410 126.06
725 410 126.059
730 410 126.06
735 410 126.062
740 410 126.065
745 410 126.069
750 410 126.074
755 410 126.08
760 410 126.088
765 410 126.097
770 410 126.107
775 410 126.119
780 410 126.132
785 410 126.147
790 410 126.163
795 410 126.182
800 410 126.202
805 410 126.223
810 410 126.247
815 410 126.272
820 410 126.298
825 410 126.326
830 410 126.354
835 410 126.384
840 410 126.414
845 410 126.444
850 410 126.474
855 410 126.503
860 410 126.531
865 410 126.558
870 410 126.583
875 410 126.605
880 410 126.625
885 410 126.642
890 410 126.656
895 410 126.666

0 415 118.357
5 415 117.323
10 415 116.179
15 415 114.919
20 415 113.536
25 415 112.023
30 415 110.374
35 415 108.583
40 415 106.646
45 415 104.557
50 415 102.315
55 415 99.916
60 415 97.3601
65 415 94.6476
70 415 91.7804
75 415 88.7621
80 415 85.598
85 415 82.295
90 415 78.8622
95 415 75.3104
100 415 71.6522
105 415 67.9024
110 415 64.0773
115 415 60.1955
120 415 56.2767
125 415 52.3426
130 415 48.4162
135 415 44.5217
140 415 40.6842
145 415 36.9299
150 415 33.2852
155 415 29.777
160 415 26.4322
165 415 23.2774
170 415 20.3386
175 415 17.6411
180 415 15.2093
185 415 13.0662
190 415 11.2334
195 415 9.73079
200 415 8.57662
205 415 7.7872
210 415 7.37687
215 415 7.358
220 415 7.74091
225 415 8.53391
230 415 9.74334
235 415 11.3736
240 415 13.4274
245 415 15.9053
250 415 18.8064
255 415 22.1282
260 415 25.8664
265 415 30.0151
270 415 34.5668
275 415 39.5123
280 415 44.8406
285 415 50.5388
290 415 56.5919
295 415 62.9825
300 415 69.6911
305 415 76.6951
310 415 83.9693
315 415 91.485
320 415 99.2105
325 415 107.111
330 415 115.147
335 415 123.276
340 415 131.454
345 415 139.631
350 415 147.757
355 415 155.776
360 415 163.634
365 415 171.274
370 415 178.638
375 415 185.671
380 415 192.316
385 415 198.521
390 415 204.237
395 415 209.418
400 415 214.025
405 415 218.024
410 415 221.388
415 415 224.098
420 415 226.143
425 415 227.519
430 415 228.232
435 415 228.295
440 415 227.729
445 415 226.564
450 415 224.835
455 415 222.585
460 415 219.861
465 415 216.715
470 415 213.201
475 415 209.377
480 415 205.301
485 415 201.029
490 415 196.621
495 415 192.129
500 415 187.607
505 415 183.102
510 415 178.658
515 415 174.316
520 415 170.109
525 415 166.066
530 415 162.212
535 415 158.566
540 415 155.141
545 415 151.947
550 415 148.989
555 415 146.267
560 415 143.779
565 415 141.519
570 415 139.48
575 415 137.652
580 415 136.022
585 415 134.578
590 415 133.306
595 415 132.193
600 415 131.224
605 415 130.385
610 415 129.664
615 415 129.047
620 415 128.523
625 415 128.079
630 415 127.706
635 415 127.394
640 415 127.135
645 415 126.921
650 415 126.745
655 415 126.601
660 415 126.484
665 415 126.39
670 415 126.314
675 415 126.254
680 415 126.206
685 415 126.168
690 415 126.139
695 415 126.116
700 415 126.098
705 415 126.085
710 415 126.076
715 415 126.069
720 415 126.064
725 415 126.061
730 415 126.06
735 415 126.06
740 415 126.061
745 415 126.063
750 415 126.066
755 415 126.07
760 415 126.076
765 415 126.082
770 415 126.09
775 415 126.098
780 415 126.108
785 415 126.12
790 415 126.132
795 415 126.146
800 415 126.162
805 415 126.179
810 415 126.197
815 415 126.216
820 415 126.237
825 415 126.259
830 415 126.282
835 415 126.306
840 415 126.33
845 415 126.354
850 415 126.379
855 415 126.403
860 415 126.426
865 415 126.449
870 415 126.47
875 415 126.49
880 415 126.507
885 415 126.523
890 415 126.536
895 415 126.546

0 420 117.829
5 420 116.734
10 420 115.525
15 420 114.196
20 420 112.738
25 420 111.145
30 420 109.412
35 420 107.533
40 420 105.503
45 420 103.319
50 420 100.977
55 420 98.4754
60 420 95.8146
65 420 92.9954
70 420 90.0204
75 420 86.894
80 420 83.6222
85 420 80.2131
90 420 76.6763
95 420 73.0239
100 420 69.2694
105 420 65.4285
110 420 61.5188
115 420 57.5595
120 420 53.5717
125 420 49.5777
130 420 45.6014
135 420 41.6678
140 420 37.8027
145 420 34.0327
150 420 30.3847
155 420 26.8859
160 420 23.5632
165 420 20.4431
170 420 17.5513
175 420 14.9129
180 420 12.5513
185 420 10.4889
190 420 8.74609
195 420 7.34173
200 420 6.29261
205 420 5.61354
210 420 5.31719
215 420 5.41417
220 420 5.91293
225 420 6.81991
230 420 8.13954
235 420 9.87434
240 420 12.0251
245 420 14.5908
250 420 17.5689
255 420 20.9556
260 420 24.7455
265 420 28.9319
270 420 33.5068
275 420 38.4609
280 420 43.7836
285 420 49.4626
290 420 55.4843
295 420 61.833
300 420 68.4912
305 420 75.4388
310 420 82.6536
315 420 90.1104
320 420 97.7809
325 420 105.634
330 420 113.634
335 420 121.744
340 420 129.922
345 420 138.122
350 420 146.298
355 420 154.397
360 420 162.366
365 420 170.152
370 420 177.697
375 420 184.946
380 420 191.842
385 420 198.332
390 420 204.364
395 420 209.89
400 420 214.865
405 420 219.253
410 420 223.021
415 420 226.143
420 420 228.603
425 420 230.391
430 420 231.506
435 420 231.955
440 420 231.754
445 420 230.926
450 420 229.502
455 420 227.521
460 420 225.026
465 420 222.065
470 420 218.693
475 420 214.965
480 420 210.939
485 420 206.673
490 420 202.227
495 420 197.658
500 420 193.02
505 420 188.365
510 420 183.741
515 420 179.193
520 420 174.757
525 420 170.469
530 420 166.357
535 420 162.444
540 420 158.748
545 420 155.281
550 420 152.053
555 420 149.067
560 420 146.323
565 420 143.817
570 420 141.545
575 420 139.496
580 420 137.66
585 420 136.026
590 420 134.579
595 420 133.305
600 420 132.191
605 420 131.222
610 420 130.384
615 420 129.664
620 420 129.048
625 420 128.524
630 420 128.081
635 420 127.709
640 420 127.398
645 420 127.139
650 420 126.925
655 420 126.749
660 420 126.605
665 420 126.489
670 420 126.394
675 420 126.318
680 420 126.257
685 420 126.209
690 420 126.171
695 420 126.141
700 420 126.118
705 420 126.1
710 420 126.087
715 420 126.077
720 420 126.069
725 420 126.064
730 420 126.061
735 420 126.059
740 420 126.059
745 420 126.059
750 420 126.061
755 420 126.064
760 420 126.067
765 420 126.072
770 420 126.077
775 420 126.083
780 420 126.091
785 420 126.099
790 420 126.109
795 420 126.12
800 420 126.131
805 420 126.144
810 420 126.158
815 420 126.174
820 420 126.19
825 420 126.207
830 420 126.225
835 420 126.244
840 420 126.263
845 420 126.283
850 420 126.303
855 420 126.323
860 420 126.342
865 420 126.361
870 420 126.379
875 420 126.396
880 420 126.411
885 420 126.425
890 420 126.436
895 420 126.446

0 425 117.292
5 425 116.137
10 425 114.863
15 425 113.463
20 425 111.931
25 425 110.261
30 425 108.445
35 425 106.479
40 425 104.359
45 425 102.081
50 425 99.6422
55 425 97.0421
60 425 94.2807
65 425 91.3597
70 425 88.2825
75 425 85.0543
80 425 81.6819
85 425 78.1743
90 425 74.5422
95 425 70.7983
100 425 66.9575
105 425 63.0364
110 425 59.0534
115 425 55.0288
120 425 50.9845
125 425 46.9438
130 425 42.9313
135 425 38.9727
140 425 35.0944
145 425 31.3234
150 425 27.6869
155 425 24.2123
160 425 20.9264
165 425 17.8555
170 425 15.0252
175 425 12.4597
180 425 10.1819
185 425 8.21303
190 425 6.57259
195 425 5.27802
200 425 4.3447
205 425 3.78582
210 425 3.61234
215 425 3.83302
220 425 4.45443
225 425 5.481
230 425 6.9152
235 425 8.7576
240 425 11.007
245 425 13.6608
250 425 16.7147
255 425 20.1634
260 425 24.0002
265 425 28.2176
270 425 32.8069
275 425 37.7587
280 425 43.0625
285 425 48.7066
290 425 54.6783
295 425 60.9637
300 425 67.5469
305 425 74.4107
310 425 81.5355
315 425 88.8993
320 425 96.4776
325 425 104.243
330 425 112.165
335 425 120.209
340 425 128.337
345 425 136.51
350 425 144.683
355 425 152.809
360 425 160.837
365 425 168.715
370 425 176.388
375 425 183.803
380 425 190.902
385 425 197.633
390 425 203.94
395 425 209.775
400 425 215.089
405 425 219.842
410 425 223.995
415 425 227.519
420 425 230.391
425 425 232.594
430 425 234.122
435 425 234.975
440 425 235.163
445 425 234.702
450 425 233.619
455 425 231.947
460 425 229.724
465 425 226.997
470 425 223.815
475 425 220.233
480 425 216.307
485 425 212.098
490 425 207.663
495 425 203.062
500 425 198.353
505 425 193.589
510 425 188.822
515 425 184.1
520 425 179.466
525 425 174.957
530 425 170.607
535 425 166.444
540 425 162.489
545 425 158.759
550 425 155.266
555 425 152.018
560 425 149.018
565 425 146.265
570 425 143.755
575 425 141.48
580 425 139.431
585 425 137.598
590 425 135.967
595 425 134.524
600 425 133.256
605 425 132.147
610 425 131.183
615 425 130.351
620 425 129.635
625 425 129.024
630 425 128.504
635 425 128.065
640 425 127.696
645 425 127.387
650 425 127.131
655 425 126.919
660 425 126.745
665 425 126.603
670 425 126.487
675 425 126.393
680 425 126.318
685 425 126.257
690 425 126.209
695 425 126.172
700 425 126.142
705 425 126.119
710 425 126.101
715 425 126.087
720 425 126.077
725 425 126.07
730 425 126.064
735 425 126.061
740 425 126.059
745 425 126.058
750 425 126.058
755 425 126.059
760 425 126.061
765 425 126.064
770 425 126.068
775 425 126.072
780 425 126.078
785 425 126.084
790 425 126.091
795 425 126.099
800 425 126.108
805 425 126.118
810 425 126.129
815 425 126.141
820 425 126.153
825 425 126.167
830 425 126.181
835 425 126.196
840 425 126.211
845 425 126.227
850 425 126.243
855 425 126.259
860 425 126.275
865 425 126.291
870 425 126.305
875 425 126.32
880 425 126.333
885 425 126.345
890 425 126.355
895 425 126.364

0 430 116.749
5 430 115.533
10 430 114.195
15 430 112.726
20 430 111.121
25 430 109.374
30 430 107.477
35 430 105.427
40 430 103.22
45 430 100.851
50 430 98.32
55 430 95.6254
60 430 92.7684
65 430 89.7514
70 430 86.5785
75 430 83.2556
80 430 79.7905
85 430 76.1931
90 430 72.4749
95 430 68.6499
100 430 64.7335
105 430 60.7436
110 430 56.6994
115 430 52.6222
120 430 48.5347
125 430 44.4611
130 430 40.4265
135 430 36.4573
140 430 32.5803
145 430 28.823
150 430 25.2128
155 430 21.7769
160 430 18.5423
165 430 15.5349
170 430 12.7797
175 430 10.3003
180 430 8.11879
185 430 6.25543
190 430 4.72844
195 430 3.55394
200 430 2.74579
205 430 2.31551
210 430 2.27229
215 430 2.62301
220 430 3.37228
225 430 4.52255
230 430 6.07425
235 430 8.02597
240 430 10.3746
245 430 13.1156
250 430 16.243
255 430 19.75
260 430 23.6287
265 430 27.8704
270 430 32.4657
275 430 37.4049
280 430 42.6773
285 430 48.272
290 430 54.1769
295 430 60.3795
300 430 66.8658
305 430 73.6208
310 430 80.6277
315 430 87.8677
320 430 95.3198
325 430 102.961
330 430 110.763
335 430 118.698
340 430 126.733
345 430 134.83
350 430 142.951
355 430 151.051
360 430 159.084
365 430 167.002
370 430 174.751
375 430 182.28
380 430 189.533
385 430 196.457
390 430 202.996
395 430 209.1
400 430 214.719
405 430 219.806
410 430 224.323
415 430 228.232
420 430 231.506
425 430 234.122
430 430 236.067
435 430 237.336
440 430 237.931
445 430 237.863
450 430 237.151
455 430 235.823
460 430 233.913
465 430 231.463
470 430 228.518
475 430 225.131
480 430 221.357
485 430 217.254
490 430 212.88
495 430 208.297
500 430 203.561
505 430 198.732
510 430 193.862
515 430 189.004
520 430 184.203
525 430 179.503
530 430 174.941
535 430 170.547
540 430 166.35
545 430 162.369
550 430 158.621
555 430 155.117
560 430 151.864
565 430 148.862
570 430 146.112
575 430 143.607
580 430 141.339
585 430 139.3
590 430 137.477
595 430 135.857
600 430 134.425
605 430 133.167
610 430 132.069
615 430 131.115
620 430 130.292
625 430 129.585
630 430 128.981
635 430 128.468
640 430 128.035
645 430 127.671
650 430 127.367
655 430 127.115
660 430 126.906
665 430 126.735
670 430 126.594
675 430 126.48
680 430 126.388
685 430 126.314
690 430 126.255
695 430 126.208
700 430 126.17
705 430 126.141
710 430 126.118
715 430 126.1
720 430 126.087
725 430 126.077
730 430 126.069
735 430 126.064
740 430 126.06
745 430 126.058
750 430 126.057
755 430 126.057
760 430 126.057
765 430 126.059
770 430 126.061
775 430 126.064
780 430 126.068
785 430 126.073
790 430 126.078
795 430 126.084
800 430 126.091
805 430 126.098
810 430 126.106
815 430 126.115
820 430 126.125
825 430 126.136
830 430 126.147
835 430 126.158
840 430 126.17
845 430 126.183
850 430 126.196
855 430 126.209
860 430 126.222
865 430 126.234
870 430 126.247
875 430 126.258
880 430 126.27
885 430 126.28
890 430 126.289
895 430 126.297

0 435 116.203
5 435 114.927
10 435 113.525
15 435 111.99
20 435 110.313
25 435 108.491
30 435 106.516
35 435 104.385
40 435 102.093
45 435 99.6381
50 435 97.0188
55 435 94.235
60 435 91.2883
65 435 88.1818
70 435 84.9204
75 435 81.5108
80 435 77.9618
85 435 74.2839
90 435 70.49
95 435 66.5945
100 435 62.6142
105 435 58.5677
110 435 54.4751
115 435 50.3586
120 435 46.2416
125 435 42.1491
130 435 38.1068
135 435 34.1415
140 435 30.2806
145 435 26.5517
150 435 22.9822
155 435 19.5995
160 435 16.43
165 435 13.4995
170 435 10.8324
175 435 8.45146
180 435 6.37787
185 435 4.63075
190 435 3.22711
195 435 2.18161
200 435 1.50654
205 435 1.21175
210 435 1.30462
215 435 1.79011
220 435 2.67087
225 435 3.94736
230 435 5.61798
235 435 7.67931
240 435 10.1263
245 435 12.9525
250 435 16.1504
255 435 19.7114
260 435 23.6263
265 435 27.8853
270 435 32.4784
275 435 37.395
280 435 42.6247
285 435 48.1566
290 435 53.9794
295 435 60.0818
300 435 66.4515
305 435 73.0755
310 435 79.9397
315 435 87.0282
320 435 94.3237
325 435 101.806
330 435 109.454
335 435 117.24
340 435 125.138
345 435 133.115
350 435 141.136
355 435 149.162
360 435 157.15
365 435 165.055
370 435 172.829
375 435 180.42
380 435 187.776
385 435 194.843
390 435 201.568
395 435 207.898
400 435 213.782
405 435 219.172
410 435 224.023
415 435 228.295
420 435 231.955
425 435 234.975
430 435 237.336
435 435 239.025
440 435 240.039
445 435 240.382
450 435 240.067
455 435 239.115
460 435 237.554
465 435 235.421
470 435 232.758
475 435 229.613
480 435 226.039
485 435 222.092
490 435 217.83
495 435 213.313
500 435 208.6
505 435 203.751
510 435 198.822
515 435 193.867
520 435 188.937
525 435 184.078
530 435 179.33
535 435 174.732
540 435 170.312
545 435 166.097
550 435 162.106
555 435 158.355
560 435 154.853
565 435 151.606
570 435 148.615
575 435 145.877
580 435 143.387
585 435 141.136
590 435 139.114
595 435 137.308
600 435 135.705
605 435 134.29
610 435 133.048
615 435 131.964
620 435 131.024
625 435 130.213
630 435 129.517
635 435 128.924
640 435 128.42
645 435 127.995
650 435 127.638
655 435 127.34
660 435 127.092
665 435 126.888
670 435 126.72
675 435 126.583
680 435 126.471
685 435 126.381
690 435 126.308
695 435 126.25
700 435 126.204
705 435 126.168
710 435 126.139
715 435 126.117
720 435 126.099
725 435 126.086
730 435 126.076
735 435 126.068
740 435 126.063
745 435 126.059
750 435 126.057
755 435 126.056
760 435 126.055
765 435 126.056
770 435 126.057
775 435 126.059
780 435 126.061
785 435 126.064
790 435 126.068
795 435 126.073
800 435 126.078
805 435 126.083
810 435 126.089
815 435 126.096
820 435 126.104
825 435 126.112
830 435 126.12
835 435 126.129
840 435 126.139
845 435 126.149
850 435 126.159
855 435 126.169
860 435 126.18
865 435 126.19
870 435 126.2
875 435 126.21
880 435 126.219
885 435 126.227
890 435 126.235
895 435 126.242

0 440 115.658
5 440 114.324
10 440 112.86
15 440 111.258
20 440 109.513
25 440 107.618
30 440 105.568
35 440 103.359
40 440 100.987
45 440 98.4502
50 440 95.7481
55 440 92.881
60 440 89.8512
65 440 86.6625
70 440 83.3206
75 440 79.8331
80 440 76.2095
85 440 72.4615
90 440 68.6025
95 440 64.6482
100 440 60.6161
105 440 56.5257
110 440 52.398
115 440 48.2559
120 440 44.1235
125 440 40.0264
130 440 35.991
135 440 32.0443
140 440 28.2141
145 440 24.5279
150 440 21.0134
155 440 17.6977
160 440 14.6068
165 440 11.7661
170 440 9.19909
175 440 6.92794
180 440 4.97273
185 440 3.35141
190 440 2.07965
195 440 1.17066
200 440 0.635115
205 440 0.481139
210 440 0.714295
215 440 1.33766
220 440 2.35192
225 440 3.75554
230 440 5.54494
235 440 7.71472
240 440 10.2579
245 440 13.1662
250 440 16.4304
255 440 20.0402
260 440 23.9852
265 440 28.2545
270 440 32.8369
275 440 37.7217
280 440 42.8978
285 440 48.3547
290 440 54.0818
295 440 60.0685
300 440 66.3042
305 440 72.7777
310 440 79.4773
315 440 86.3901
320 440 93.5019
325 440 100.797
330 440 108.256
335 440 115.859
340 440 123.582
345 440 131.397
350 440 139.274
355 440 147.179
360 440 155.074
365 440 162.917
370 440 170.664
375 440 178.266
380 440 185.674
385 440 192.836
390 440 199.699
395 440 206.21
400 440 212.317
405 440 217.97
410 440 223.122
415 440 227.729
420 440 231.754
425 440 235.163
430 440 237.931
435 440 240.039
440 440 241.478
445 440 242.244
450 440 242.344
455 440 241.793
460 440 240.612
465 440 238.833
470 440 236.492
475 440 233.634
480 440 230.307
485 440 226.564
490 440 222.463
495 440 218.062
500 440 213.421
505 440 208.6
510 440 203.657
515 440 198.649
520 440 193.628
525 440 188.646
530 440 183.747
535 440 178.97
540 440 174.352
545 440 169.922
550 440 165.705
555 440 161.719
560 440 157.977
565 440 154.49
570 440 151.261
575 440 148.291
580 440 145.575
585 440 143.109
590 440 140.882
595 440 138.884
600 440 137.101
605 440 135.52
610 440 134.126
615 440 132.904
620 440 131.839
625 440 130.916
630 440 130.12
635 440 129.438
640 440 128.856
645 440 128.363
650 440 127.947
655 440 127.598
660 440 127.307
665 440 127.066
670 440 126.866
675 440 126.703
680 440 126.569
685 440 126.46
690 440 126.372
695 440 126.302
700 440 126.245
705 440 126.2
710 440 126.164
715 440 126.137
720 440 126.115
725 440 126.098
730 440 126.085
735 440 126.075
740 440 126.068
745 440 126.062
750 440 126.058
755 440 126.056
760 440 126.054
765 440 126.054
770 440 126.054
775 440 126.055
780 440 126.056
785 440 126.059
790 440 126.061
795 440 126.064
800 440 126.068
805 440 126.072
810 440 126.077
815 440 126.082
820 440 126.087
825 440 126.093
830 440 126.1
835 440 126.107
840 440 126.114
845 440 126.122
850 440 126.13
855 440 126.138
860 440 126.147
865 440 126.155
870 440 126.163
875 440 126.171
880 440 126.179
885 440 126.186
890 440 126.192
895 440 126.198

0 445 115.117
5 445 113.727
10 445 112.203
15 445 110.538
20 445 108.726
25 445 106.761
30 445 104.64
35 445 102.356
40 445 99.9093
45 445 97.2964
50 445 94.5174
55 445 91.5736
60 445 88.4679
65 445 85.205
70 445 81.7913
75 445 78.2353
80 445 74.5474
85 445 70.74
90 445 66.8275
95 445 62.8265
100 445 58.7553
105 445 54.6342
110 445 50.485
115 445 46.3313
120 445 42.1979
125 445 38.1108
130 445 34.0967
135 445 30.1832
140 445 26.398
145 445 22.7688
150 445 19.323
155 445 16.0875
160 445 13.0879
165 445 10.3488
170 445 7.89318
175 445 5.74208
180 445 3.91453
185 445 2.42726
190 445 1.29455
195 445 0.528095
200 445 0.136955
205 445 0.127524
210 445 0.503558
215 445 1.26625
220 445 2.41438
225 445 3.94446
230 445 5.85095
235 445 8.12654
240 445 10.7624
245 445 13.7484
250 445 17.0737
255 445 20.7265
260 445 24.6949
265 445 28.9669
270 445 33.5305
275 445 38.3742
280 445 43.4868
285 445 48.8576
290 445 54.4767
295 445 60.3341
300 445 66.4206
305 445 72.7267
310 445 79.2428
315 445 85.9588
320 445 92.8635
325 445 99.9443
330 445 107.187
335 445 114.575
340 445 122.088
345 445 129.704
350 445 137.398
355 445 145.14
360 445 152.897
365 445 160.631
370 445 168.302
375 445 175.865
380 445 183.275
385 445 190.482
390 445 197.433
395 445 204.078
400 445 210.363
405 445 216.239
410 445 221.654
415 445 226.564
420 445 230.926
425 445 234.702
430 445 237.863
435 445 240.382
440 445 242.244
445 445 243.439
450 445 243.967
455 445 243.836
460 445 243.061
465 445 241.666
470 445 239.684
475 445 237.152
480 445 234.115
485 445 230.624
490 445 226.732
495 445 222.497
500 445 217.977
505 445 213.232
510 445 208.322
515 445 203.305
520 445 198.237
525 445 193.171
530 445 188.154
535 445 183.232
540 445 178.444
545 445 173.823
550 445 169.398
555 445 165.193
560 445 161.224
565 445 157.505
570 445 154.043
575 445 150.843
580 445 147.902
585 445 145.218
590 445 142.782
595 445 140.586
600 445 138.617
605 445 136.863
610 445 135.309
615 445 133.94
620 445 132.742
625 445 131.698
630 445 130.794
635 445 130.016
640 445 129.349
645 445 128.781
650 445 128.3
655 445 127.895
660 445 127.555
665 445 127.271
670 445 127.036
675 445 126.842
680 445 126.683
685 445 126.553
690 445 126.448
695 445 126.362
700 445 126.294
705 445 126.239
710 445 126.195
715 445 126.161
720 445 126.134
725 445 126.112
730 445 126.096
735 445 126.083
740 445 126.074
745 445 126.067
750 445 126.061
755 445 126.057
760 445 126.055
765 445 126.053
770 445 126.053
775 445 126.053
780 445 126.053
785 445 126.054
790 445 126.056
795 445 126.058
800 445 126.061
805 445 126.064
810 445 126.067
815 445 126.071
820 445 126.075
825 445 126.08
830 445 126.085
835 445 126.09
840 445 126.096
845 445 126.102
850 445 126.108
855 445 126.114
860 445 126.121
865 445 126.128
870 445 126.134
875 445 126.141
880 445 126.147
885 445 126.153
890 445 126.158
895 445 126.163

0 450 114.587
5 450 113.141
10 450 111.559
15 450 109.833
20 450 107.958
25 450 105.928
30 450 103.739
35 450 101.387
40 450 98.8693
45 450 96.1858
50 450 93.3365
55 450 90.3232
60 450 87.1496
65 450 83.8211
70 450 80.345
75 450 76.7305
80 450 72.9889
85 450 69.1335
90 450 65.1796
95 450 61.1444
100 450 57.0472
105 450 52.9089
110 450 48.7522
115 450 44.6011
120 450 40.481
125 450 36.4183
130 450 32.4401
135 450 28.574
140 450 24.8479
145 450 21.2893
150 450 17.9254
155 450 14.7826
160 450 11.8861
165 450 9.25977
170 450 6.92556
175 450 4.9036
180 450 3.21174
185 450 1.86541
190 450 0.877465
195 450 0.258075
200 450 0.014664
205 450 0.151908
210 450 0.671778
215 450 1.57364
220 450 2.85438
225 450 4.50865
230 450 6.52904
235 450 8.90638
240 450 11.6301
245 450 14.6883
250 450 18.0684
255 450 21.7574
260 450 25.742
265 450 30.0089
270 450 34.5454
275 450 39.3392
280 450 44.3787
285 450 49.6535
290 450 55.1535
295 450 60.8698
300 450 66.794
305 450 72.9184
310 450 79.2351
315 450 85.7365
320 450 92.4143
325 450 99.2592
330 450 106.26
335 450 113.406
340 450 120.679
345 450 128.064
350 450 135.539
355 450 143.079
360 450 150.655
365 450 158.237
370 450 165.786
375 450 173.264
380 450 180.628
385 450 187.829
390 450 194.82
395 450 201.55
400 450 207.968
405 450 214.021
410 450 219.66
415 450 224.835
420 450 229.502
425 450 233.619
430 450 237.151
435 450 240.067
440 450 242.344
445 450 243.967
450 450 244.929
455 450 245.23
460 450 244.879
465 450 243.894
470 450 242.301
475 450 240.131
480 450 237.425
485 450 234.229
490 450 230.592
495 450 226.569
500 450 222.219
505 450 217.6
510 450 212.771
515 450 207.792
520 450 202.721
525 450 197.612
530 450 192.517
535 450 187.484
540 450 182.556
545 450 177.772
550 450 173.163
555 450 168.757
560 450 164.577
565 450 160.638
570 450 156.952
575 450 153.526
580 450 150.363
585 450 147.46
590 450 144.814
595 450 142.416
600 450 140.256
605 450 138.323
610 450 136.602
615 450 135.078
620 450 133.738
625 450 132.566
630 450 131.546
635 450 130.663
640 450 129.904
645 450 129.254
650 450 128.701
655 450 128.233
660 450 127.839
665 450 127.508
670 450 127.233
675 450 127.005
680 450 126.817
685 450 126.663
690 450 126.537
695 450 126.434
700 450 126.352
705 450 126.285
710 450 126.232
715 450 126.19
720 450 126.157
725 450 126.131
730 450 126.11
735 450 126.094
740 450 126.082
745 450 126.073
750 450 126.065
755 450 126.06
760 450 126.057
765 450 126.054
770 450 126.052
775 450 126.052
780 450 126.051
785 450 126.052
790 450 126.053
795 450 126.054
800 450 126.056
805 450 126.058
810 450 126.06
815 450 126.063
820 450 126.066
825 450 126.069
830 450 126.073
835 450 126.077
840 450 126.082
845 450 126.086
850 450 126.091
855 450 126.096
860 450 126.101
865 450 126.106
870 450 126.112
875 450 126.117
880 450 126.122
885 450 126.127
890 450 126.131
895 450 126.136

0 455 114.07
5 455 112.572
10 455 110.935
15 455 109.152
20 455 107.217
25 455 105.125
30 455 102.873
35 455 100.457
40 455 97.8753
45 455 95.1278
50 455 92.2153
55 455 89.1403
60 455 85.9073
65 455 82.5224
70 455 78.9937
75 455 75.3313
80 455 71.5472
85 455 67.6556
90 455 63.6725
95 455 59.6161
100 455 55.5063
105 455 51.3646
110 455 47.2143
115 455 43.08
120 455 38.9875
125 455 34.9635
130 455 31.0353
135 455 27.2306
140 455 23.5771
145 455 20.1022
150 455 16.8327
155 455 13.7944
160 455 11.0119
165 455 8.50823
170 455 6.30439
175 455 4.41943
180 455 2.86995
185 455 1.67005
190 455 0.831128
195 455 0.361808
200 455 0.267887
205 455 0.552346
210 455 1.21541
215 455 2.25467
220 455 3.66521
225 455 5.43989
230 455 7.56951
235 455 10.0432
240 455 12.8486
245 455 15.9723
250 455 19.4002
255 455 23.1178
260 455 27.1106
265 455 31.3644
270 455 35.8654
275 455 40.6007
280 455 45.5584
285 455 50.7277
290 455 56.0991
295 455 61.6639
300 455 67.4149
305 455 73.3455
310 455 79.4497
315 455 85.7219
320 455 92.1565
325 455 98.7472
330 455 105.487
335 455 112.366
340 455 119.375
345 455 126.499
350 455 133.724
355 455 141.027
360 455 148.387
365 455 155.776
370 455 163.162
375 455 170.509
380 455 177.779
385 455 184.929
390 455 191.911
395 455 198.679
400 455 205.181
405 455 211.367
410 455 217.185
415 455 222.585
420 455 227.521
425 455 231.947
430 455 235.823
435 455 239.115
440 455 241.793
445 455 243.836
450 455 245.23
455 455 245.969
460 455 246.055
465 455 245.498
470 455 244.318
475 455 242.541
480 455 240.201
485 455 237.338
490 455 234
495 455 230.236
500 455 226.102
505 455 221.656
510 455 216.956
515 455 212.062
520 455 207.033
525 455 201.925
530 455 196.793
535 455 191.688
540 455 186.655
545 455 181.737
550 455 176.971
555 455 172.389
560 455 168.015
565 455 163.872
570 455 159.973
575 455 156.331
580 455 152.95
585 455 149.832
590 455 146.976
595 455 144.374
600 455 142.019
605 455 139.901
610 455 138.007
615 455 136.322
620 455 134.833
625 455 133.524
630 455 132.38
635 455 131.386
640 455 130.526
645 455 129.787
650 455 129.155
655 455 128.618
660 455 128.163
665 455 127.781
670 455 127.461
675 455 127.194
680 455 126.973
685 455 126.791
690 455 126.642
695 455 126.52
700 455 126.421
705 455 126.341
710 455 126.277
715 455 126.226
720 455 126.185
725 455 126.153
730 455 126.127
735 455 126.108
740 455 126.092
745 455 126.08
750 455 126.071
755 455 126.064
760 455 126.059
765 455 126.056
770 455 126.053
775 455 126.051
780 455 126.051
785 455 126.05
790 455 126.05
795 455 126.051
800 455 126.052
805 455 126.053
810 455 126.055
815 455 126.057
820 455 126.059
825 455 126.062
830 455 126.065
835 455 126.068
840 455 126.071
845 455 126.074
850 455 126.078
855 455 126.082
860 455 126.086
865 455 126.09
870 455 126.094
875 455 126.098
880 455 126.102
885 455 126.106
890 455 126.11
895 455 126.114

0 460 113.573
5 460 112.025
10 460 110.336
15 460 108.499
20 460 106.508
25 460 104.36
30 460 102.05
35 460 99.5758
40 460 96.9364
45 460 94.1318
50 460 91.1637
55 460 88.0354
60 460 84.7519
65 460 81.3203
70 460 77.7493
75 460 74.0498
80 460 70.2348
85 460 66.3192
90 460 62.3197
95 460 58.2551
100 460 54.146
105 460 50.0147
110 460 45.8849
115 460 41.7815
120 460 37.7308
125 460 33.7595
130 460 29.895
135 460 26.1651
140 460 22.5971
145 460 19.2182
150 460 16.0546
155 460 13.1316
160 460 10.473
165 460 8.10073
170 460 6.035
175 460 4.29357
180 460 2.8918
185 460 1.84238
190 460 1.15525
195 460 0.837481
200 460 0.893263
205 460 1.32392
210 460 2.12799
215 460 3.30134
220 460 4.83737
225 460 6.72721
230 460 8.96003
235 460 11.5233
240 460 14.4031
245 460 17.5846
250 460 21.0522
255 460 24.7902
260 460 28.7829
265 460 33.015
270 460 37.4721
275 460 42.1405
280 460 47.0079
285 460 52.0635
290 460 57.2976
295 460 62.7023
300 460 68.2709
305 460 73.9979
310 460 79.879
315 460 85.9105
320 460 92.0889
325 460 98.4108
330 460 104.872
335 460 111.467
340 460 118.19
345 460 125.03
350 460 131.977
355 460 139.015
360 460 146.125
365 460 153.286
370 460 160.47
375 460 167.646
380 460 174.779
385 460 181.831
390 460 188.758
395 460 195.516
400 460 202.055
405 460 208.326
410 460 214.279
415 460 219.861
420 460 225.026
425 460 229.724
430 460 233.913
435 460 237.554
440 460 240.612
445 460 243.061
450 460 244.879
455 460 246.055
460 460 246.583
465 460 246.467
470 460 245.719
475 460 244.358
480 460 242.414
485 460 239.919
490 460 236.917
495 460 233.454
500 460 229.582
505 460 225.355
510 460 220.832
515 460 216.07
520 460 211.13
525 460 206.068
530 460 200.942
535 460 195.804
540 460 190.704
545 460 185.687
550 460 180.794
555 460 176.06
560 460 171.516
565 460 167.187
570 460 163.091
575 460 159.244
580 460 155.654
585 460 152.326
590 460 149.261
595 460 146.457
600 460 143.905
605 460 141.599
610 460 139.526
615 460 137.675
620 460 136.03
625 460 134.577
630 460 133.302
635 460 132.188
640 460 131.221
645 460 130.385
650 460 129.668
655 460 129.055
660 460 128.534
665 460 128.093
670 460 127.723
675 460 127.413
680 460 127.155
685 460 126.941
690 460 126.765
695 460 126.621
700 460 126.503
705 460 126.408
710 460 126.331
715 460 126.269
720 460 126.219
725 460 126.18
730 460 126.149
735 460 126.124
740 460 126.105
745 460 126.09
750 460 126.079
755 460 126.07
760 460 126.063
765 460 126.059
770 460 126.055
775 460 126.052
780 460 126.051
785 460 126.05
790 460 126.049
795 460 126.049
800 460 126.05
805 460 126.05
810 460 126.051
815 460 126.053
820 460 126.054
825 460 126.056
830 460 126.058
835 460 126.06
840 460 126.063
845 460 126.065
850 460 126.068
855 460 126.071
860 460 126.074
865 460 126.078
870 460 126.081
875 460 126.084
880 460 126.087
885 460 126.09
890 460 126.093
895 460 126.096

0 465 113.1
5 465 111.506
10 465 109.769
15 465 107.882
20 465 105.84
25 465 103.64
30 465 101.278
35 465 98.7519
40 465 96.0615
45 465 93.2073
50 465 90.1917
55 465 87.0187
60 465 83.6942
65 465 80.2258
70 465 76.6232
75 465 72.898
80 465 69.0639
85 465 65.1364
90 465 61.1332
95 465 57.0737
100 465 52.9789
105 465 48.8716
110 465 44.776
115 465 40.7174
120 465 36.722
125 465 32.8169
130 465 29.0294
135 465 25.3869
140 465 21.9166
145 465 18.6451
150 465 15.5981
155 465 12.8001
160 465 10.274
165 465 8.04092
170 465 6.11971
175 465 4.52702
180 465 3.27685
185 465 2.38052
190 465 1.84647
195 465 1.68023
200 465 1.88442
205 465 2.45875
210 465 3.40014
215 465 4.70283
220 465 6.35861
225 465 8.35704
230 465 10.6857
235 465 13.3306
240 465 16.2765
245 465 19.507
250 465 23.0055
255 465 26.7549
260 465 30.7387
265 465 34.9405
270 465 39.345
275 465 43.9383
280 465 48.7076
285 465 53.6417
290 465 58.7312
295 465 63.9683
300 465 69.3471
305 465 74.8631
310 465 80.513
315 465 86.2949
320 465 92.2075
325 465 98.2495
330 465 104.42
335 465 110.716
340 465 117.136
345 465 123.673
350 465 130.32
355 465 137.068
360 465 143.9
365 465 150.802
370 465 157.749
375 465 164.716
380 465 171.673
385 465 178.585
390 465 185.413
395 465 192.115
400 465 198.645
405 465 204.955
410 465 210.995
415 465 216.715
420 465 222.065
425 465 226.997
430 465 231.463
435 465 235.421
440 465 238.833
445 465 241.666
450 465 243.894
455 465 245.498
460 465 246.467
465 465 246.796
470 465 246.491
475 465 245.566
480 465 244.04
485 465 241.944
490 465 239.313
495 465 236.188
500 465 232.619
505 465 228.655
510 465 224.354
515 465 219.771
520 465 214.966
525 465 209.996
530 465 204.919
535 465 199.791
540 465 194.663
545 465 189.583
550 465 184.597
555 465 179.742
560 465 175.054
565 465 170.561
570 465 166.286
575 465 162.249
580 465 158.461
585 465 154.932
590 465 151.664
595 465 148.659
600 465 145.911
605 465 143.415
610 465 141.161
615 465 139.138
620 465 137.332
625 465 135.729
630 465 134.316
635 465 133.075
640 465 131.993
645 465 131.054
650 465 130.243
655 465 129.548
660 465 128.954
665 465 128.449
670 465 128.023
675 465 127.665
680 465 127.365
685 465 127.116
690 465 126.91
695 465 126.74
700 465 126.601
705 465 126.487
710 465 126.395
715 465 126.321
720 465 126.261
725 465 126.213
730 465 126.175
735 465 126.145
740 465 126.122
745 465 126.103
750 465 126.089
755 465 126.078
760 465 126.069
765 465 126.063
770 465 126.058
775 465 126.054
780 465 126.052
785 465 126.05
790 465 126.049
795 465 126.048
800 465 126.048
805 465 126.048
810 465 126.049
815 465 126.05
820 465 126.051
825 465 126.052
830 465 126.053
835 465 126.055
840 465 126.057
845 465 126.059
850 465 126.061
855 465 126.063
860 465 126.066
865 465 126.068
870 465 126.07
875 465 126.073
880 465 126.076
885 465 126.078
890 465 126.081
895 465 126.083

0 470 112.657
5 470 111.02
10 470 109.239
15 470 107.307
20 470 105.219
25 470 102.973
30 470 100.565
35 470 97.9938
40 470 95.2596
45 470 92.3637
50 470 89.3091
55 470 86.1005
60 470 82.7446
65 470 79.2497
70 470 75.6263
75 470 71.8868
80 470 68.0455
85 470 64.1186
90 470 60.1245
95 470 56.083
100 470 52.0157
105 470 47.9459
110 470 43.898
115 470 39.8975
120 470 35.9708
125 470 32.1447
130 470 28.4466
135 470 24.9034
140 470 21.5421
145 470 18.3884
150 470 15.4676
155 470 12.8032
160 470 10.4172
165 470 8.32944
170 470 6.55785
175 470 5.11769
180 470 4.02163
185 470 3.27953
190 470 2.89838
195 470 2.88219
200 470 3.23204
205 470 3.94608
210 470 5.0197
215 470 6.44561
220 470 8.21411
225 470 10.3133
230 470 12.7294
235 470 15.447
240 470 18.4495
245 470 21.7196
250 470 25.2393
255 470 28.9907
260 470 32.9561
265 470 37.1187
270 470 41.4623
275 470 45.9725
280 470 50.6361
285 470 55.4418
290 470 60.3801
295 470 65.4437
300 470 70.6269
305 470 75.926
310 470 81.339
315 470 86.8652
320 470 92.5051
325 470 98.2596
330 470 104.13
335 470 110.117
340 470 116.221
345 470 122.44
350 470 128.771
355 470 135.207
360 470 141.74
365 470 148.355
370 470 155.036
375 470 161.762
380 470 168.507
385 470 175.24
390 470 181.927
395 470 188.53
400 470 195.005
405 470 201.308
410 470 207.39
415 470 213.201
420 470 218.693
425 470 223.815
430 470 228.518
435 470 232.758
440 470 236.492
445 470 239.684
450 470 242.301
455 470 244.318
460 470 245.719
465 470 246.491
470 470 246.635
475 470 246.155
480 470 245.066
485 470 243.391
490 470 241.158
495 470 238.406
500 470 235.176
505 470 231.517
510 470 227.48
515 470 223.121
520 470 218.496
525 470 213.664
530 470 208.682
535 470 203.607
540 470 198.492
545 470 193.389
550 470 188.344
555 470 183.402
560 470 178.598
565 470 173.967
570 470 169.535
575 470 165.326
580 470 161.355
585 470 157.635
590 470 154.174
595 470 150.973
600 470 148.032
605 470 145.347
610 470 142.91
615 470 140.712
620 470 138.741
625 470 136.983
630 470 135.425
635 470 134.051
640 470 132.847
645 470 131.797
650 470 130.887
655 470 130.102
660 470 129.428
665 470 128.854
670 470 128.366
675 470 127.954
680 470 127.608
685 470 127.319
690 470 127.078
695 470 126.879
700 470 126.715
705 470 126.581
710 470 126.472
715 470 126.383
720 470 126.311
725 470 126.253
730 470 126.207
735 470 126.171
740 470 126.142
745 470 126.119
750 470 126.101
755 470 126.087
760 470 126.076
765 470 126.068
770 470 126.062
775 470 126.057
780 470 126.054
785 470 126.051
790 470 126.049
795 470 126.048
800 470 126.047
805 470 126.047
810 470 126.047
815 470 126.048
820 470 126.048
825 470 126.049
830 470 126.05
835 470 126.051
840 470 126.052
845 470 126.054
850 470 126.055
855 470 126.057
860 470 126.059
865 470 126.061
870 470 126.063
875 470 126.065
880 470 126.067
885 470 126.069
890 470 126.071
895 470 126.072

0 475 112.249
5 475 110.575
10 475 108.754
15 475 106.781
20 475 104.654
25 475 102.367
30 475 99.9195
35 475 97.3103
40 475 94.5399
45 475 91.6104
50 475 88.5255
55 475 85.2907
60 475 81.9132
65 475 78.4024
70 475 74.7692
75 475 71.0268
80 475 67.1901
85 475 63.2761
90 475 59.3036
95 475 55.293
100 475 51.2662
105 475 47.2469
110 475 43.2596
115 475 39.33
120 475 35.4844
125 475 31.7495
130 475 28.1524
135 475 24.7195
140 475 21.4773
145 475 18.4509
150 475 15.6646
155 475 13.1411
160 475 10.9013
165 475 8.96397
170 475 7.3457
175 475 6.06047
180 475 5.11957
185 475 4.53144
190 475 4.30159
195 475 4.43255
200 475 4.92391
205 475 5.77237
210 475 6.97182
215 475 8.51359
220 475 10.3866
225 475 12.5776
230 475 15.0716
235 475 17.8519
240 475 20.901
245 475 24.2004
250 475 27.7312
255 475 31.4745
260 475 35.4121
265 475 39.5263
270 475 43.8006
275 475 48.2198
280 475 52.7706
285 475 57.4416
290 475 62.2233
295 475 67.1083
300 475 72.0916
305 475 77.17
310 475 82.3424
315 475 87.6092
320 475 92.9724
325 475 98.4348
330 475 104
335 475 109.671
340 475 115.451
345 475 121.341
350 475 127.343
355 475 133.453
360 475 139.666
365 475 145.974
370 475 152.364
375 475 158.82
380 475 165.321
385 475 171.841
390 475 178.349
395 475 184.812
400 475 191.191
405 475 197.441
410 475 203.52
415 475 209.377
420 475 214.965
425 475 220.233
430 475 225.131
435 475 229.613
440 475 233.634
445 475 237.152
450 475 240.131
455 475 242.541
460 475 244.358
465 475 245.566
470 475 246.155
475 475 246.125
480 475 245.483
485 475 244.246
490 475 242.435
495 475 240.082
500 475 237.225
505 475 233.906
510 475 230.173
515 475 226.08
520 475 221.679
525 475 217.029
530 475 212.187
535 475 207.209
540 475 202.15
545 475 197.064
550 475 192
555 475 187.004
560 475 182.117
565 475 177.377
570 475 172.814
575 475 168.454
580 475 164.318
585 475 160.422
590 475 156.777
595 475 153.389
600 475 150.261
605 475 147.389
610 475 144.771
615 475 142.397
620 475 140.257
625 475 138.34
630 475 136.632
635 475 135.12
640 475 133.787
645 475 132.62
650 475 131.603
655 475 130.722
660 475 129.963
665 475 129.312
670 475 128.756
675 475 128.285
680 475 127.888
685 475 127.554
690 475 127.274
695 475 127.042
700 475 126.85
705 475 126.692
710 475 126.563
715 475 126.457
720 475 126.371
725 475 126.302
730 475 126.246
735 475 126.202
740 475 126.167
745 475 126.138
750 475 126.116
755 475 126.099
760 475 126.086
765 475 126.075
770 475 126.067
775 475 126.061
780 475 126.056
785 475 126.053
790 475 126.05
795 475 126.049
800 475 126.047
805 475 126.047
810 475 126.046
815 475 126.046
820 475 126.047
825 475 126.047
830 475 126.048
835 475 126.048
840 475 126.049
845 475 126.05
850 475 126.051
855 475 126.053
860 475 126.054
865 475 126.055
870 475 126.057
875 475 126.058
880 475 126.06
885 475 126.061
890 475 126.063
895 475 126.064

0 480 111.884
5 480 110.175
10 480 108.32
15 480 106.313
20 480 104.151
25 480 101.83
30 480 99.35
35 480 96.71
40 480 93.9113
45 480 90.9566
50 480 87.8504
55 480 84.5988
60 480 81.2099
65 480 77.6935
70 480 74.0614
75 480 70.3275
80 480 66.5072
85 480 62.6182
90 480 58.6795
95 480 54.7122
100 480 50.7385
105 480 46.782
110 480 42.8677
115 480 39.021
120 480 35.2682
125 480 31.6357
130 480 28.1501
135 480 24.8375
140 480 21.7235
145 480 18.8325
150 480 16.1879
155 480 13.8113
160 480 11.7226
165 480 9.93923
170 480 8.47659
175 480 7.34728
180 480 6.5612
185 480 6.12536
190 480 6.04382
195 480 6.3177
200 480 6.94514
205 480 7.92145
210 480 9.23917
215 480 10.8883
220 480 12.8565
225 480 15.1295
230 480 17.691
235 480 20.5234
240 480 23.6082
245 480 26.926
250 480 30.4572
255 480 34.1823
260 480 38.0823
265 480 42.139
270 480 46.3354
275 480 50.6562
280 480 55.0877
285 480 59.6183
290 480 64.2385
295 480 68.9412
300 480 73.7215
305 480 78.5769
310 480 83.5068
315 480 88.5128
320 480 93.5978
325 480 98.7663
330 480 104.024
335 480 109.375
340 480 114.826
345 480 120.382
350 480 126.046
355 480 131.818
360 480 137.698
365 480 143.682
370 480 149.762
375 480 155.924
380 480 162.154
385 480 168.43
390 480 174.727
395 480 181.013
400 480 187.254
405 480 193.412
410 480 199.442
415 480 205.301
420 480 210.939
425 480 216.307
430 480 221.357
435 480 226.039
440 480 230.307
445 480 234.115
450 480 237.425
455 480 240.201
460 480 242.414
465 480 244.04
470 480 245.066
475 480 245.483
480 480 245.293
485 480 244.503
490 480 243.13
495 480 241.199
500 480 238.741
505 480 235.794
510 480 232.401
515 480 228.612
520 480 224.477
525 480 220.052
530 480 215.392
535 480 210.555
540 480 205.596
545 480 200.568
550 480 195.525
555 480 190.513
560 480 185.578
565 480 180.76
570 480 176.093
575 480 171.607
580 480 167.327
585 480 163.273
590 480 159.46
595 480 155.896
600 480 152.588
605 480 149.536
610 480 146.738
615 480 144.189
620 480 141.88
625 480 139.801
630 480 137.94
635 480 136.284
640 480 134.817
645 480 133.527
650 480 132.397
655 480 131.414
660 480 130.562
665 480 129.828
670 480 129.199
675 480 128.663
680 480 128.208
685 480 127.824
690 480 127.502
695 480 127.232
700 480 127.008
705 480 126.823
710 480 126.67
715 480 126.545
720 480 126.443
725 480 126.361
730 480 126.294
735 480 126.24
740 480 126.197
745 480 126.163
750 480 126.136
755 480 126.114
760 480 126.097
765 480 126.084
770 480 126.074
775 480 126.066
780 480 126.06
785 480 126.056
790 480 126.052
795 480 126.05
800 480 126.048
805 480 126.047
810 480 126.046
815 480 126.046
820 480 126.046
825 480 126.046
830 480 126.046
835 480 126.046
840 480 126.047
845 480 126.048
850 480 126.048
855 480 126.049
860 480 126.05
865 480 126.051
870 480 126.052
875 480 126.054
880 480 126.055
885 480 126.056
890 480 126.057
895 480 126.058

0 485 111.566
5 485 109.829
10 485 107.944
15 485 105.909
20 485 103.718
25 485 101.37
30 485 98.8648
35 485 96.2017
40 485 93.3827
45 485 90.4115
50 485 87.293
55 485 84.0342
60 485 80.6438
65 485 77.1323
70 485 73.5122
75 485 69.7978
80 485 66.0054
85 485 62.1529
90 485 58.26
95 485 54.3478
100 485 50.4389
105 485 46.5571
110 485 42.7272
115 485 38.9747
120 485 35.3254
125 485 31.8055
130 485 28.4409
135 485 25.2573
140 485 22.2793
145 485 19.5305
150 485 17.0334
155 485 14.8084
160 485 12.8742
165 485 11.2471
170 485 9.94095
175 485 8.96716
180 485 8.33418
185 485 8.0476
190 485 8.11011
195 485 8.5214
200 485 9.27829
205 485 10.3747
210 485 11.8021
215 485 13.5492
220 485 15.6025
225 485 17.9467
230 485 20.5646
235 485 23.4378
240 485 26.547
245 485 29.872
250 485 33.3927
255 485 37.089
260 485 40.9415
265 485 44.9316
270 485 49.042
275 485 53.2571
280 485 57.563
285 485 61.9481
290 485 66.403
295 485 70.9205
300 485 75.4961
305 485 80.1275
310 485 84.8148
315 485 89.5603
320 485 94.368
325 485 99.2434
330 485 104.193
335 485 109.225
340 485 114.347
345 485 119.565
350 485 124.886
355 485 130.315
360 485 135.853
365 485 141.501
370 485 147.254
375 485 153.105
380 485 159.042
385 485 165.048
390 485 171.103
395 485 177.18
400 485 183.248
405 485 189.272
410 485 195.214
415 485 201.029
420 485 206.673
425 485 212.098
430 485 217.254
435 485 222.092
440 485 226.564
445 485 230.624
450 485 234.229
455 485 237.338
460 485 239.919
465 485 241.944
470 485 243.391
475 485 244.246
480 485 244.503
485 485 244.163
490 485 243.238
495 485 241.744
500 485 239.706
505 485 237.157
510 485 234.136
515 485 230.686
520 485 226.854
525 485 222.695
530 485 218.26
535 485 213.606
540 485 208.789
545 485 203.862
550 485 198.88
555 485 193.892
560 485 188.945
565 485 184.083
570 485 179.343
575 485 174.759
580 485 170.36
585 485 166.169
590 485 162.204
595 485 158.478
600 485 155.001
605 485 151.777
610 485 148.805
615 485 146.084
620 485 143.607
625 485 141.365
630 485 139.349
635 485 137.545
640 485 135.941
645 485 134.521
650 485 133.273
655 485 132.181
660 485 131.23
665 485 130.407
670 485 129.698
675 485 129.091
680 485 128.574
685 485 128.135
690 485 127.764
695 485 127.453
700 485 127.193
705 485 126.977
710 485 126.798
715 485 126.65
720 485 126.53
725 485 126.431
730 485 126.351
735 485 126.286
740 485 126.234
745 485 126.193
750 485 126.159
755 485 126.133
760 485 126.112
765 485 126.096
770 485 126.083
775 485 126.073
780 485 126.066
785 485 126.06
790 485 126.055
795 485 126.052
800 485 126.05
805 485 126.048
810 485 126.047
815 485 126.046
820 485 126.045
825 485 126.045
830 485 126.045
835 485 126.045
840 485 126.045
845 485 126.046
850 485 126.046
855 485 126.047
860 485 126.048
865 485 126.048
870 485 126.049
875 485 126.05
880 485 126.051
885 485 126.052
890 485 126.053
895 485 126.054

0 490 111.302
5 490 109.542
10 490 107.634
15 490 105.576
20 490 103.364
25 490 100.996
30 490 98.4723
35 490 95.7939
40 490 92.963
45 490 89.9839
50 490 86.8623
55 490 83.6058
60 490 80.2238
65 490 76.7274
70 490 73.1298
75 490 69.4459
80 490 65.6923
85 490 61.8875
90 490 58.0515
95 490 54.2056
100 490 50.3726
105 490 46.5764
110 490 42.8414
115 490 39.1931
120 490 35.657
125 490 32.2586
130 490 29.0234
135 490 25.9761
140 490 23.1407
145 490 20.5397
150 490 18.1945
155 490 16.1244
160 490 14.3467
165 490 12.8765
170 490 11.7265
175 490 10.9065
180 490 10.4235
185 490 10.2819
190 490 10.4829
195 490 11.025
200 490 11.9036
205 490 13.1115
210 490 14.6389
215 490 16.4736
220 490 18.6011
225 490 21.0052
230 490 23.6679
235 490 26.5702
240 490 29.692
245 490 33.0127
250 490 36.5118
255 490 40.1688
260 490 43.964
265 490 47.8785
270 490 51.8949
275 490 55.9974
280 490 60.1721
285 490 64.4073
290 490 68.6936
295 490 73.024
300 490 77.394
305 490 81.8019
310 490 86.248
315 490 90.7352
320 490 95.2682
325 490 99.8536
330 490 104.499
335 490 109.214
340 490 114.008
345 490 118.89
350 490 123.868
355 490 128.95
360 490 134.142
365 490 139.446
370 490 144.862
375 490 150.388
380 490 156.014
385 490 161.729
390 490 167.517
395 490 173.356
400 490 179.219
405 490 185.075
410 490 190.889
415 490 196.621
420 490 202.227
425 490 207.663
430 490 212.88
435 490 217.83
440 490 222.463
445 490 226.732
450 490 230.592
455 490 234
460 490 236.917
465 490 239.313
470 490 241.158
475 490 242.435
480 490 243.13
485 490 243.238
490 490 242.762
495 490 241.714
500 490 240.112
505 490 237.982
510 490 235.357
515 490 232.275
520 490 228.782
525 490 224.924
530 490 220.754
535 490 216.324
540 490 211.691
545 490 206.907
550 490 202.027
555 490 197.103
560 490 192.183
565 490 187.312
570 490 182.533
575 490 177.881
580 490 173.39
585 490 169.085
590 490 164.989
595 490 161.119
600 490 157.487
605 490 154.101
610 490 150.964
615 490 148.077
620 490 145.434
625 490 143.031
630 490 140.858
635 490 138.905
640 490 137.159
645 490 135.607
650 490 134.235
655 490 133.028
660 490 131.973
665 490 131.055
670 490 130.26
675 490 129.576
680 490 128.99
685 490 128.49
690 490 128.066
695 490 127.709
700 490 127.408
705 490 127.157
710 490 126.948
715 490 126.775
720 490 126.633
725 490 126.516
730 490 126.42
735 490 126.343
740 490 126.28
745 490 126.229
750 490 126.189
755 490 126.157
760 490 126.131
765 490 126.111
770 490 126.095
775 490 126.082
780 490 126.073
785 490 126.065
790 490 126.059
795 490 126.055
800 490 126.052
805 490 126.049
810 490 126.047
815 490 126.046
820 490 126.045
825 490 126.045
830 490 126.044
835 490 126.044
840 490 126.044
845 490 126.045
850 490 126.045
855 490 126.045
860 490 126.046
865 490 126.046
870 490 126.047
875 490 126.047
880 490 126.048
885 490 126.049
890 490 126.05
895 490 126.05

0 495 111.099
5 495 109.321
10 495 107.397
15 495 105.322
20 495 103.095
25 495 100.715
30 495 98.1808
35 495 95.4952
40 495 92.6608
45 495 89.6826
50 495 86.567
55 495 83.3222
60 495 79.9582
65 495 76.4869
70 495 72.922
75 495 69.2788
80 495 65.5745
85 495 61.8279
90 495 58.0592
95 495 54.29
100 495 50.5431
105 495 46.8421
110 495 43.2117
115 495 39.6766
120 495 36.262
125 495 32.9929
130 495 29.894
135 495 26.9892
140 495 24.3014
145 495 21.8523
150 495 19.662
155 495 17.7485
160 495 16.128
165 495 14.8143
170 495 13.8184
175 495 13.149
180 495 12.8118
185 495 12.8097
190 495 13.1426
195 495 13.8077
200 495 14.7993
205 495 16.1091
210 495 17.7263
215 495 19.6376
220 495 21.8278
225 495 24.2799
230 495 26.9755
235 495 29.8947
240 495 33.0172
245 495 36.3222
250 495 39.7885
255 495 43.3958
260 495 47.1239
265 495 50.9541
270 495 54.8689
275 495 58.8523
280 495 62.8906
285 495 66.972
290 495 71.0872
295 495 75.2293
300 495 79.3941
305 495 83.5799
310 495 87.7875
315 495 92.0199
320 495 96.2828
325 495 100.583
330 495 104.93
335 495 109.334
340 495 113.804
345 495 118.353
350 495 122.992
355 495 127.729
360 495 132.573
365 495 137.53
370 495 142.603
375 495 147.793
380 495 153.096
385 495 158.505
390 495 164.005
395 495 169.582
400 495 175.212
405 495 180.868
410 495 186.519
415 495 192.129
420 495 197.658
425 495 203.062
430 495 208.297
435 495 213.313
440 495 218.062
445 495 222.497
450 495 226.569
455 495 230.236
460 495 233.454
465 495 236.188
470 495 238.406
475 495 240.082
480 495 241.199
485 495 241.744
490 495 241.714
495 495 241.114
500 495 239.955
505 495 238.258
510 495 236.049
515 495 233.362
520 495 230.235
525 495 226.712
530 495 222.842
535 495 218.676
540 495 214.266
545 495 209.666
550 495 204.93
555 495 200.109
560 495 195.255
565 495 190.414
570 495 185.63
575 495 180.944
580 495 176.389
585 495 171.998
590 495 167.795
595 495 163.8
600 495 160.031
605 495 156.497
610 495 153.205
615 495 150.159
620 495 147.357
625 495 144.796
630 495 142.468
635 495 140.364
640 495 138.474
645 495 136.786
650 495 135.286
655 495 133.96
660 495 132.794
665 495 131.775
670 495 130.889
675 495 130.122
680 495 129.461
685 495 128.895
690 495 128.413
695 495 128.003
700 495 127.658
705 495 127.367
710 495 127.125
715 495 126.922
720 495 126.755
725 495 126.617
730 495 126.503
735 495 126.411
740 495 126.335
745 495 126.274
750 495 126.225
755 495 126.186
760 495 126.154
765 495 126.129
770 495 126.109
775 495 126.094
780 495 126.082
785 495 126.072
790 495 126.065
795 495 126.059
800 495 126.055
805 495 126.051
810 495 126.049
815 495 126.047
820 495 126.046
825 495 126.045
830 495 126.044
835 495 126.044
840 495 126.044
845 495 126.044
850 495 126.044
855 495 126.044
860 495 126.044
865 495 126.045
870 495 126.045
875 495 126.046
880 495 126.046
885 495 126.047
890 495 126.047
895 495 126.048

0 500 110.962
5 500 109.174
10 500 107.239
15 500 105.155
20 500 102.921
25 500 100.535
30 500 97.9987
35 500 95.314
40 500 92.4846
45 500 89.516
50 500 86.4153
55 500 83.1914
60 500 79.8549
65 500 76.4183
70 500 72.8957
75 500 69.303
80 500 65.6577
85 500 61.979
90 500 58.2872
95 500 54.604
100 500 50.9522
105 500 47.3554
110 500 43.8376
115 500 40.4235
120 500 37.1375
125 500 34.0041
130 500 31.047
135 500 28.2893
140 500 25.7528
145 500 23.4582
150 500 21.4242
155 500 19.6678
160 500 18.2038
165 500 17.0444
170 500 16.1996
175 500 15.6765
180 500 15.4795
185 500 15.6101
190 500 16.0673
195 500 16.8468
200 500 17.9419
205 500 19.3433
210 500 21.0392
215 500 23.0156
220 500 25.2567
225 500 27.7447
230 500 30.4608
235 500 33.3849
240 500 36.4962
245 500 39.7738
250 500 43.1965
255 500 46.7437
260 500 50.3955
265 500 54.133
270 500 57.9388
275 500 61.7972
280 500 65.6943
285 500 69.6187
290 500 73.561
295 500 77.5146
300 500 81.4752
305 500 85.4414
310 500 89.4142
315 500 93.3969
320 500 97.3955
325 500 101.418
330 500 105.473
335 500 109.572
340 500 113.727
345 500 117.95
350 500 122.254
355 500 126.651
360 500 131.15
365 500 135.761
370 500 140.489
375 500 145.34
380 500 150.311
385 500 155.4
390 500 160.599
395 500 165.894
400 500 171.267
405 500 176.696
410 500 182.153
415 500 187.607
420 500 193.02
425 500 198.353
430 500 203.561
435 500 208.6
440 500 213.421
445 500 217.977
450 500 222.219
455 500 226.102
460 500 229.582
465 500 232.619
470 500 235.176
475 500 237.225
480 500 238.741
485 500 239.706
490 500 240.112
495 500 239.955
500 500 239.242
505 500 237.986
510 500 236.207
515 500 233.932
520 500 231.195
525 500 228.037
530 500 224.499
535 500 220.631
540 500 216.482
545 500 212.105
550 500 207.552
555 500 202.876
560 500 198.127
565 500 193.353
570 500 188.602
575 500 183.915
580 500 179.33
585 500 174.881
590 500 170.596
595 500 166.501
600 500 162.613
605 500 158.948
610 500 155.516
615 500 152.322
620 500 149.368
625 500 146.654
630 500 144.174
635 500 141.922
640 500 139.887
645 500 138.061
650 500 136.429
655 500 134.98
660 500 133.7
665 500 132.575
670 500 131.591
675 500 130.735
680 500 129.994
685 500 129.356
690 500 128.809
695 500 128.343
700 500 127.947
705 500 127.613
710 500 127.331
715 500 127.096
720 500 126.9
725 500 126.737
730 500 126.603
735 500 126.493
740 500 126.403
745 500 126.329
750 500 126.27
755 500 126.222
760 500 126.183
765 500 126.152
770 500 126.128
775 500 126.108
780 500 126.093
785 500 126.081
790 500 126.072
795 500 126.064
800 500 126.059
805 500 126.054
810 500 126.051
815 500 126.049
820 500 126.047
825 500 126.046
830 500 126.045
835 500 126.044
840 500 126.044
845 500 126.043
850 500 126.043
855 500 126.043
860 500 126.043
865 500 126.044
870 500 126.044
875 500 126.044
880 500 126.045
885 500 126.045
890 500 126.045
895 500 126.046

0 505 110.899
5 505 109.106
10 505 107.168
15 505 105.082
20 505 102.848
25 505 100.465
30 505 97.9341
35 505 95.2585
40 505 92.4426
45 505 89.4923
50 505 86.4154
55 505 83.2213
60 505 79.9214
65 505 76.5284
70 505 73.0572
75 505 69.524
80 505 65.9468
85 505 62.3447
90 505 58.7384
95 505 55.1496
100 505 51.6008
105 505 48.1155
110 505 44.7175
115 505 41.4306
120 505 38.2789
125 505 35.286
130 505 32.4747
135 505 29.8672
140 505 27.4843
145 505 25.3452
150 505 23.4677
155 505 21.8673
160 505 20.5574
165 505 19.5491
170 505 18.8508
175 505 18.4684
180 505 18.405
185 505 18.6608
190 505 19.2336
195 505 20.118
200 505 21.3064
205 505 22.7884
210 505 24.5516
215 505 26.5813
220 505 28.861
225 505 31.3727
230 505 34.0971
235 505 37.0139
240 505 40.1023
245 505 43.3411
250 505 46.7095
255 505 50.1867
260 505 53.7532
265 505 57.39
270 505 61.0802
275 505 64.808
280 505 68.56
285 505 72.3246
290 505 76.0929
295 505 79.8583
300 505 83.6166
305 505 87.3666
310 505 91.1093
315 505 94.8484
320 505 98.5898
325 505 102.342
330 505 106.114
335 505 109.918
340 505 113.767
345 505 117.674
350 505 121.652
355 505 125.715
360 505 129.875
365 505 134.144
370 505 138.53
375 505 143.039
380 505 147.676
385 505 152.439
390 505 157.324
395 505 162.322
400 505 167.42
405 505 172.599
410 505 177.835
415 505 183.102
420 505 188.365
425 505 193.589
430 505 198.732
435 505 203.751
440 505 208.6
445 505 213.232
450 505 217.6
455 505 221.656
460 505 225.355
465 505 228.655
470 505 231.517
475 505 233.906
480 505 235.794
485 505 237.157
490 505 237.982
495 505 238.258
500 505 237.986
505 505 237.172
510 505 235.829
515 505 233.98
520 505 231.653
525 505 228.881
530 505 225.703
535 505 222.165
540 505 218.312
545 505 214.194
550 505 209.863
555 505 205.369
560 505 200.764
565 505 196.098
570 505 191.416
575 505 186.765
580 505 182.183
585 505 177.707
590 505 173.37
595 505 169.199
600 505 165.216
605 505 161.439
610 505 157.882
615 505 154.554
620 505 151.459
625 505 148.6
630 505 145.973
635 505 143.575
640 505 141.398
645 505 139.433
650 505 137.669
655 505 136.093
660 505 134.694
665 505 133.458
670 505 132.371
675 505 131.421
680 505 130.594
685 505 129.878
690 505 129.261
695 505 128.732
700 505 128.281
705 505 127.897
710 505 127.573
715 505 127.3
720 505 127.072
725 505 126.881
730 505 126.723
735 505 126.592
740 505 126.485
745 505 126.397
750 505 126.325
755 505 126.266
760 505 126.219
765 505 126.181
770 505 126.151
775 505 126.127
780 505 126.108
785 505 126.093
790 505 126.081
795 505 126.071
800 505 126.064
805 505 126.059
810 505 126.054
815 505 126.051
820 505 126.049
825 505 126.047
830 505 126.045
835 505 126.044
840 505 126.044
845 505 126.043
850 505 126.043
855 505 126.043
860 505 126.043
865 505 126.043
870 505 126.043
875 505 126.043
880 505 126.043
885 505 126.044
890 505 126.044
895 505 126.044

0 510 110.914
5 510 109.124
10 510 107.19
15 510 105.11
20 510 102.884
25 510 100.512
30 510 97.9948
35 510 95.3369
40 510 92.5429
45 510 89.6194
50 510 86.5749
55 510 83.4193
60 510 80.1644
65 510 76.8237
70 510 73.4124
75 510 69.947
80 510 66.4458
85 510 62.9281
90 510 59.4148
95 510 55.9274
100 510 52.4884
105 510 49.1207
110 510 45.8479
115 510 42.6932
120 510 39.6799
125 510 36.8308
130 510 34.1679
135 510 31.7121
140 510 29.4833
145 510 27.4994
150 510 25.7768
155 510 24.3299
160 510 23.1706
165 510 22.3087
170 510 21.7513
175 510 21.5029
180 510 21.5654
185 510 21.9378
190 510 22.6167
195 510 23.5959
200 510 24.8667
205 510 26.4181
210 510 28.2368
215 510 30.3076
220 510 32.6137
225 510 35.1368
230 510 37.8573
235 510 40.7549
240 510 43.8088
245 510 46.998
250 510 50.3017
255 510 53.6996
260 510 57.1721
265 510 60.701
270 510 64.2693
275 510 67.8617
280 510 71.465
285 510 75.0679
290 510 78.6617
295 510 82.2398
300 510 85.7985
305 510 89.3363
310 510 92.8545
315 510 96.3568
320 510 99.8492
325 510 103.34
330 510 106.84
335 510 110.359
340 510 113.913
345 510 117.514
350 510 121.177
355 510 124.917
360 510 128.748
365 510 132.682
370 510 136.73
375 510 140.902
380 510 145.203
385 510 149.637
390 510 154.202
395 510 158.893
400 510 163.701
405 510 168.612
410 510 173.606
415 510 178.658
420 510 183.741
425 510 188.822
430 510 193.862
435 510 198.822
440 510 203.657
445 510 208.322
450 510 212.771
455 510 216.956
460 510 220.832
465 510 224.354
470 510 227.48
475 510 230.173
480 510 232.401
485 510 234.136
490 510 235.357
495 510 236.049
500 510 236.207
505 510 235.829
510 510 234.925
515 510 233.509
520 510 231.602
525 510 229.235
530 510 226.44
535 510 223.258
540 510 219.731
545 510 215.906
550 510 211.832
555 510 207.559
560 510 203.136
565 510 198.615
570 510 194.041
575 510 189.461
580 510 184.918
585 510 180.449
590 510 176.09
595 510 171.871
600 510 167.817
605 510 163.951
610 510 160.289
615 510 156.842
620 510 153.62
625 510 150.626
630 510 147.861
635 510 145.323
640 510 143.006
645 510 140.903
650 510 139.005
655 510 137.302
660 510 135.781
665 510 134.429
670 510 133.235
675 510 132.186
680 510 131.267
685 510 130.468
690 510 129.775
695 510 129.178
700 510 128.665
705 510 128.227
710 510 127.855
715 510 127.54
720 510 127.275
725 510 127.052
730 510 126.866
735 510 126.712
740 510 126.584
745 510 126.478
750 510 126.392
755 510 126.321
760 510 126.264
765 510 126.218
770 510 126.18
775 510 126.15
780 510 126.126
785 510 126.107
790 510 126.092
795 510 126.081
800 510 126.071
805 510 126.064
810 510 126.059
815 510 126.054
820 510 126.051
825 510 126.049
830 510 126.047
835 510 126.045
840 510 126.044
845 510 126.044
850 510 126.043
855 510 126.043
860 510 126.043
865 510 126.043
870 510 126.043
875 510 126.043
880 510 126.043
885 510 126.043
890 510 126.043
895 510 126.043

0 515 111.014
5 515 109.234
10 515 107.312
15 515 105.247
20 515 103.037
25 515 100.683
30 515 98.1886
35 515 95.5568
40 515 92.7932
45 515 89.905
50 515 86.9012
55 515 83.7923
60 515 80.5906
65 515 77.3101
70 515 73.9663
75 515 70.5761
80 515 67.158
85 515 63.7316
90 515 60.3175
95 515 56.9374
100 515 53.6133
105 515 50.368
110 515 47.2243
115 515 44.2051
120 515 41.3328
125 515 38.6293
130 515 36.1155
135 515 33.8115
140 515 31.7358
145 515 29.9051
150 515 28.3346
155 515 27.0372
160 515 26.0236
165 515 25.3022
170 515 24.8788
175 515 24.7566
180 515 24.9364
185 515 25.416
190 515 26.191
195 515 27.2542
200 515 28.5961
205 515 30.2051
210 515 32.0673
215 515 34.1672
220 515 36.4875
225 515 39.0097
230 515 41.7144
235 515 44.5812
240 515 47.5895
245 515 50.7185
250 515 53.9479
255 515 57.2575
260 515 60.6284
265 515 64.0425
270 515 67.4834
275 515 70.9361
280 515 74.3879
285 515 77.8277
290 515 81.247
295 515 84.6397
300 515 88.0018
305 515 91.3322
310 515 94.6322
315 515 97.9053
320 515 101.158
325 515 104.398
330 515 107.636
335 515 110.883
340 515 114.154
345 515 117.462
350 515 120.823
355 515 124.251
360 515 127.763
365 515 131.372
370 515 135.092
375 515 138.932
380 515 142.902
385 515 147.007
390 515 151.25
395 515 155.629
400 515 160.138
405 515 164.766
410 515 169.499
415 515 174.316
420 515 179.193
425 515 184.1
430 515 189.004
435 515 193.867
440 515 198.649
445 515 203.305
450 515 207.792
455 515 212.062
460 515 216.07
465 515 219.771
470 515 223.121
475 515 226.08
480 515 228.612
485 515 230.686
490 515 232.275
495 515 233.362
500 515 233.932
505 515 233.98
510 515 233.509
515 515 232.526
520 515 231.047
525 515 229.096
530 515 226.702
535 515 223.897
540 515 220.723
545 515 217.22
550 515 213.436
555 515 209.418
560 515 205.215
565 515 200.875
570 515 196.446
575 515 191.975
580 515 187.506
585 515 183.078
590 515 178.73
595 515 174.493
600 515 170.397
605 515 166.466
610 515 162.72
615 515 159.174
620 515 155.84
625 515 152.724
630 515 149.831
635 515 147.16
640 515 144.708
645 515 142.471
650 515 140.441
655 515 138.609
660 515 136.964
665 515 135.495
670 515 134.19
675 515 133.036
680 515 132.021
685 515 131.132
690 515 130.358
695 515 129.686
700 515 129.107
705 515 128.609
710 515 128.183
715 515 127.821
720 515 127.514
725 515 127.254
730 515 127.037
735 515 126.855
740 515 126.703
745 515 126.578
750 515 126.474
755 515 126.389
760 515 126.319
765 515 126.263
770 515 126.217
775 515 126.18
780 515 126.15
785 515 126.126
790 515 126.107
795 515 126.092
800 515 126.081
805 515 126.071
810 515 126.064
815 515 126.059
820 515 126.054
825 515 126.051
830 515 126.048
835 515 126.047
840 515 126.045
845 515 126.044
850 515 126.043
855 515 126.043
860 515 126.043
865 515 126.042
870 515 126.042
875 515 126.042
880 515 126.042
885 515 126.042
890 515 126.042
895 515 126.042

0 520 111.204
5 520 109.442
10 520 107.541
15 520 105.498
20 520 103.312
25 520 100.987
30 520 98.5229
35 520 95.9256
40 520 93.2009
45 520 90.3563
50 520 87.4013
55 520 84.3471
60 520 81.2062
65 520 77.9932
70 520 74.7238
75 520 71.4153
80 520 68.0865
85 520 64.7568
90 520 61.447
95 520 58.1785
100 520 54.9732
105 520 51.8535
110 520 48.8415
115 520 45.9594
120 520 43.229
125 520 40.6711
130 520 38.3058
135 520 36.1519
140 520 34.2266
145 520 32.5457
150 520 31.1228
155 520 29.9695
160 520 29.0954
165 520 28.5074
170 520 28.21
175 520 28.2054
180 520 28.4929
185 520 29.0696
190 520 29.9299
195 520 31.0659
200 520 32.4674
205 520 34.1221
210 520 36.0158
215 520 38.1325
220 520 40.455
225 520 42.9645
230 520 45.6418
235 520 48.4667
240 520 51.4189
245 520 54.4779
250 520 57.6238
255 520 60.837
260 520 64.099
265 520 67.3923
270 520 70.7009
275 520 74.0105
280 520 77.3085
285 520 80.5845
290 520 83.8301
295 520 87.0395
300 520 90.2089
305 520 93.3372
310 520 96.4257
315 520 99.4779
320 520 102.5
325 520 105.5
330 520 108.488
335 520 111.476
340 520 114.477
345 520 117.506
350 520 120.578
355 520 123.71
360 520 126.916
365 520 130.213
370 520 133.614
375 520 137.132
380 520 140.778
385 520 144.559
390 520 148.482
395 520 152.546
400 520 156.75
405 520 161.087
410 520 165.545
415 520 170.109
420 520 174.757
425 520 179.466
430 520 184.203
435 520 188.937
440 520 193.628
445 520 198.237
450 520 202.721
455 520 207.033
460 520 211.13
465 520 214.966
470 520 218.496
475 520 221.679
480 520 224.477
485 520 226.854
490 520 228.782
495 520 230.235
500 520 231.195
505 520 231.653
510 520 231.602
515 520 231.047
520 520 229.997
525 520 228.469
530 520 226.486
535 520 224.076
540 520 221.275
545 520 218.12
550 520 214.655
555 520 210.924
560 520 206.973
565 520 202.851
570 520 198.604
575 520 194.279
580 520 189.92
585 520 185.568
590 520 181.264
595 520 177.041
600 520 172.932
605 520 168.963
610 520 165.157
615 520 161.533
620 520 158.106
625 520 154.884
630 520 151.875
635 520 149.081
640 520 146.503
645 520 144.137
650 520 141.978
655 520 140.018
660 520 138.249
665 520 136.66
670 520 135.24
675 520 133.978
680 520 132.861
685 520 131.878
690 520 131.016
695 520 130.265
700 520 129.612
705 520 129.049
710 520 128.564
715 520 128.148
720 520 127.794
725 520 127.494
730 520 127.24
735 520 127.026
740 520 126.847
745 520 126.698
750 520 126.574
755 520 126.472
760 520 126.388
765 520 126.319
770 520 126.262
775 520 126.217
780 520 126.18
785 520 126.15
790 520 126.126
795 520 126.108
800 520 126.093
805 520 126.081
810 520 126.071
815 520 126.064
820 520 126.059
825 520 126.054
830 520 126.051
835 520 126.048
840 520 126.047
845 520 126.045
850 520 126.044
855 520 126.043
860 520 126.043
865 520 126.042
870 520 126.042
875 520 126.042
880 520 126.042
885 520 126.042
890 520 126.042
895 520 126.042

0 525 111.488
5 525 109.754
10 525 107.882
15 525 105.87
20 525 103.718
25 525 101.429
30 525 99.0045
35 525 96.4505
40 525 93.773
45 525 90.9802
50 525 88.082
55 525 85.0898
60 525 82.0169
65 525 78.878
70 525 75.6892
75 525 72.4681
80 525 69.2334
85 525 66.0049
90 525 62.8031
95 525 59.6494
100 525 56.5653
105 525 53.5726
110 525 50.6931
115 525 47.9483
120 525 45.359
125 525 42.9451
130 525 40.7258
135 525 38.7186
140 525 36.9397
145 525 35.4035
150 525 34.1223
155 525 33.1066
160 525 32.3644
165 525 31.9015
170 525 31.7212
175 525 31.8244
180 525 32.2095
185 525 32.8725
190 525 33.8069
195 525 35.0042
200 525 36.4535
205 525 38.1419
210 525 40.0551
215 525 42.1767
220 525 44.4895
225 525 46.975
230 525 49.6138
235 525 52.3862
240 525 55.2723
245 525 58.2521
250 525 61.3062
255 525 64.4155
260 525 67.5622
265 525 70.7294
270 525 73.9017
275 525 77.0653
280 525 80.2081
285 525 83.3202
290 525 86.3935
295 525 89.4223
300 525 92.4033
305 525 95.3353
310 525 98.2195
315 525 101.06
320 525 103.861
325 525 106.632
330 525 109.383
335 525 112.124
340 525 114.87
345 525 117.635
350 525 120.434
355 525 123.284
360 525 126.2
365 525 129.198
370 525 132.294
375 525 135.501
380 525 138.833
385 525 142.298
390 525 145.904
395 525 149.656
400 525 153.554
405 525 157.594
410 525 161.769
415 525 166.066
420 525 170.469
425 525 174.957
430 525 179.503
435 525 184.078
440 525 188.646
445 525 193.171
450 525 197.612
455 525 201.925
460 525 206.068
465 525 209.996
470 525 213.664
475 525 217.029
480 525 220.052
485 525 222.695
490 525 224.924
495 525 226.712
500 525 228.037
505 525 228.881
510 525 229.235
515 525 229.096
520 525 228.469
525 525 227.363
530 525 225.797
535 525 223.793
540 525 221.382
545 525 218.596
550 525 215.474
555 525 212.058
560 525 208.392
565 525 204.52
570 525 200.49
575 525 196.345
580 525 192.132
585 525 187.893
590 525 183.667
595 525 179.491
600 525 175.4
605 525 171.422
610 525 167.583
615 525 163.905
620 525 160.404
625 525 157.095
630 525 153.985
635 525 151.081
640 525 148.386
645 525 145.898
650 525 143.615
655 525 141.53
660 525 139.638
665 525 137.928
670 525 136.392
675 525 135.018
680 525 133.796
685 525 132.713
690 525 131.759
695 525 130.921
700 525 130.19
705 525 129.555
710 525 129.004
715 525 128.53
720 525 128.124
725 525 127.777
730 525 127.481
735 525 127.231
740 525 127.021
745 525 126.844
750 525 126.696
755 525 126.573
760 525 126.472
765 525 126.388
770 525 126.319
775 525 126.263
780 525 126.217
785 525 126.181
790 525 126.151
795 525 126.127
800 525 126.108
805 525 126.093
810 525 126.081
815 525 126.072
820 525 126.064
825 525 126.059
830 525 126.054
835 525 126.051
840 525 126.048
845 525 126.047
850 525 126.045
855 525 126.044
860 525 126.043
865 525 126.043
870 525 126.042
875 525 126.042
880 525 126.042
885 525 126.042
890 525 126.042
895 525 126.042

0 530 111.872
5 530 110.174
10 530 108.34
15 530 106.368
20 530 104.259
25 530 102.015
30 530 99.6399
35 530 97.1379
40 530 94.5162
45 530 91.7833
50 530 88.9495
55 530 86.0266
60 530 83.0282
65 530 79.9694
70 530 76.8665
75 530 73.7374
80 530 70.6009
85 530 67.4768
90 530 64.3855
95 530 61.3482
100 530 58.3861
105 530 55.5206
110 530 52.7729
115 530 50.1636
120 530 47.7129
125 530 45.4398
130 530 43.3623
135 530 41.497
140 530 39.8587
145 530 38.4606
150 530 37.3138
155 530 36.4275
160 530 35.8085
165 530 35.4614
170 530 35.3882
175 530 35.5888
180 530 36.0605
185 530 36.7985
190 530 37.7955
195 530 39.0422
200 530 40.5273
205 530 42.2377
210 530 44.1584
215 530 46.2734
220 530 48.5652
225 530 51.0156
230 530 53.6055
235 530 56.3155
240 530 59.1263
245 530 62.0185
250 530 64.9732
255 530 67.9721
260 530 70.9979
265 530 74.0345
270 530 77.0672
275 530 80.0827
280 530 83.0695
285 530 86.0182
290 530 88.9211
295 530 91.7728
300 530 94.5701
305 530 97.3119
310 530 99.9995
315 530 102.636
320 530 105.228
325 530 107.782
330 530 110.307
335 530 112.817
340 530 115.322
345 530 117.838
350 530 120.38
355 530 122.963
360 530 125.604
365 530 128.32
370 530 131.126
375 530 134.036
380 530 137.066
385 530 140.225
390 530 143.523
395 530 146.968
400 530 150.561
405 530 154.304
410 530 158.19
415 530 162.212
420 530 166.357
425 530 170.607
430 530 174.941
435 530 179.33
440 530 183.747
445 530 188.154
450 530 192.517
455 530 196.793
460 530 200.942
465 530 204.919
470 530 208.682
475 530 212.187
480 530 215.392
485 530 218.26
490 530 220.754
495 530 222.842
500 530 224.499
505 530 225.703
510 530 226.44
515 530 226.702
520 530 226.486
525 530 225.797
530 530 224.648
535 530 223.055
540 530 221.044
545 530 218.643
550 530 215.885
555 530 212.808
560 530 209.453
565 530 205.863
570 530 202.081
575 530 198.152
580 530 194.12
585 530 190.027
590 530 185.914
595 530 181.819
600 530 177.778
605 530 173.822
610 530 169.978
615 530 166.272
620 530 162.722
625 530 159.344
630 530 156.152
635 530 153.153
640 530 150.353
645 530 147.752
650 530 145.352
655 530 143.148
660 530 141.134
665 530 139.305
670 530 137.652
675 530 136.164
680 530 134.832
685 530 133.646
690 530 132.594
695 530 131.665
700 530 130.849
705 530 130.135
710 530 129.513
715 530 128.974
720 530 128.509
725 530 128.109
730 530 127.767
735 530 127.476
740 530 127.229
745 530 127.02
750 530 126.844
755 530 126.698
760 530 126.575
765 530 126.474
770 530 126.39
775 530 126.321
780 530 126.265
785 530 126.219
790 530 126.182
795 530 126.152
800 530 126.128
805 530 126.109
810 530 126.094
815 530 126.081
820 530 126.072
825 530 126.065
830 530 126.059
835 530 126.054
840 530 126.051
845 530 126.048
850 530 126.047
855 530 126.045
860 530 126.044
865 530 126.043
870 530 126.043
875 530 126.042
880 530 126.042
885 530 126.042
890 530 126.042
895 530 126.041

0 535 112.358
5 535 110.706
10 535 108.919
15 535 106.997
20 535 104.941
25 535 102.752
30 535 100.435
35 535 97.9939
40 535 95.4365
45 535 92.7715
50 535 90.0096
55 535 87.1629
60 535 84.2452
65 535 81.2719
70 535 78.2597
75 535 75.2264
80 535 72.191
85 535 69.1733
90 535 66.1937
95 535 63.2731
100 535 60.4323
105 535 57.6924
110 535 55.074
115 535 52.597
120 535 50.2808
125 535 48.1435
130 535 46.2021
135 535 44.4719
140 535 42.9668
145 535 41.6988
150 535 40.6778
155 535 39.9116
160 535 39.406
165 535 39.1641
170 535 39.1872
175 535 39.4739
180 535 40.0208
185 535 40.822
190 535 41.8697
195 535 43.1539
200 535 44.6629
205 535 46.3833
210 535 48.3001
215 535 50.3971
220 535 52.6571
225 535 55.0619
230 535 57.5931
235 535 60.2317
240 535 62.9588
245 535 65.7558
250 535 68.6043
255 535 71.487
260 535 74.3873
265 535 77.2897
270 535 80.1803
275 535 83.0464
280 535 85.8772
285 535 88.6636
290 535 91.3986
295 535 94.077
300 535 96.6958
305 535 99.254
310 535 101.753
315 535 104.195
320 535 106.587
325 535 108.936
330 535 111.25
335 535 113.54
340 535 115.82
345 535 118.103
350 535 120.403
355 535 122.737
360 535 125.121
365 535 127.57
370 535 130.102
375 535 132.731
380 535 135.472
385 535 138.338
390 535 141.339
395 535 144.485
400 535 147.78
405 535 151.227
410 535 154.824
415 535 158.566
420 535 162.444
425 535 166.444
430 535 170.547
435 535 174.732
440 535 178.97
445 535 183.232
450 535 187.484
455 535 191.688
460 535 195.804
465 535 199.791
470 535 203.607
475 535 207.209
480 535 210.555
485 535 213.606
490 535 216.324
495 535 218.676
500 535 220.631
505 535 222.165
510 535 223.258
515 535 223.897
520 535 224.076
525 535 223.793
530 535 223.055
535 535 221.874
540 535 220.269
545 535 218.262
550 535 215.883
555 535 213.166
560 535 210.146
565 535 206.864
570 535 203.36
575 535 199.678
580 535 195.86
585 535 191.948
590 535 187.983
595 535 184.003
600 535 180.045
605 535 176.142
610 535 172.324
615 535 168.616
620 535 165.042
625 535 161.621
630 535 158.366
635 535 155.289
640 535 152.398
645 535 149.697
650 535 147.189
655 535 144.871
660 535 142.742
665 535 140.795
670 535 139.025
675 535 137.422
680 535 135.979
685 535 134.685
690 535 133.53
695 535 132.505
700 535 131.598
705 535 130.799
710 535 130.1
715 535 129.489
720 535 128.959
725 535 128.5
730 535 128.105
735 535 127.767
740 535 127.477
745 535 127.232
750 535 127.024
755 535 126.849
760 535 126.702
765 535 126.579
770 535 126.478
775 535 126.393
780 535 126.324
785 535 126.267
790 535 126.221
795 535 126.184
800 535 126.153
805 535 126.129
810 535 126.11
815 535 126.094
820 535 126.082
825 535 126.072
830 535 126.065
835 535 126.059
840 535 126.055
845 535 126.051
850 535 126.049
855 535 126.047
860 535 126.045
865 535 126.044
870 535 126.043
875 535 126.042
880 535 126.042
885 535 126.042
890 535 126.042
895 535 126.041

0 540 112.949
5 540 111.352
10 540 109.623
15 540 107.762
20 540 105.768
25 540 103.644
30 540 101.394
35 540 99.0235
40 540 96.5392
45 540 93.9503
50 540 91.2677
55 540 88.5038
60 540 85.6727
65 540 82.7898
70 540 79.8722
75 540 76.9377
80 540 74.0054
85 540 71.0952
90 540 68.2272
95 540 65.4221
100 540 62.7007
105 540 60.0834
110 540 57.5902
115 540 55.2406
120 540 53.053
125 540 51.0448
130 540 49.2319
135 540 47.6288
140 540 46.2481
145 540 45.1007
150 540 44.1953
155 540 43.5386
160 540 43.1352
165 540 42.9873
170 540 43.095
175 540 43.4559
180 540 44.0658
185 540 44.9181
190 540 46.0043
195 540 47.314
200 540 48.8351
205 540 50.5539
210 540 52.4555
215 540 54.5237
220 540 56.7415
225 540 59.0912
230 540 61.5545
235 540 64.1133
240 540 66.7491
245 540 69.4442
250 540 72.1809
255 540 74.9425
260 540 77.7134
265 540 80.4789
270 540 83.2256
275 540 85.9418
280 540 88.6172
285 540 91.2433
290 540 93.8134
295 540 96.3228
300 540 98.7685
305 540 101.15
310 540 103.468
315 540 105.726
320 540 107.929
325 540 110.083
330 540 112.198
335 540 114.284
340 540 116.353
345 540 118.419
350 540 120.494
355 540 122.596
360 540 124.739
365 540 126.939
370 540 129.214
375 540 131.578
380 540 134.047
385 540 136.634
390 540 139.351
395 540 142.208
400 540 145.213
405 540 148.369
410 540 151.68
415 540 155.141
420 540 158.748
425 540 162.489
430 540 166.35
435 540 170.312
440 540 174.352
445 540 178.444
450 540 182.556
455 540 186.655
460 540 190.704
465 540 194.663
470 540 198.492
475 540 202.15
480 540 205.596
485 540 208.789
490 540 211.691
495 540 214.266
500 540 216.482
505 540 218.312
510 540 219.731
515 540 220.723
520 540 221.275
525 540 221.382
530 540 221.044
535 540 220.269
540 540 219.068
545 540 217.461
550 540 215.472
555 540 213.128
560 540 210.463
565 540 207.512
570 540 204.314
575 540 200.908
580 540 197.335
585 540 193.637
590 540 189.852
595 540 186.021
600 540 182.18
605 540 178.363
610 540 174.601
615 540 170.922
620 540 167.351
625 540 163.91
630 540 160.614
635 540 157.479
640 540 154.515
645 540 151.728
650 540 149.123
655 540 146.702
660 540 144.462
665 540 142.403
670 540 140.517
675 540 138.8
680 540 137.244
685 540 135.839
690 540 134.578
695 540 133.451
700 540 132.447
705 540 131.558
710 540 130.774
715 540 130.085
720 540 129.483
725 540 128.958
730 540 128.504
735 540 128.112
740 540 127.774
745 540 127.486
750 540 127.241
755 540 127.032
760 540 126.857
765 540 126.709
770 540 126.586
775 540 126.483
780 540 126.398
785 540 126.328
790 540 126.271
795 540 126.224
800 540 126.186
805 540 126.155
810 540 126.13
815 540 126.111
820 540 126.095
825 540 126.083
830 540 126.073
835 540 126.065
840 540 126.059
845 540 126.055
850 540 126.051
855 540 126.049
860 540 126.047
865 540 126.045
870 540 126.044
875 540 126.043
880 540 126.042
885 540 126.042
890 540 126.042
895 540 126.041

0 545 113.647
5 545 112.115
10 545 110.455
15 545 108.664
20 545 106.743
25 545 104.695
30 545 102.522
35 545 100.231
40 545 97.8287
45 545 95.3242
50 545 92.7284
55 545 90.0539
60 545 87.3149
65 545 84.5271
70 545 81.7074
75 545 78.8741
80 545 76.0461
85 545 73.2432
90 545 70.4857
95 545 67.7939
100 545 65.1883
105 545 62.689
110 545 60.3155
115 545 58.0868
120 545 56.0204
125 545 54.133
130 545 52.4396
135 545 50.9538
140 545 49.687
145 545 48.6493
150 545 47.8481
155 545 47.2892
160 545 46.9759
165 545 46.9096
170 545 47.0893
175 545 47.5119
180 545 48.1722
185 545 49.0631
190 545 50.1755
195 545 51.4986
200 545 53.02
205 545 54.726
210 545 56.6015
215 545 58.6306
220 545 60.7965
225 545 63.0819
230 545 65.4691
235 545 67.9405
240 545 70.4785
245 545 73.0657
250 545 75.6857
255 545 78.3224
260 545 80.961
265 545 83.5876
270 545 86.1897
275 545 88.7562
280 545 91.2775
285 545 93.7456
290 545 96.1544
295 545 98.4994
300 545 100.778
305 545 102.989
310 545 105.135
315 545 107.217
320 545 109.242
325 545 111.214
330 545 113.143
335 545 115.038
340 545 116.911
345 545 118.775
350 545 120.642
355 545 122.528
360 545 124.447
365 545 126.417
370 545 128.452
375 545 130.569
380 545 132.781
385 545 135.105
390 545 137.552
395 545 140.134
400 545 142.859
405 545 145.735
410 545 148.764
415 545 151.947
420 545 155.281
425 545 158.759
430 545 162.369
435 545 166.097
440 545 169.922
445 545 173.823
450 545 177.772
455 545 181.737
460 545 185.687
465 545 189.583
470 545 193.389
475 545 197.064
480 545 200.568
485 545 203.862
490 545 206.907
495 545 209.666
500 545 212.105
505 545 214.194
510 545 215.906
515 545 217.22
520 545 218.12
525 545 218.596
530 545 218.643
535 545 218.262
540 545 217.461
545 545 216.254
550 545 214.659
555 545 212.699
560 545 210.403
565 545 207.802
570 545 204.932
575 545 201.828
580 545 198.529
585 545 195.075
590 545 191.504
595 545 187.854
600 545 184.163
605 545 180.464
610 545 176.79
615 545 173.171
620 545 169.632
625 545 166.198
630 545 162.887
635 545 159.715
640 545 156.697
645 545 153.84
650 545 151.153
655 545 148.638
660 545 146.298
665 545 144.131
670 545 142.135
675 545 140.305
680 545 138.635
685 545 137.118
690 545 135.747
695 545 134.514
700 545 133.408
705 545 132.422
710 545 131.547
715 545 130.773
720 545 130.091
725 545 129.494
730 545 128.973
735 545 128.52
740 545 128.128
745 545 127.791
750 545 127.502
755 545 127.255
760 545 127.045
765 545 126.868
770 545 126.719
775 545 126.595
780 545 126.491
785 545 126.404
790 545 126.333
795 545 126.275
800 545 126.227
805 545 126.189
810 545 126.157
815 545 126.132
820 545 126.112
825 545 126.096
830 545 126.083
835 545 126.073
840 545 126.066
845 545 126.06
850 545 126.055
855 545 126.051
860 545 126.049
865 545 126.047
870 545 126.045
875 545 126.044
880 545 126.043
885 545 126.042
890 545 126.042
895 545 126.042

0 550 114.45
5 550 112.996
10 550 111.415
15 550 109.705
20 550 107.869
25 550 105.906
30 550 103.822
35 550 101.62
40 550 99.3087
45 550 96.897
50 550 94.3955
55 550 91.817
60 550 89.1757
65 550 86.4872
70 550 83.7686
75 550 81.0382
80 550 78.3149
85 550 75.6186
90 550 72.9693
95 550 70.3873
100 550 67.8928
105 550 65.5057
110 550 63.245
115 550 61.129
120 550 59.1748
125 550 57.3984
130 550 55.8139
135 550 54.434
140 550 53.2695
145 550 52.329
150 550 51.6193
155 550 51.1451
160 550 50.9089
165 550 50.9109
170 550 51.1494
175 550 51.6204
180 550 52.3182
185 550 53.2349
190 550 54.361
195 550 55.6855
200 550 57.1957
205 550 58.8777
210 550 60.7167
215 550 62.6969
220 550 64.8018
225 550 67.0146
230 550 69.3182
235 550 71.6955
240 550 74.1297
245 550 76.6044
250 550 79.1036
255 550 81.6124
260 550 84.1166
265 550 86.6033
270 550 89.0607
275 550 91.4784
280 550 93.8475
285 550 96.1607
290 550 98.4122
295 550 100.598
300 550 102.716
305 550 104.764
310 550 106.746
315 550 108.662
320 550 110.518
325 550 112.32
330 550 114.075
335 550 115.793
340 550 117.484
345 550 119.161
350 550 120.836
355 550 122.523
360 550 124.237
365 550 125.993
370 550 127.806
375 550 129.693
380 550 131.667
385 550 133.744
390 550 135.937
395 550 138.258
400 550 140.717
405 550 143.322
410 550 146.078
415 550 148.989
420 550 152.053
425 550 155.266
430 550 158.621
435 550 162.106
440 550 165.705
445 550 169.398
450 550 173.163
455 550 176.971
460 550 180.794
465 550 184.597
470 550 188.344
475 550 192
480 550 195.525
485 550 198.88
490 550 202.027
495 550 204.93
500 550 207.552
505 550 209.863
510 550 211.832
515 550 213.436
520 550 214.655
525 550 215.474
530 550 215.885
535 550 215.883
540 550 215.472
545 550 214.659
550 550 213.457
555 550 211.887
560 550 209.97
565 550 207.734
570 550 205.209
575 550 202.43
580 550 199.431
585 550 196.249
590 550 192.921
595 550 189.485
600 550 185.975
605 550 182.428
610 550 178.874
615 550 175.346
620 550 171.87
625 550 168.471
630 550 165.171
635 550 161.987
640 550 158.936
645 550 156.029
650 550 153.275
655 550 150.681
660 550 148.25
665 550 145.984
670 550 143.883
675 550 141.943
680 550 140.161
685 550 138.532
690 550 137.049
695 550 135.705
700 550 134.493
705 550 133.404
710 550 132.431
715 550 131.564
720 550 130.796
725 550 130.118
730 550 129.523
735 550 129.002
740 550 128.548
745 550 128.155
750 550 127.815
755 550 127.524
760 550 127.275
765 550 127.063
770 550 126.883
775 550 126.732
780 550 126.605
785 550 126.499
790 550 126.412
795 550 126.339
800 550 126.28
805 550 126.231
810 550 126.191
815 550 126.16
820 550 126.134
825 550 126.113
830 550 126.097
835 550 126.084
840 550 126.074
845 550 126.066
850 550 126.06
855 550 126.055
860 550 126.052
865 550 126.049
870 550 126.047
875 550 126.045
880 550 126.044
885 550 126.043
890 550 126.042
895 550 126.042

0 555 115.36
5 555 113.993
10 555 112.502
15 555 110.886
20 555 109.145
25 555 107.279
30 555 105.293
35 555 103.192
40 555 100.981
45 555 98.6713
50 555 96.2721
55 555 93.7963
60 555 91.2581
65 555 88.6732
70 555 86.0586
75 555 83.4324
80 555 80.8138
85 555 78.2224
90 555 75.6784
95 555 73.2018
100 555 70.8127
105 555 68.5306
110 555 66.3743
115 555 64.3617
120 555 62.5094
125 555 60.8327
130 555 59.345
135 555 58.0584
140 555 56.9827
145 555 56.1259
150 555 55.4938
155 555 55.0902
160 555 54.9168
165 555 54.973
170 555 55.2562
175 555 55.7619
180 555 56.4837
185 555 57.4132
190 555 58.5405
195 555 59.8543
200 555 61.3418
205 555 62.9892
210 555 64.7816
215 555 66.7036
220 555 68.7391
225 555 70.8717
230 555 73.0849
235 555 75.3623
240 555 77.6879
245 555 80.0459
250 555 82.4213
255 555 84.8
260 555 87.1687
265 555 89.5152
270 555 91.8285
275 555 94.0991
280 555 96.3187
285 555 98.4805
290 555 100.579
295 555 102.611
300 555 104.574
305 555 106.468
310 555 108.293
315 555 110.052
320 555 111.75
325 555 113.392
330 555 114.986
335 555 116.54
340 555 118.064
345 555 119.568
350 555 121.066
355 555 122.571
360 555 124.096
365 555 125.656
370 555 127.265
375 555 128.94
380 555 130.693
385 555 132.541
390 555 134.497
395 555 136.572
400 555 138.779
405 555 141.126
410 555 143.62
415 555 146.267
420 555 149.067
425 555 152.018
430 555 155.117
435 555 158.355
440 555 161.719
445 555 165.193
450 555 168.757
455 555 172.389
460 555 176.06
465 555 179.742
470 555 183.402
475 555 187.004
480 555 190.513
485 555 193.892
490 555 197.103
495 555 200.109
500 555 202.876
505 555 205.369
510 555 207.559
515 555 209.418
520 555 210.924
525 555 212.058
530 555 212.808
535 555 213.166
540 555 213.128
545 555 212.699
550 555 211.887
555 555 210.705
560 555 209.172
565 555 207.31
570 555 205.146
575 555 202.71
580 555 200.032
585 555 197.148
590 555 194.092
595 555 190.898
600 555 187.602
605 555 184.237
610 555 180.837
615 555 177.431
620 555 174.049
625 555 170.715
630 555 167.453
635 555 164.284
640 555 161.223
645 555 158.287
650 555 155.485
655 555 152.827
660 555 150.319
665 555 147.965
670 555 145.766
675 555 143.722
680 555 141.831
685 555 140.089
690 555 138.493
695 555 137.037
700 555 135.713
705 555 134.517
710 555 133.439
715 555 132.473
720 555 131.61
725 555 130.844
730 555 130.166
735 555 129.569
740 555 129.045
745 555 128.588
750 555 128.191
755 555 127.848
760 555 127.552
765 555 127.299
770 555 127.084
775 555 126.901
780 555 126.747
785 555 126.618
790 555 126.51
795 555 126.42
800 555 126.346
805 555 126.285
810 555 126.235
815 555 126.195
820 555 126.162
825 555 126.136
830 555 126.115
835 555 126.098
840 555 126.085
845 555 126.075
850 555 126.066
855 555 126.06
860 555 126.055
865 555 126.052
870 555 126.049
875 555 126.047
880 555 126.045
885 555 126.044
890 555 126.043
895 555 126.042

0 560 116.371
5 560 115.103
10 560 113.715
15 560 112.204
20 560 110.57
25 560 108.814
30 560 106.938
35 560 104.947
40 560 102.848
45 560 100.649
50 560 98.3599
55 560 95.9939
60 560 93.5646
65 560 91.0876
70 560 88.5797
75 560 86.0591
80 560 83.5448
85 560 81.0564
90 560 78.6139
95 560 76.2376
100 560 73.9471
105 560 71.762
110 560 69.7007
115 560 67.7809
120 560 66.0187
125 560 64.429
130 560 63.0248
135 560 61.8174
140 560 60.816
145 560 60.0279
150 560 59.4583
155 560 59.1102
160 560 58.9844
165 560 59.0798
170 560 59.3931
175 560 59.9191
180 560 60.651
185 560 61.58
190 560 62.6958
195 560 63.9869
200 560 65.4405
205 560 67.0427
210 560 68.779
215 560 70.634
220 560 72.5922
225 560 74.6377
230 560 76.7545
235 560 78.927
240 560 81.1398
245 560 83.378
250 560 85.6274
255 560 87.8747
260 560 90.1074
265 560 92.3143
270 560 94.4851
275 560 96.6108
280 560 98.684
285 560 100.698
290 560 102.649
295 560 104.533
300 560 106.348
305 560 108.093
310 560 109.771
315 560 111.383
320 560 112.932
325 560 114.426
330 560 115.87
335 560 117.272
340 560 118.641
345 560 119.989
350 560 121.325
355 560 122.663
360 560 124.015
365 560 125.396
370 560 126.819
375 560 128.299
380 560 129.85
385 560 131.486
390 560 133.221
395 560 135.068
400 560 137.038
405 560 139.141
410 560 141.386
415 560 143.779
420 560 146.323
425 560 149.018
430 560 151.864
435 560 154.853
440 560 157.977
445 560 161.224
450 560 164.577
455 560 168.015
460 560 171.516
465 560 175.054
470 560 178.598
475 560 182.117
480 560 185.578
485 560 188.945
490 560 192.183
495 560 195.255
500 560 198.127
505 560 200.764
510 560 203.136
515 560 205.215
520 560 206.973
525 560 208.392
530 560 209.453
535 560 210.146
540 560 210.463
545 560 210.403
550 560 209.97
555 560 209.172
560 560 208.023
565 560 206.54
570 560 204.747
575 560 202.667
580 560 200.33
585 560 197.765
590 560 195.005
595 560 192.081
600 560 189.028
605 560 185.878
610 560 182.662
615 560 179.411
620 560 176.153
625 560 172.915
630 560 169.722
635 560 166.594
640 560 163.55
645 560 160.607
650 560 157.779
655 560 155.075
660 560 152.505
665 560 150.075
670 560 147.788
675 560 145.647
680 560 143.651
685 560 141.801
690 560 140.091
695 560 138.521
700 560 137.083
705 560 135.773
710 560 134.585
715 560 133.512
720 560 132.548
725 560 131.685
730 560 130.915
735 560 130.233
740 560 129.631
745 560 129.102
750 560 128.639
755 560 128.236
760 560 127.887
765 560 127.586
770 560 127.328
775 560 127.108
780 560 126.922
785 560 126.764
790 560 126.632
795 560 126.521
800 560 126.429
805 560 126.353
810 560 126.291
815 560 126.24
820 560 126.198
825 560 126.165
830 560 126.138
835 560 126.116
840 560 126.099
845 560 126.086
850 560 126.075
855 560 126.067
860 560 126.06
865 560 126.056
870 560 126.052
875 560 126.049
880 560 126.047
885 560 126.045
890 560 126.044
895 560 126.043

0 565 117.481
5 565 116.324
10 565 115.05
15 565 113.657
20 565 112.142
25 565 110.507
30 565 108.753
35 565 106.884
40 565 104.907
45 565 102.829
50 565 100.659
55 565 98.4106
60 565 96.0964
65 565 93.7319
70 565 91.3338
75 565 88.92
80 565 86.5095
85 565 84.1219
90 565 81.7772
95 565 79.4953
100 565 77.2963
105 565 75.1992
110 565 73.2226
115 565 71.3839
120 565 69.6991
125 565 68.1827
130 565 66.8473
135 565 65.7038
140 565 64.761
145 565 64.0256
150 565 63.5022
155 565 63.1932
160 565 63.099
165 565 63.2178
170 565 63.5457
175 565 64.0772
180 565 64.8049
185 565 65.7197
190 565 66.8112
195 565 68.0676
200 565 69.4762
205 565 71.0231
210 565 72.6939
215 565 74.4738
220 565 76.3474
225 565 78.2995
230 565 80.3146
235 565 82.3779
240 565 84.4745
245 565 86.5905
250 565 88.7125
255 565 90.8278
260 565 92.925
265 565 94.9934
270 565 97.0237
275 565 99.0075
280 565 100.938
285 565 102.809
290 565 104.617
295 565 106.359
300 565 108.033
305 565 109.638
310 565 111.176
315 565 112.648
320 565 114.06
325 565 115.415
330 565 116.72
335 565 117.983
340 565 119.211
345 565 120.414
350 565 121.603
355 565 122.789
360 565 123.985
365 565 125.203
370 565 126.456
375 565 127.759
380 565 129.124
385 565 130.567
390 565 132.099
395 565 133.734
400 565 135.484
405 565 137.359
410 565 139.368
415 565 141.519
420 565 143.817
425 565 146.265
430 565 148.862
435 565 151.606
440 565 154.49
445 565 157.505
450 565 160.638
455 565 163.872
460 565 167.187
465 565 170.561
470 565 173.967
475 565 177.377
480 565 180.76
485 565 184.083
490 565 187.312
495 565 190.414
500 565 193.353
505 565 196.098
510 565 198.615
515 565 200.875
520 565 202.851
525 565 204.52
530 565 205.863
535 565 206.864
540 565 207.512
545 565 207.802
550 565 207.734
555 565 207.31
560 565 206.54
565 565 205.438
570 565 204.02
575 565 202.307
580 565 200.324
585 565 198.097
590 565 195.654
595 565 193.026
600 565 190.243
605 565 187.336
610 565 184.335
615 565 181.269
620 565 178.168
625 565 175.058
630 565 171.963
635 565 168.905
640 565 165.906
645 565 162.982
650 565 160.15
655 565 157.421
660 565 154.807
665 565 152.316
670 565 149.953
675 565 147.724
680 565 145.631
685 565 143.675
690 565 141.855
695 565 140.169
700 565 138.615
705 565 137.188
710 565 135.884
715 565 134.698
720 565 133.624
725 565 132.655
730 565 131.786
735 565 131.01
740 565 130.32
745 565 129.709
750 565 129.171
755 565 128.7
760 565 128.289
765 565 127.933
770 565 127.625
775 565 127.361
780 565 127.136
785 565 126.944
790 565 126.783
795 565 126.647
800 565 126.533
805 565 126.439
810 565 126.361
815 565 126.296
820 565 126.244
825 565 126.202
830 565 126.167
835 565 126.14
840 565 126.118
845 565 126.1
850 565 126.086
855 565 126.076
860 565 126.067
865 565 126.061
870 565 126.056
875 565 126.052
880 565 126.049
885 565 126.047
890 565 126.045
895 565 126.044

0 570 118.684
5 570 117.649
10 570 116.502
15 570 115.238
20 570 113.856
25 570 112.355
30 570 110.735
35 570 109.001
40 570 107.156
45 570 105.209
50 570 103.169
55 570 101.046
60 570 98.8533
65 570 96.6066
70 570 94.3217
75 570 92.0165
80 570 89.7097
85 570 87.4207
90 570 85.1696
95 570 82.9764
100 570 80.861
105 570 78.8426
110 570 76.9398
115 570 75.1698
120 570 73.5487
125 570 72.0907
130 570 70.8085
135 570 69.7126
140 570 68.8115
145 570 68.1117
150 570 67.6173
155 570 67.3303
160 570 67.2507
165 570 67.3762
170 570 67.7027
175 570 68.2242
180 570 68.933
185 570 69.8197
190 570 70.8739
195 570 72.0836
200 570 73.436
205 570 74.9176
210 570 76.5141
215 570 78.2109
220 570 79.9932
225 570 81.8461
230 570 83.7549
235 570 85.7053
240 570 87.6832
245 570 89.6753
250 570 91.6691
255 570 93.6527
260 570 95.6153
265 570 97.5472
270 570 99.4396
275 570 101.285
280 570 103.077
285 570 104.81
290 570 106.481
295 570 108.087
300 570 109.625
305 570 111.098
310 570 112.504
315 570 113.847
320 570 115.129
325 570 116.357
330 570 117.534
335 570 118.668
340 570 119.767
345 570 120.839
350 570 121.894
355 570 122.943
360 570 123.997
365 570 125.067
370 570 126.167
375 570 127.309
380 570 128.507
385 570 129.772
390 570 131.119
395 570 132.559
400 570 134.105
405 570 135.768
410 570 137.557
415 570 139.48
420 570 141.545
425 570 143.755
430 570 146.112
435 570 148.615
440 570 151.261
445 570 154.043
450 570 156.952
455 570 159.973
460 570 163.091
465 570 166.286
470 570 169.535
475 570 172.814
480 570 176.093
485 570 179.343
490 570 182.533
495 570 185.63
500 570 188.602
505 570 191.416
510 570 194.041
515 570 196.446
520 570 198.604
525 570 200.49
530 570 202.081
535 570 203.36
540 570 204.314
545 570 204.932
550 570 205.209
555 570 205.146
560 570 204.747
565 570 204.02
570 570 202.978
575 570 201.637
580 570 200.018
585 570 198.143
590 570 196.036
595 570 193.725
600 570 191.236
605 570 188.599
610 570 185.842
615 570 182.994
620 570 180.08
625 570 177.129
630 570 174.163
635 570 171.206
640 570 168.28
645 570 165.403
650 570 162.591
655 570 159.86
660 570 157.222
665 570 154.687
670 570 152.264
675 570 149.959
680 570 147.777
685 570 145.722
690 570 143.794
695 570 141.995
700 570 140.323
705 570 138.776
710 570 137.351
715 570 136.046
720 570 134.854
725 570 133.772
730 570 132.794
735 570 131.914
740 570 131.126
745 570 130.424
750 570 129.802
755 570 129.253
760 570 128.771
765 570 128.35
770 570 127.985
775 570 127.669
780 570 127.398
785 570 127.166
790 570 126.969
795 570 126.803
800 570 126.663
805 570 126.546
810 570 126.449
815 570 126.368
820 570 126.302
825 570 126.249
830 570 126.205
835 570 126.17
840 570 126.142
845 570 126.119
850 570 126.101
855 570 126.087
860 570 126.076
865 570 126.068
870 570 126.061
875 570 126.056
880 570 126.052
885 570 126.049
890 570 126.047
895 570 126.045

0 575 119.971
5 575 119.07
10 575 118.062
15 575 116.941
20 575 115.704
25 575 114.349
30 575 112.877
35 575 111.29
40 575 109.591
45 575 107.786
50 575 105.885
55 575 103.897
60 575 101.834
65 575 99.7107
70 575 97.5433
75 575 95.3489
80 575 93.1461
85 575 90.9541
90 575 88.7929
95 575 86.6826
100 575 84.643
105 575 82.6937
110 575 80.8533
115 575 79.1391
120 575 77.5674
125 575 76.1525
130 575 74.907
135 575 73.8415
140 575 72.9645
145 575 72.2821
150 575 71.7985
155 575 71.5154
160 575 71.4325
165 575 71.5474
170 575 71.8557
175 575 72.3511
180 575 73.0258
185 575 73.8703
190 575 74.8738
195 575 76.0246
200 575 77.31
205 575 78.7164
210 575 80.2298
215 575 81.836
220 575 83.5206
225 575 85.2691
230 575 87.0675
235 575 88.9019
240 575 90.759
245 575 92.6263
250 575 94.4917
255 575 96.3444
260 575 98.1741
265 575 99.9719
270 575 101.73
275 575 103.44
280 575 105.098
285 575 106.698
290 575 108.238
295 575 109.714
300 575 111.125
305 575 112.471
310 575 113.754
315 575 114.975
320 575 116.138
325 575 117.247
330 575 118.306
335 575 119.323
340 575 120.304
345 575 121.257
350 575 122.191
355 575 123.116
360 575 124.042
365 575 124.98
370 575 125.942
375 575 126.94
380 575 127.985
385 575 129.09
390 575 130.268
395 575 131.531
400 575 132.89
405 575 134.357
410 575 135.941
415 575 137.652
420 575 139.496
425 575 141.48
430 575 143.607
435 575 145.877
440 575 148.291
445 575 150.843
450 575 153.526
455 575 156.331
460 575 159.244
465 575 162.249
470 575 165.326
475 575 168.454
480 575 171.607
485 575 174.759
490 575 177.881
495 575 180.944
500 575 183.915
505 575 186.765
510 575 189.461
515 575 191.975
520 575 194.279
525 575 196.345
530 575 198.152
535 575 199.678
540 575 200.908
545 575 201.828
550 575 202.43
555 575 202.71
560 575 202.667
565 575 202.307
570 575 201.637
575 575 200.67
580 575 199.42
585 575 197.907
590 575 196.15
595 575 194.174
600 575 192.002
605 575 189.66
610 575 187.174
615 575 184.571
620 575 181.876
625 575 179.114
630 575 176.309
635 575 173.484
640 575 170.661
645 575 167.859
650 575 165.095
655 575 162.386
660 575 159.746
665 575 157.188
670 575 154.721
675 575 152.354
680 575 150.095
685 575 147.949
690 575 145.919
695 575 144.009
700 575 142.22
705 575 140.551
710 575 139.002
715 575 137.572
720 575 136.256
725 575 135.052
730 575 133.956
735 575 132.962
740 575 132.066
745 575 131.262
750 575 130.545
755 575 129.907
760 575 129.344
765 575 128.849
770 575 128.417
775 575 128.041
780 575 127.716
785 575 127.437
790 575 127.198
795 575 126.995
800 575 126.823
805 575 126.679
810 575 126.559
815 575 126.459
820 575 126.376
825 575 126.308
830 575 126.253
835 575 126.208
840 575 126.172
845 575 126.143
850 575 126.12
855 575 126.102
860 575 126.088
865 575 126.077
870 575 126.068
875 575 126.061
880 575 126.056
885 575 126.052
890 575 126.049
895 575 126.047

0 580 121.333
5 580 120.579
10 580 119.721
15 580 118.755
20 580 117.677
25 580 116.483
30 580 115.172
35 580 113.744
40 580 112.203
45 580 110.554
50 580 108.802
55 580 106.959
60 580 105.034
65 580 103.042
70 580 100.997
75 580 98.9165
80 580 96.8188
85 580 94.7228
90 580 92.6483
95 580 90.6155
100 580 88.6445
105 580 86.7548
110 580 84.9654
115 580 83.2941
120 580 81.7572
125 580 80.3694
130 580 79.1436
135 580 78.0907
140 580 77.2192
145 580 76.5354
150 580 76.0436
155 580 75.7456
160 580 75.6409
165 580 75.7271
170 580 75.9997
175 580 76.4524
180 580 77.0773
185 580 77.8648
190 580 78.8043
195 580 79.8839
200 580 81.091
205 580 82.4124
210 580 83.8342
215 580 85.3425
220 580 86.9233
225 580 88.5626
230 580 90.2468
235 580 91.9626
240 580 93.6974
245 580 95.4393
250 580 97.1769
255 580 98.8999
260 580 100.599
265 580 102.265
270 580 103.892
275 580 105.472
280 580 107.001
285 580 108.473
290 580 109.887
295 580 111.24
300 580 112.53
305 580 113.758
310 580 114.925
315 580 116.033
320 580 117.085
325 580 118.084
330 580 119.035
335 580 119.944
340 580 120.818
345 580 121.664
350 580 122.489
355 580 123.302
360 580 124.114
365 580 124.934
370 580 125.772
375 580 126.639
380 580 127.548
385 580 128.51
390 580 129.535
395 580 130.637
400 580 131.826
405 580 133.113
410 580 134.509
415 580 136.022
420 580 137.66
425 580 139.431
430 580 141.339
435 580 143.387
440 580 145.575
445 580 147.902
450 580 150.363
455 580 152.95
460 580 155.654
465 580 158.461
470 580 161.355
475 580 164.318
480 580 167.327
485 580 170.36
490 580 173.39
495 580 176.389
500 580 179.33
505 580 182.183
510 580 184.918
515 580 187.506
520 580 189.92
525 580 192.132
530 580 194.12
535 580 195.86
540 580 197.335
545 580 198.529
550 580 199.431
555 580 200.032
560 580 200.33
565 580 200.324
570 580 200.018
575 580 199.42
580 580 198.541
585 580 197.396
590 580 196
595 580 194.373
600 580 192.536
605 580 190.51
610 580 188.321
615 580 185.99
620 580 183.542
625 580 180.999
630 580 178.387
635 580 175.725
640 580 173.036
645 580 170.338
650 580 167.652
655 580 164.992
660 580 162.375
665 580 159.815
670 580 157.324
675 580 154.912
680 580 152.589
685 580 150.363
690 580 148.239
695 580 146.224
700 580 144.319
705 580 142.529
710 580 140.853
715 580 139.293
720 580 137.847
725 580 136.514
730 580 135.29
735 580 134.173
740 580 133.158
745 580 132.241
750 580 131.417
755 580 130.68
760 580 130.025
765 580 129.445
770 580 128.935
775 580 128.489
780 580 128.101
785 580 127.766
790 580 127.477
795 580 127.231
800 580 127.021
805 580 126.844
810 580 126.696
815 580 126.572
820 580 126.469
825 580 126.384
830 580 126.314
835 580 126.258
840 580 126.212
845 580 126.175
850 580 126.145
855 580 126.121
860 580 126.103
865 580 126.088
870 580 126.077
875 580 126.068
880 580 126.061
885 580 126.056
890 580 126.052
895 580 126.049

0 585 122.76
5 585 122.162
10 585 121.467
15 585 120.67
20 585 119.763
25 585 118.743
30 585 117.606
35 585 116.353
40 585 114.984
45 585 113.502
50 585 111.913
55 585 110.225
60 585 108.448
65 585 106.594
70 585 104.679
75 585 102.717
80 585 100.727
85 585 98.7266
90 585 96.7367
95 585 94.7769
100 585 92.8676
105 585 91.0287
110 585 89.2794
115 585 87.6381
120 585 86.1214
125 585 84.7448
130 585 83.5215
135 585 82.4629
140 585 81.5779
145 585 80.8734
150 585 80.3538
155 585 80.0212
160 585 79.8754
165 585 79.9141
170 585 80.133
175 585 80.5258
180 585 81.0846
185 585 81.8001
190 585 82.6616
195 585 83.6575
200 585 84.7752
205 585 86.0016
210 585 87.3232
215 585 88.7264
220 585 90.1975
225 585 91.7229
230 585 93.2895
235 585 94.8846
240 585 96.4959
245 585 98.1122
250 585 99.7227
255 585 101.318
260 585 102.888
265 585 104.427
270 585 105.926
275 585 107.381
280 585 108.785
285 585 110.136
290 585 111.43
295 585 112.665
300 585 113.842
305 585 114.959
310 585 116.018
315 585 117.02
320 585 117.968
325 585 118.867
330 585 119.719
335 585 120.531
340 585 121.307
345 585 122.055
350 585 122.783
355 585 123.496
360 585 124.206
365 585 124.92
370 585 125.648
375 585 126.4
380 585 127.187
385 585 128.019
390 585 128.908
395 585 129.865
400 585 130.9
405 585 132.024
410 585 133.246
415 585 134.578
420 585 136.026
425 585 137.598
430 585 139.3
435 585 141.136
440 585 143.109
445 585 145.218
450 585 147.46
455 585 149.832
460 585 152.326
465 585 154.932
470 585 157.635
475 585 160.422
480 585 163.273
485 585 166.169
490 585 169.085
495 585 171.998
500 585 174.881
505 585 177.707
510 585 180.449
515 585 183.078
520 585 185.568
525 585 187.893
530 585 190.027
535 585 191.948
540 585 193.637
545 585 195.075
550 585 196.249
555 585 197.148
560 585 197.765
565 585 198.097
570 585 198.143
575 585 197.907
580 585 197.396
585 585 196.619
590 585 195.59
595 585 194.323
600 585 192.835
605 585 191.146
610 585 189.274
615 585 187.24
620 585 185.066
625 585 182.773
630 585 180.383
635 585 177.916
640 585 175.391
645 585 172.83
650 585 170.25
655 585 167.668
660 585 165.101
665 585 162.564
670 585 160.07
675 585 157.633
680 585 155.263
685 585 152.97
690 585 150.762
695 585 148.648
700 585 146.633
705 585 144.722
710 585 142.919
715 585 141.226
720 585 139.644
725 585 138.174
730 585 136.815
735 585 135.564
740 585 134.42
745 585 133.378
750 585 132.436
755 585 131.587
760 585 130.828
765 585 130.151
770 585 129.553
775 585 129.026
780 585 128.565
785 585 128.164
790 585 127.817
795 585 127.519
800 585 127.265
805 585 127.048
810 585 126.866
815 585 126.712
820 585 126.585
825 585 126.479
830 585 126.391
835 585 126.32
840 585 126.262
845 585 126.214
850 585 126.177
855 585 126.146
860 585 126.122
865 585 126.104
870 585 126.089
875 585 126.077
880 585 126.068
885 585 126.061
890 585 126.056
895 585 126.052

0 590 124.238
5 590 123.807
10 590 123.287
15 590 122.67
20 590 121.948
25 590 121.116
30 590 120.168
35 590 119.103
40 590 117.919
45 590 116.619
50 590 115.205
55 590 113.685
60 590 112.067
65 590 110.362
70 590 108.583
75 590 106.745
80 590 104.866
85 590 102.964
90 590 101.058
95 590 99.1678
100 590 97.3146
105 590 95.5185
110 590 93.7992
115 590 92.1755
120 590 90.6651
125 590 89.2838
130 590 88.0458
135 590 86.9631
140 590 86.0456
145 590 85.3005
150 590 84.7331
155 590 84.3458
160 590 84.1391
165 590 84.111
170 590 84.2575
175 590 84.5726
180 590 85.0486
185 590 85.6765
190 590 86.4458
195 590 87.3449
200 590 88.3616
205 590 89.483
210 590 90.6958
215 590 91.9867
220 590 93.3422
225 590 94.7492
230 590 96.1949
235 590 97.6671
240 590 99.1541
245 590 100.645
250 590 102.13
255 590 103.599
260 590 105.044
265 590 106.458
270 590 107.834
275 590 109.167
280 590 110.452
285 590 111.687
290 590 112.867
295 590 113.992
300 590 115.061
305 590 116.074
310 590 117.032
315 590 117.936
320 590 118.79
325 590 119.596
330 590 120.357
335 590 121.08
340 590 121.769
345 590 122.43
350 590 123.069
355 590 123.694
360 590 124.312
365 590 124.932
370 590 125.562
375 590 126.212
380 590 126.891
385 590 127.609
390 590 128.376
395 590 129.202
400 590 130.099
405 590 131.075
410 590 132.141
415 590 133.306
420 590 134.579
425 590 135.967
430 590 137.477
435 590 139.114
440 590 140.882
445 590 142.782
450 590 144.814
455 590 146.976
460 590 149.261
465 590 151.664
470 590 154.174
475 590 156.777
480 590 159.46
485 590 162.204
490 590 164.989
495 590 167.795
500 590 170.596
505 590 173.37
510 590 176.09
515 590 178.73
520 590 181.264
525 590 183.667
530 590 185.914
535 590 187.983
540 590 189.852
545 590 191.504
550 590 192.921
555 590 194.092
560 590 195.005
565 590 195.654
570 590 196.036
575 590 196.15
580 590 196
585 590 195.59
590 590 194.929
595 590 194.029
600 590 192.902
605 590 191.562
610 590 190.027
615 590 188.313
620 590 186.439
625 590 184.423
630 590 182.284
635 590 180.041
640 590 177.714
645 590 175.32
650 590 172.877
655 590 170.403
660 590 167.915
665 590 165.428
670 590 162.956
675 590 160.515
680 590 158.116
685 590 155.772
690 590 153.494
695 590 151.291
700 590 149.172
705 590 147.145
710 590 145.215
715 590 143.387
720 590 141.666
725 590 140.052
730 590 138.549
735 590 137.155
740 590 135.871
745 590 134.693
750 590 133.62
755 590 132.647
760 590 131.771
765 590 130.985
770 590 130.285
775 590 129.666
780 590 129.121
785 590 128.643
790 590 128.228
795 590 127.87
800 590 127.561
805 590 127.298
810 590 127.075
815 590 126.886
820 590 126.728
825 590 126.597
830 590 126.488
835 590 126.398
840 590 126.325
845 590 126.265
850 590 126.217
855 590 126.178
860 590 126.148
865 590 126.123
870 590 126.104
875 590 126.089
880 590 126.077
885 590 126.068
890 590 126.061
895 590 126.056

0 595 125.753
5 595 125.5
10 595 125.165
15 595 124.74
20 595 124.216
25 595 123.584
30 595 122.84
35 595 121.977
40 595 120.994
45 595 119.889
50 595 118.665
55 595 117.327
60 595 115.88
65 595 114.334
70 595 112.701
75 595 110.995
80 595 109.233
85 595 107.431
90 595 105.61
95 595 103.788
100 595 101.987
105 595 100.227
110 595 98.5286
115 595 96.9115
120 595 95.394
125 595 93.9929
130 595 92.7235
135 595 91.5988
140 595 90.6295
145 595 89.8241
150 595 89.1886
155 595 88.7263
160 595 88.4384
165 595 88.3236
170 595 88.3784
175 595 88.5975
180 595 88.9735
185 595 89.4977
190 595 90.16
195 595 90.949
200 595 91.8528
205 595 92.8587
210 595 93.9538
215 595 95.1248
220 595 96.3588
225 595 97.6428
230 595 98.9645
235 595 100.312
240 595 101.674
245 595 103.039
250 595 104.399
255 595 105.744
260 595 107.067
265 595 108.36
270 595 109.617
275 595 110.834
280 595 112.005
285 595 113.129
290 595 114.202
295 595 115.223
300 595 116.191
305 595 117.106
310 595 117.97
315 595 118.784
320 595 119.55
325 595 120.271
330 595 120.95
335 595 121.592
340 595 122.201
345 595 122.784
350 595 123.344
355 595 123.89
360 595 124.428
365 595 124.964
370 595 125.508
375 595 126.068
380 595 126.651
385 595 127.267
390 595 127.926
395 595 128.637
400 595 129.41
405 595 130.254
410 595 131.178
415 595 132.193
420 595 133.305
425 595 134.524
430 595 135.857
435 595 137.308
440 595 138.884
445 595 140.586
450 595 142.416
455 595 144.374
460 595 146.457
465 595 148.659
470 595 150.973
475 595 153.389
480 595 155.896
485 595 158.478
490 595 161.119
495 595 163.8
500 595 166.501
505 595 169.199
510 595 171.871
515 595 174.493
520 595 177.041
525 595 179.491
530 595 181.819
535 595 184.003
540 595 186.021
545 595 187.854
550 595 189.485
555 595 190.898
560 595 192.081
565 595 193.026
570 595 193.725
575 595 194.174
580 595 194.373
585 595 194.323
590 595 194.029
595 595 193.498
600 595 192.738
605 595 191.76
610 595 190.576
615 595 189.201
620 595 187.649
625 595 185.935
630 595 184.076
635 595 182.088
640 595 179.988
645 595 177.793
650 595 175.52
655 595 173.185
660 595 170.805
665 595 168.396
670 595 165.973
675 595 163.552
680 595 161.147
685 595 158.771
690 595 156.438
695 595 154.159
700 595 151.946
705 595 149.808
710 595 147.754
715 595 145.792
720 595 143.928
725 595 142.167
730 595 140.512
735 595 138.967
740 595 137.532
745 595 136.206
750 595 134.99
755 595 133.879
760 595 132.872
765 595 131.964
770 595 131.15
775 595 130.425
780 595 129.782
785 595 129.217
790 595 128.723
795 595 128.293
800 595 127.922
805 595 127.603
810 595 127.331
815 595 127.1
820 595 126.906
825 595 126.743
830 595 126.608
835 595 126.496
840 595 126.404
845 595 126.329
850 595 126.268
855 595 126.219
860 595 126.18
865 595 126.149
870 595 126.124
875 595 126.104
880 595 126.089
885 595 126.077
890 595 126.068
895 595 126.061

0 600 127.29
5 600 127.222
10 600 127.083
15 600 126.861
20 600 126.547
25 600 126.13
30 600 125.602
35 600 124.956
40 600 124.189
45 600 123.295
50 600 122.276
55 600 121.133
60 600 119.87
65 600 118.497
70 600 117.021
75 600 115.457
80 600 113.818
85 600 112.123
90 600 110.389
95 600 108.635
100 600 106.884
105 600 105.156
110 600 103.471
115 600 101.851
120 600 100.314
125 600 98.8797
130 600 97.563
135 600 96.3789
140 600 95.3393
145 600 94.454
150 600 93.7301
155 600 93.1723
160 600 92.7827
165 600 92.561
170 600 92.5047
175 600 92.6088
180 600 92.867
185 600 93.2708
190 600 93.8107
195 600 94.4757
200 600 95.2543
205 600 96.1339
210 600 97.1019
215 600 98.1454
220 600 99.2516
225 600 100.408
230 600 101.602
235 600 102.822
240 600 104.058
245 600 105.299
250 600 106.535
255 600 107.758
260 600 108.961
265 600 110.137
270 600 111.279
275 600 112.384
280 600 113.447
285 600 114.465
290 600 115.437
295 600 116.359
300 600 117.233
305 600 118.058
310 600 118.835
315 600 119.565
320 600 120.25
325 600 120.893
330 600 121.497
335 600 122.066
340 600 122.604
345 600 123.116
350 600 123.607
355 600 124.082
360 600 124.549
365 600 125.012
370 600 125.48
375 600 125.96
380 600 126.459
385 600 126.987
390 600 127.55
395 600 128.159
400 600 128.822
405 600 129.548
410 600 130.345
415 600 131.224
420 600 132.191
425 600 133.256
430 600 134.425
435 600 135.705
440 600 137.101
445 600 138.617
450 600 140.256
455 600 142.019
460 600 143.905
465 600 145.911
470 600 148.032
475 600 150.261
480 600 152.588
485 600 155.001
490 600 157.487
495 600 160.031
500 600 162.613
505 600 165.216
510 600 167.817
515 600 170.397
520 600 172.932
525 600 175.4
530 600 177.778
535 600 180.045
540 600 182.18
545 600 184.163
550 600 185.975
555 600 187.602
560 600 189.028
565 600 190.243
570 600 191.236
575 600 192.002
580 600 192.536
585 600 192.835
590 600 192.902
595 600 192.738
600 600 192.348
605 600 191.739
610 600 190.919
615 600 189.899
620 600 188.688
625 600 187.299
630 600 185.745
635 600 184.04
640 600 182.198
645 600 180.233
650 600 178.161
655 600 175.997
660 600 173.757
665 600 171.457
670 600 169.112
675 600 166.738
680 600 164.351
685 600 161.965
690 600 159.595
695 600 157.255
700 600 154.959
705 600 152.72
710 600 150.548
715 600 148.453
720 600 146.446
725 600 144.534
730 600 142.723
735 600 141.018
740 600 139.422
745 600 137.937
750 600 136.565
755 600 135.304
760 600 134.152
765 600 133.107
770 600 132.164
775 600 131.319
780 600 130.567
785 600 129.9
790 600 129.314
795 600 128.802
800 600 128.357
805 600 127.972
810 600 127.643
815 600 127.362
820 600 127.124
825 600 126.924
830 600 126.757
835 600 126.618
840 600 126.504
845 600 126.409
850 600 126.333
855 600 126.271
860 600 126.221
865 600 126.181
870 600 126.149
875 600 126.124
880 600 126.104
885 600 126.089
890 600 126.077
895 600 126.068

0 605 128.833
5 605 128.958
10 605 129.022
15 605 129.014
20 605 128.92
25 605 128.73
30 605 128.433
35 605 128.019
40 605 127.482
45 605 126.815
50 605 126.015
55 605 125.083
60 605 124.021
65 605 122.833
70 605 121.528
75 605 120.116
80 605 118.612
85 605 117.029
90 605 115.388
95 605 113.706
100 605 112.005
105 605 110.306
110 605 108.63
115 605 106.999
120 605 105.433
125 605 103.952
130 605 102.574
135 605 101.314
140 605 100.186
145 605 99.2018
150 605 98.3698
155 605 97.6962
160 605 97.1845
165 605 96.8355
170 605 96.648
175 605 96.618
180 605 96.74
185 605 97.0063
190 605 97.4079
195 605 97.9345
200 605 98.5747
205 605 99.3167
210 605 100.148
215 605 101.056
220 605 102.027
225 605 103.051
230 605 104.113
235 605 105.204
240 605 106.313
245 605 107.428
250 605 108.542
255 605 109.645
260 605 110.731
265 605 111.793
270 605 112.825
275 605 113.823
280 605 114.782
285 605 115.701
290 605 116.576
295 605 117.407
300 605 118.192
305 605 118.933
310 605 119.628
315 605 120.281
320 605 120.892
325 605 121.465
330 605 122.001
335 605 122.504
340 605 122.978
345 605 123.426
350 605 123.855
355 605 124.268
360 605 124.672
365 605 125.071
370 605 125.472
375 605 125.883
380 605 126.309
385 605 126.758
390 605 127.238
395 605 127.757
400 605 128.323
405 605 128.944
410 605 129.629
415 605 130.385
420 605 131.222
425 605 132.147
430 605 133.167
435 605 134.29
440 605 135.52
445 605 136.863
450 605 138.323
455 605 139.901
460 605 141.599
465 605 143.415
470 605 145.347
475 605 147.389
480 605 149.536
485 605 151.777
490 605 154.101
495 605 156.497
500 605 158.948
505 605 161.439
510 605 163.951
515 605 166.466
520 605 168.963
525 605 171.422
530 605 173.822
535 605 176.142
540 605 178.363
545 605 180.464
550 605 182.428
555 605 184.237
560 605 185.878
565 605 187.336
570 605 188.599
575 605 189.66
580 605 190.51
585 605 191.146
590 605 191.562
595 605 191.76
600 605 191.739
605 605 191.502
610 605 191.054
615 605 190.4
620 605 189.547
625 605 188.503
630 605 187.278
635 605 185.882
640 605 184.326
645 605 182.622
650 605 180.783
655 605 178.823
660 605 176.756
665 605 174.596
670 605 172.36
675 605 170.062
680 605 167.719
685 605 165.347
690 605 162.962
695 605 160.58
700 605 158.217
705 605 155.887
710 605 153.605
715 605 151.384
720 605 149.235
725 605 147.17
730 605 145.198
735 605 143.327
740 605 141.561
745 605 139.907
750 605 138.367
755 605 136.942
760 605 135.632
765 605 134.435
770 605 133.348
775 605 132.368
780 605 131.49
785 605 130.708
790 605 130.017
795 605 129.409
800 605 128.878
805 605 128.418
810 605 128.021
815 605 127.681
820 605 127.391
825 605 127.146
830 605 126.941
835 605 126.769
840 605 126.627
845 605 126.51
850 605 126.414
855 605 126.336
860 605 126.272
865 605 126.222
870 605 126.181
875 605 126.149
880 605 126.124
885 605 126.104
890 605 126.089
895 605 126.077

0 610 130.363
5 610 130.687
10 610 130.963
15 610 131.176
20 610 131.314
25 610 131.362
30 610 131.308
35 610 131.14
40 610 130.848
45 610 130.423
50 610 129.86
55 610 129.155
60 610 128.309
65 610 127.322
70 610 126.202
75 610 124.957
80 610 123.597
85 610 122.139
90 610 120.598
95 610 118.993
100 610 117.345
105 610 115.674
110 610 114.005
115 610 112.357
120 610 110.755
125 610 109.217
130 610 107.764
135 610 106.414
140 610 105.182
145 610 104.081
150 610 103.122
155 610 102.312
160 610 101.658
165 610 101.162
170 610 100.823
175 610 100.64
180 610 100.607
185 610 100.718
190 610 100.965
195 610 101.338
200 610 101.826
205 610 102.418
210 610 103.102
215 610 103.865
220 610 104.695
225 610 105.58
230 610 106.507
235 610 107.466
240 610 108.445
245 610 109.435
250 610 110.427
255 610 111.413
260 610 112.384
265 610 113.335
270 610 114.26
275 610 115.155
280 610 116.016
285 610 116.84
290 610 117.624
295 610 118.369
300 610 119.072
305 610 119.733
310 610 120.354
315 610 120.936
320 610 121.479
325 610 121.987
330 610 122.461
335 610 122.905
340 610 123.321
345 610 123.714
350 610 124.087
355 610 124.446
360 610 124.794
365 610 125.137
370 610 125.48
375 610 125.83
380 610 126.192
385 610 126.573
390 610 126.98
395 610 127.421
400 610 127.902
405 610 128.431
410 610 129.015
415 610 129.664
420 610 130.384
425 610 131.183
430 610 132.069
435 610 133.048
440 610 134.126
445 610 135.309
450 610 136.602
455 610 138.007
460 610 139.526
465 610 141.161
470 610 142.91
475 610 144.771
480 610 146.738
485 610 148.805
490 610 150.964
495 610 153.205
500 610 155.516
505 610 157.882
510 610 160.289
515 610 162.72
520 610 165.157
525 610 167.583
530 610 169.978
535 610 172.324
540 610 174.601
545 610 176.79
550 610 178.874
555 610 180.837
560 610 182.662
565 610 184.335
570 610 185.842
575 610 187.174
580 610 188.321
585 610 189.274
590 610 190.027
595 610 190.576
600 610 190.919
605 610 191.054
610 610 190.981
615 610 190.702
620 610 190.219
625 610 189.537
630 610 188.661
635 610 187.598
640 610 186.355
645 610 184.941
650 610 183.366
655 610 181.642
660 610 179.78
665 610 177.794
670 610 175.698
675 610 173.508
680 610 171.239
685 610 168.908
690 610 166.533
695 610 164.13
700 610 161.718
705 610 159.313
710 610 156.932
715 610 154.591
720 610 152.306
725 610 150.09
730 610 147.955
735 610 145.911
740 610 143.969
745 610 142.136
750 610 140.416
755 610 138.814
760 610 137.33
765 610 135.967
770 610 134.721
775 610 133.591
780 610 132.572
785 610 131.659
790 610 130.848
795 610 130.13
800 610 129.501
805 610 128.951
810 610 128.475
815 610 128.065
820 610 127.715
825 610 127.417
830 610 127.166
835 610 126.955
840 610 126.78
845 610 126.634
850 610 126.515
855 610 126.417
860 610 126.337
865 610 126.273
870 610 126.222
875 610 126.181
880 610 126.149
885 610 126.124
890 610 126.104
895 610 126.088

0 615 131.864
5 615 132.391
10 615 132.883
15 615 133.326
20 615 133.703
25 615 134
30 615 134.201
35 615 134.291
40 615 134.259
45 615 134.092
50 615 133.781
55 615 133.321
60 615 132.707
65 615 131.939
70 615 131.021
75 615 129.957
80 615 128.757
85 615 127.435
90 615 126.005
95 615 124.485
100 615 122.895
105 615 121.257
110 615 119.594
115 615 117.928
120 615 116.283
125 615 114.681
130 615 113.144
135 615 111.69
140 615 110.339
145 615 109.105
150 615 108.001
155 615 107.037
160 615 106.221
165 615 105.557
170 615 105.047
175 615 104.69
180 615 104.484
185 615 104.421
190 615 104.497
195 615 104.7
200 615 105.023
205 615 105.452
210 615 105.978
215 615 106.587
220 615 107.267
225 615 108.006
230 615 108.793
235 615 109.616
240 615 110.465
245 615 111.329
250 615 112.199
255 615 113.067
260 615 113.926
265 615 114.769
270 615 115.591
275 615 116.388
280 615 117.154
285 615 117.888
290 615 118.587
295 615 119.25
300 615 119.876
305 615 120.465
310 615 121.017
315 615 121.533
320 615 122.014
325 615 122.463
330 615 122.881
335 615 123.271
340 615 123.636
345 615 123.978
350 615 124.303
355 615 124.613
360 615 124.913
365 615 125.207
370 615 125.5
375 615 125.797
380 615 126.104
385 615 126.426
390 615 126.77
395 615 127.142
400 615 127.549
405 615 127.997
410 615 128.494
415 615 129.047
420 615 129.664
425 615 130.351
430 615 131.115
435 615 131.964
440 615 132.904
445 615 133.94
450 615 135.078
455 615 136.322
460 615 137.675
465 615 139.138
470 615 140.712
475 615 142.397
480 615 144.189
485 615 146.084
490 615 148.077
495 615 150.159
500 615 152.322
505 615 154.554
510 615 156.842
515 615 159.174
520 615 161.533
525 615 163.905
530 615 166.272
535 615 168.616
540 615 170.922
545 615 173.171
550 615 175.346
555 615 177.431
560 615 179.411
565 615 181.269
570 615 182.994
575 615 184.571
580 615 185.99
585 615 187.24
590 615 188.313
595 615 189.201
600 615 189.899
605 615 190.4
610 615 190.702
615 615 190.801
620 615 190.698
625 615 190.39
630 615 189.881
635 615 189.172
640 615 188.266
645 615 187.17
650 615 185.889
655 615 184.432
660 615 182.809
665 615 181.03
670 615 179.108
675 615 177.058
680 615 174.894
685 615 172.634
690 615 170.296
695 615 167.897
700 615 165.457
705 615 162.995
710 615 160.53
715 615 158.082
720 615 155.667
725 615 153.303
730 615 151.005
735 615 148.788
740 615 146.663
745 615 144.642
750 615 142.732
755 615 140.94
760 615 139.27
765 615 137.724
770 615 136.304
775 615 135.007
780 615 133.83
785 615 132.771
790 615 131.824
795 615 130.982
800 615 130.238
805 615 129.587
810 615 129.019
815 615 128.528
820 615 128.106
825 615 127.745
830 615 127.44
835 615 127.182
840 615 126.967
845 615 126.787
850 615 126.639
855 615 126.518
860 615 126.419
865 615 126.338
870 615 126.274
875 615 126.222
880 615 126.181
885 615 126.148
890 615 126.123
895 615 126.103

0 620 133.318
5 620 134.05
10 620 134.762
15 620 135.439
20 620 136.063
25 620 136.617
30 620 137.082
35 620 137.444
40 620 137.684
45 620 137.79
50 620 137.749
55 620 137.55
60 620 137.186
65 620 136.655
70 620 135.955
75 620 135.09
80 620 134.067
85 620 132.896
90 620 131.59
95 620 130.167
100 620 128.645
105 620 127.046
110 620 125.393
115 620 123.71
120 620 122.021
125 620 120.349
130 620 118.72
135 620 117.153
140 620 115.67
145 620 114.288
150 620 113.023
155 620 111.887
160 620 110.891
165 620 110.04
170 620 109.34
175 620 108.79
180 620 108.39
185 620 108.136
190 620 108.022
195 620 108.041
200 620 108.182
205 620 108.435
210 620 108.79
215 620 109.234
220 620 109.756
225 620 110.344
230 620 110.984
235 620 111.668
240 620 112.382
245 620 113.118
250 620 113.866
255 620 114.618
260 620 115.366
265 620 116.104
270 620 116.826
275 620 117.527
280 620 118.203
285 620 118.851
290 620 119.47
295 620 120.056
300 620 120.61
305 620 121.131
310 620 121.619
315 620 122.075
320 620 122.5
325 620 122.895
330 620 123.262
335 620 123.604
340 620 123.922
345 620 124.221
350 620 124.502
355 620 124.77
360 620 125.027
365 620 125.278
370 620 125.528
375 620 125.779
380 620 126.039
385 620 126.31
390 620 126.599
395 620 126.912
400 620 127.255
405 620 127.633
410 620 128.053
415 620 128.523
420 620 129.048
425 620 129.635
430 620 130.292
435 620 131.024
440 620 131.839
445 620 132.742
450 620 133.738
455 620 134.833
460 620 136.03
465 620 137.332
470 620 138.741
475 620 140.257
480 620 141.88
485 620 143.607
490 620 145.434
495 620 147.357
500 620 149.368
505 620 151.459
510 620 153.62
515 620 155.84
520 620 158.106
525 620 160.404
530 620 162.722
535 620 165.042
540 620 167.351
545 620 169.632
550 620 171.87
555 620 174.049
560 620 176.153
565 620 178.168
570 620 180.08
575 620 181.876
580 620 183.542
585 620 185.066
590 620 186.439
595 620 187.649
600 620 188.688
605 620 189.547
610 620 190.219
615 620 190.698
620 620 190.978
625 620 191.054
630 620 190.925
635 620 190.587
640 620 190.041
645 620 189.287
650 620 188.328
655 620 187.169
660 620 185.817
665 620 184.278
670 620 182.565
675 620 180.689
680 620 178.664
685 620 176.507
690 620 174.235
695 620 171.868
700 620 169.425
705 620 166.928
710 620 164.398
715 620 161.855
720 620 159.321
725 620 156.816
730 620 154.36
735 620 151.968
740 620 149.658
745 620 147.442
750 620 145.333
755 620 143.34
760 620 141.47
765 620 139.728
770 620 138.117
775 620 136.637
780 620 135.286
785 620 134.063
790 620 132.963
795 620 131.98
800 620 131.107
805 620 130.338
810 620 129.665
815 620 129.08
820 620 128.574
825 620 128.141
830 620 127.771
835 620 127.458
840 620 127.195
845 620 126.975
850 620 126.793
855 620 126.643
860 620 126.519
865 620 126.419
870 620 126.338
875 620 126.273
880 620 126.221
885 620 126.18
890 620 126.147
895 620 126.122

0 625 134.707
5 625 135.644
10 625 136.578
15 625 137.492
20 625 138.367
25 625 139.184
30 625 139.924
35 625 140.566
40 625 141.092
45 625 141.485
50 625 141.727
55 625 141.807
60 625 141.712
65 625 141.436
70 625 140.974
75 625 140.327
80 625 139.499
85 625 138.496
90 625 137.331
95 625 136.019
100 625 134.578
105 625 133.028
110 625 131.392
115 625 129.696
120 625 127.964
125 625 126.223
130 625 124.496
135 625 122.809
140 625 121.185
145 625 119.643
150 625 118.203
155 625 116.88
160 625 115.685
165 625 114.63
170 625 113.72
175 625 112.959
180 625 112.348
185 625 111.884
190 625 111.563
195 625 111.379
200 625 111.323
205 625 111.386
210 625 111.558
215 625 111.826
220 625 112.18
225 625 112.606
230 625 113.095
235 625 113.633
240 625 114.21
245 625 114.816
250 625 115.44
255 625 116.076
260 625 116.714
265 625 117.348
270 625 117.971
275 625 118.58
280 625 119.17
285 625 119.736
290 625 120.278
295 625 120.793
300 625 121.279
305 625 121.737
310 625 122.166
315 625 122.566
320 625 122.939
325 625 123.285
330 625 123.607
335 625 123.905
340 625 124.183
345 625 124.442
350 625 124.685
355 625 124.915
360 625 125.136
365 625 125.35
370 625 125.561
375 625 125.774
380 625 125.992
385 625 126.22
390 625 126.463
395 625 126.725
400 625 127.012
405 625 127.329
410 625 127.683
415 625 128.079
420 625 128.524
425 625 129.024
430 625 129.585
435 625 130.213
440 625 130.916
445 625 131.698
450 625 132.566
455 625 133.524
460 625 134.577
465 625 135.729
470 625 136.983
475 625 138.34
480 625 139.801
485 625 141.365
490 625 143.031
495 625 144.796
500 625 146.654
505 625 148.6
510 625 150.626
515 625 152.724
520 625 154.884
525 625 157.095
530 625 159.344
535 625 161.621
540 625 163.91
545 625 166.198
550 625 168.471
555 625 170.715
560 625 172.915
565 625 175.058
570 625 177.129
575 625 179.114
580 625 180.999
585 625 182.773
590 625 184.423
595 625 185.935
600 625 187.299
605 625 188.503
610 625 189.537
615 625 190.39
620 625 191.054
625 625 191.52
630 625 191.78
635 625 191.828
640 625 191.659
645 625 191.27
650 625 190.659
655 625 189.827
660 625 188.776
665 625 187.512
670 625 186.041
675 625 184.374
680 625 182.523
685 625 180.503
690 625 178.33
695 625 176.025
700 625 173.608
705 625 171.1
710 625 168.526
715 625 165.907
720 625 163.269
725 625 160.634
730 625 158.025
735 625 155.462
740 625 152.965
745 625 150.551
750 625 148.236
755 625 146.033
760 625 143.951
765 625 141.998
770 625 140.181
775 625 138.501
780 625 136.959
785 625 135.555
790 625 134.284
795 625 133.143
800 625 132.125
805 625 131.222
810 625 130.429
815 625 129.735
820 625 129.133
825 625 128.614
830 625 128.169
835 625 127.791
840 625 127.472
845 625 127.204
850 625 126.981
855 625 126.796
860 625 126.644
865 625 126.519
870 625 126.418
875 625 126.337
880 625 126.271
885 625 126.219
890 625 126.178
895 625 126.146

0 630 136.014
5 630 137.154
10 630 138.309
15 630 139.46
20 630 140.589
25 630 141.674
30 630 142.693
35 630 143.625
40 630 144.448
45 630 145.139
50 630 145.681
55 630 146.055
60 630 146.247
65 630 146.245
70 630 146.041
75 630 145.633
80 630 145.019
85 630 144.205
90 630 143.2
95 630 142.017
100 630 140.671
105 630 139.184
110 630 137.577
115 630 135.877
120 630 134.108
125 630 132.298
130 630 130.475
135 630 128.665
140 630 126.893
145 630 125.182
150 630 123.556
155 630 122.031
160 630 120.624
165 630 119.347
170 630 118.21
175 630 117.22
180 630 116.378
185 630 115.685
190 630 115.14
195 630 114.736
200 630 114.467
205 630 114.325
210 630 114.3
215 630 114.38
220 630 114.555
225 630 114.812
230 630 115.14
235 630 115.527
240 630 115.962
245 630 116.434
250 630 116.933
255 630 117.451
260 630 117.979
265 630 118.51
270 630 119.037
275 630 119.556
280 630 120.062
285 630 120.55
290 630 121.019
295 630 121.466
300 630 121.889
305 630 122.288
310 630 122.662
315 630 123.011
320 630 123.336
325 630 123.638
330 630 123.918
335 630 124.177
340 630 124.418
345 630 124.642
350 630 124.851
355 630 125.049
360 630 125.238
365 630 125.42
370 630 125.599
375 630 125.778
380 630 125.961
385 630 126.151
390 630 126.354
395 630 126.572
400 630 126.812
405 630 127.077
410 630 127.373
415 630 127.706
420 630 128.081
425 630 128.504
430 630 128.981
435 630 129.517
440 630 130.12
445 630 130.794
450 630 131.546
455 630 132.38
460 630 133.302
465 630 134.316
470 630 135.425
475 630 136.632
480 630 137.94
485 630 139.349
490 630 140.858
495 630 142.468
500 630 144.174
505 630 145.973
510 630 147.861
515 630 149.831
520 630 151.875
525 630 153.985
530 630 156.152
535 630 158.366
540 630 160.614
545 630 162.887
550 630 165.171
555 630 167.453
560 630 169.722
565 630 171.963
570 630 174.163
575 630 176.309
580 630 178.387
585 630 180.383
590 630 182.284
595 630 184.076
600 630 185.745
605 630 187.278
610 630 188.661
615 630 189.881
620 630 190.925
625 630 191.78
630 630 192.435
635 630 192.878
640 630 193.101
645 630 193.096
650 630 192.856
655 630 192.377
660 630 191.658
665 630 190.699
670 630 189.505
675 630 188.082
680 630 186.44
685 630 184.593
690 630 182.555
695 630 180.345
700 630 177.984
705 630 175.494
710 630 172.901
715 630 170.229
720 630 167.504
725 630 164.754
730 630 162.002
735 630 159.274
740 630 156.593
745 630 153.98
750 630 151.454
755 630 149.033
760 630 146.728
765 630 144.553
770 630 142.515
775 630 140.619
780 630 138.87
785 630 137.266
790 630 135.807
795 630 134.49
800 630 133.308
805 630 132.255
810 630 131.324
815 630 130.507
820 630 129.794
825 630 129.176
830 630 128.645
835 630 128.191
840 630 127.806
845 630 127.481
850 630 127.209
855 630 126.983
860 630 126.796
865 630 126.642
870 630 126.517
875 630 126.416
880 630 126.334
885 630 126.269
890 630 126.217
895 630 126.176

0 635 137.225
5 635 138.563
10 635 139.934
15 635 141.321
20 635 142.703
25 635 144.058
30 635 145.361
35 635 146.589
40 635 147.715
45 635 148.717
50 635 149.57
55 635 150.254
60 635 150.75
65 635 151.041
70 635 151.116
75 635 150.967
80 635 150.59
85 635 149.987
90 635 149.163
95 635 148.129
100 635 146.899
105 635 145.492
110 635 143.929
115 635 142.237
120 635 140.441
125 635 138.57
130 635 136.653
135 635 134.72
140 635 132.798
145 635 130.914
150 635 129.092
155 635 127.355
160 635 125.723
165 635 124.21
170 635 122.831
175 635 121.593
180 635 120.503
185 635 119.565
190 635 118.776
195 635 118.136
200 635 117.638
205 635 117.275
210 635 117.038
215 635 116.917
220 635 116.901
225 635 116.979
230 635 117.137
235 635 117.366
240 635 117.653
245 635 117.987
250 635 118.357
255 635 118.756
260 635 119.173
265 635 119.601
270 635 120.033
275 635 120.463
280 635 120.887
285 635 121.3
290 635 121.699
295 635 122.081
300 635 122.444
305 635 122.788
310 635 123.111
315 635 123.413
320 635 123.694
325 635 123.955
330 635 124.198
335 635 124.422
340 635 124.63
345 635 124.823
350 635 125.003
355 635 125.172
360 635 125.332
365 635 125.487
370 635 125.637
375 635 125.788
380 635 125.941
385 635 126.1
390 635 126.268
395 635 126.45
400 635 126.649
405 635 126.869
410 635 127.116
415 635 127.394
420 635 127.709
425 635 128.065
430 635 128.468
435 635 128.924
440 635 129.438
445 635 130.016
450 635 130.663
455 635 131.386
460 635 132.188
465 635 133.075
470 635 134.051
475 635 135.12
480 635 136.284
485 635 137.545
490 635 138.905
495 635 140.364
500 635 141.922
505 635 143.575
510 635 145.323
515 635 147.16
520 635 149.081
525 635 151.081
530 635 153.153
535 635 155.289
540 635 157.479
545 635 159.715
550 635 161.987
555 635 164.284
560 635 166.594
565 635 168.905
570 635 171.206
575 635 173.484
580 635 175.725
585 635 177.916
590 635 180.041
595 635 182.088
600 635 184.04
605 635 185.882
610 635 187.598
615 635 189.172
620 635 190.587
625 635 191.828
630 635 192.878
635 635 193.723
640 635 194.349
645 635 194.742
650 635 194.892
655 635 194.79
660 635 194.429
665 635 193.807
670 635 192.922
675 635 191.778
680 635 190.382
685 635 188.743
690 635 186.876
695 635 184.797
700 635 182.526
705 635 180.086
710 635 177.503
715 635 174.803
720 635 172.015
725 635 169.166
730 635 166.287
735 635 163.404
740 635 160.545
745 635 157.735
750 635 154.997
755 635 152.352
760 635 149.817
765 635 147.408
770 635 145.136
775 635 143.01
780 635 141.036
785 635 139.216
790 635 137.551
795 635 136.038
800 635 134.675
805 635 133.454
810 635 132.369
815 635 131.411
820 635 130.572
825 635 129.841
830 635 129.209
835 635 128.667
840 635 128.205
845 635 127.814
850 635 127.484
855 635 127.209
860 635 126.981
865 635 126.793
870 635 126.638
875 635 126.513
880 635 126.412
885 635 126.33
890 635 126.265
895 635 126.214

0 640 138.324
5 640 139.852
10 640 141.435
15 640 143.053
20 640 144.685
25 640 146.308
30 640 147.896
35 640 149.422
40 640 150.859
45 640 152.179
50 640 153.356
55 640 154.363
60 640 155.178
65 640 155.781
70 640 156.155
75 640 156.287
80 640 156.17
85 640 155.801
90 640 155.181
95 640 154.32
100 640 153.227
105 640 151.921
110 640 150.422
115 640 148.754
120 640 146.945
125 640 145.025
130 640 143.023
135 640 140.972
140 640 138.901
145 640 136.841
150 640 134.821
155 640 132.865
160 640 130.997
165 640 129.236
170 640 127.6
175 640 126.1
180 640 124.747
185 640 123.545
190 640 122.497
195 640 121.603
200 640 120.858
205 640 120.258
210 640 119.795
215 640 119.459
220 640 119.24
225 640 119.126
230 640 119.106
235 640 119.168
240 640 119.299
245 640 119.49
250 640 119.728
255 640 120.004
260 640 120.308
265 640 120.632
270 640 120.969
275 640 121.311
280 640 121.655
285 640 121.994
290 640 122.325
295 640 122.645
300 640 122.951
305 640 123.243
310 640 123.518
315 640 123.776
320 640 124.017
325 640 124.241
330 640 124.449
335 640 124.642
340 640 124.82
345 640 124.985
350 640 125.139
355 640 125.283
360 640 125.419
365 640 125.55
370 640 125.677
375 640 125.803
380 640 125.93
385 640 126.062
390 640 126.202
395 640 126.352
400 640 126.516
405 640 126.699
410 640 126.904
415 640 127.135
420 640 127.398
425 640 127.696
430 640 128.035
435 640 128.42
440 640 128.856
445 640 129.349
450 640 129.904
455 640 130.526
460 640 131.221
465 640 131.993
470 640 132.847
475 640 133.787
480 640 134.817
485 640 135.941
490 640 137.159
495 640 138.474
500 640 139.887
505 640 141.398
510 640 143.006
515 640 144.708
520 640 146.503
525 640 148.386
530 640 150.353
535 640 152.398
540 640 154.515
545 640 156.697
550 640 158.936
555 640 161.223
560 640 163.55
565 640 165.906
570 640 168.28
575 640 170.661
580 640 173.036
585 640 175.391
590 640 177.714
595 640 179.988
600 640 182.198
605 640 184.326
610 640 186.355
615 640 188.266
620 640 190.041
625 640 191.659
630 640 193.101
635 640 194.349
640 640 195.382
645 640 196.185
650 640 196.741
655 640 197.035
660 640 197.057
665 640 196.799
670 640 196.255
675 640 195.424
680 640 194.309
685 640 192.916
690 640 191.257
695 640 189.346
700 640 187.202
705 640 184.847
710 640 182.306
715 640 179.608
720 640 176.781
725 640 173.858
730 640 170.868
735 640 167.845
740 640 164.818
745 640 161.817
750 640 158.869
755 640 155.999
760 640 153.229
765 640 150.577
770 640 148.06
775 640 145.69
780 640 143.475
785 640 141.422
790 640 139.533
795 640 137.807
800 640 136.243
805 640 134.836
810 640 133.578
815 640 132.463
820 640 131.48
825 640 130.621
830 640 129.875
835 640 129.231
840 640 128.68
845 640 128.211
850 640 127.814
855 640 127.482
860 640 127.205
865 640 126.975
870 640 126.787
875 640 126.632
880 640 126.507
885 640 126.406
890 640 126.325
895 640 126.261

0 645 139.3
5 645 141.009
10 645 142.794
15 645 144.635
20 645 146.512
25 645 148.398
30 645 150.269
35 645 152.094
40 645 153.844
45 645 155.489
50 645 156.996
55 645 158.339
60 645 159.488
65 645 160.418
70 645 161.11
75 645 161.545
80 645 161.711
85 645 161.6
90 645 161.211
95 645 160.547
100 645 159.617
105 645 158.436
110 645 157.023
115 645 155.402
120 645 153.599
125 645 151.644
130 645 149.57
135 645 147.41
140 645 145.198
145 645 142.966
150 645 140.746
155 645 138.567
160 645 136.458
165 645 134.44
170 645 132.536
175 645 130.761
180 645 129.129
185 645 127.648
190 645 126.324
195 645 125.159
200 645 124.152
205 645 123.299
210 645 122.594
215 645 122.029
220 645 121.593
225 645 121.275
230 645 121.066
235 645 120.951
240 645 120.919
245 645 120.959
250 645 121.059
255 645 121.208
260 645 121.396
265 645 121.614
270 645 121.855
275 645 122.109
280 645 122.373
285 645 122.639
290 645 122.904
295 645 123.164
300 645 123.416
305 645 123.658
310 645 123.888
315 645 124.105
320 645 124.308
325 645 124.499
330 645 124.675
335 645 124.839
340 645 124.991
345 645 125.131
350 645 125.262
355 645 125.384
360 645 125.499
365 645 125.609
370 645 125.715
375 645 125.82
380 645 125.926
385 645 126.036
390 645 126.151
395 645 126.274
400 645 126.41
405 645 126.56
410 645 126.73
415 645 126.921
420 645 127.139
425 645 127.387
430 645 127.671
435 645 127.995
440 645 128.363
445 645 128.781
450 645 129.254
455 645 129.787
460 645 130.385
465 645 131.054
470 645 131.797
475 645 132.62
480 645 133.527
485 645 134.521
490 645 135.607
495 645 136.786
500 645 138.061
505 645 139.433
510 645 140.903
515 645 142.471
520 645 144.137
525 645 145.898
530 645 147.752
535 645 149.697
540 645 151.728
545 645 153.84
550 645 156.029
555 645 158.287
560 645 160.607
565 645 162.982
570 645 165.403
575 645 167.859
580 645 170.338
585 645 172.83
590 645 175.32
595 645 177.793
600 645 180.233
605 645 182.622
610 645 184.941
615 645 187.17
620 645 189.287
625 645 191.27
630 645 193.096
635 645 194.742
640 645 196.185
645 645 197.403
650 645 198.375
655 645 199.083
660 645 199.508
665 645 199.639
670 645 199.464
675 645 198.978
680 645 198.179
685 645 197.069
690 645 195.656
695 645 193.951
700 645 191.972
705 645 189.738
710 645 187.276
715 645 184.612
720 645 181.777
725 645 178.805
730 645 175.73
735 645 172.584
740 645 169.404
745 645 166.222
750 645 163.07
755 645 159.977
760 645 156.969
765 645 154.069
770 645 151.298
775 645 148.672
780 645 146.204
785 645 143.901
790 645 141.771
795 645 139.814
800 645 138.031
805 645 136.418
810 645 134.969
815 645 133.678
820 645 132.535
825 645 131.53
830 645 130.654
835 645 129.894
840 645 129.24
845 645 128.682
850 645 128.208
855 645 127.808
860 645 127.474
865 645 127.196
870 645 126.966
875 645 126.777
880 645 126.624
885 645 126.499
890 645 126.399
895 645 126.319

0 650 140.142
5 650 142.02
10 650 143.995
15 650 146.05
20 650 148.161
25 650 150.304
30 650 152.452
35 650 154.573
40 650 156.636
45 650 158.607
50 650 160.452
55 650 162.137
60 650 163.632
65 650 164.906
70 650 165.933
75 650 166.691
80 650 167.163
85 650 167.335
90 650 167.202
95 650 166.764
100 650 166.024
105 650 164.996
110 650 163.695
115 650 162.145
120 650 160.37
125 650 158.403
130 650 156.274
135 650 154.021
140 650 151.677
145 650 149.281
150 650 146.865
155 650 144.465
160 650 142.112
165 650 139.832
170 650 137.652
175 650 135.592
180 650 133.669
185 650 131.895
190 650 130.28
195 650 128.829
200 650 127.544
205 650 126.422
210 650 125.459
215 650 124.648
220 650 123.982
225 650 123.448
230 650 123.036
235 650 122.735
240 650 122.53
245 650 122.412
250 650 122.367
255 650 122.383
260 650 122.451
265 650 122.56
270 650 122.702
275 650 122.868
280 650 123.051
285 650 123.245
290 650 123.444
295 650 123.645
300 650 123.844
305 650 124.038
310 650 124.225
315 650 124.404
320 650 124.572
325 650 124.731
330 650 124.879
335 650 125.016
340 650 125.144
345 650 125.263
350 650 125.373
355 650 125.475
360 650 125.572
365 650 125.664
370 650 125.753
375 650 125.84
380 650 125.928
385 650 126.018
390 650 126.112
395 650 126.214
400 650 126.325
405 650 126.448
410 650 126.587
415 650 126.745
420 650 126.925
425 650 127.131
430 650 127.367
435 650 127.638
440 650 127.947
445 650 128.3
450 650 128.701
455 650 129.155
460 650 129.668
465 650 130.243
470 650 130.887
475 650 131.603
480 650 132.397
485 650 133.273
490 650 134.235
495 650 135.286
500 650 136.429
505 650 137.669
510 650 139.005
515 650 140.441
520 650 141.978
525 650 143.615
530 650 145.352
535 650 147.189
540 650 149.123
545 650 151.153
550 650 153.275
555 650 155.485
560 650 157.779
565 650 160.15
570 650 162.591
575 650 165.095
580 650 167.652
585 650 170.25
590 650 172.877
595 650 175.52
600 650 178.161
605 650 180.783
610 650 183.366
615 650 185.889
620 650 188.328
625 650 190.659
630 650 192.856
635 650 194.892
640 650 196.741
645 650 198.375
650 650 199.77
655 650 200.902
660 650 201.747
665 650 202.288
670 650 202.508
675 650 202.397
680 650 201.946
685 650 201.155
690 650 200.025
695 650 198.566
700 650 196.791
705 650 194.718
710 650 192.372
715 650 189.779
720 650 186.97
725 650 183.981
730 650 180.845
735 650 177.602
740 650 174.287
745 650 170.939
750 650 167.593
755 650 164.282
760 650 161.038
765 650 157.889
770 650 154.858
775 650 151.967
780 650 149.233
785 650 146.667
790 650 144.28
795 650 142.075
800 650 140.054
805 650 138.216
810 650 136.558
815 650 135.072
820 650 133.75
825 650 132.583
830 650 131.559
835 650 130.668
840 650 129.898
845 650 129.237
850 650 128.673
855 650 128.196
860 650 127.795
865 650 127.46
870 650 127.182
875 650 126.953
880 650 126.765
885 650 126.613
890 650 126.49
895 650 126.391

0 655 140.842
5 655 142.875
10 655 145.027
15 655 147.281
20 655 149.615
25 655 152.004
30 655 154.42
35 655 156.831
40 655 159.202
45 655 161.498
50 655 163.682
55 655 165.716
60 655 167.565
65 655 169.195
70 655 170.573
75 655 171.674
80 655 172.473
85 655 172.953
90 655 173.103
95 655 172.918
100 655 172.398
105 655 171.552
110 655 170.393
115 655 168.942
120 655 167.223
125 655 165.267
130 655 163.107
135 655 160.779
140 655 158.322
145 655 155.773
150 655 153.173
155 655 150.557
160 655 147.961
165 655 145.419
170 655 142.958
175 655 140.606
180 655 138.382
185 655 136.304
190 655 134.386
195 655 132.634
200 655 131.055
205 655 129.648
210 655 128.412
215 655 127.342
220 655 126.429
225 655 125.665
230 655 125.039
235 655 124.538
240 655 124.151
245 655 123.865
250 655 123.667
255 655 123.545
260 655 123.487
265 655 123.483
270 655 123.523
275 655 123.597
280 655 123.698
285 655 123.819
290 655 123.953
295 655 124.095
300 655 124.242
305 655 124.39
310 655 124.535
315 655 124.676
320 655 124.812
325 655 124.941
330 655 125.062
335 655 125.176
340 655 125.282
345 655 125.38
350 655 125.472
355 655 125.558
360 655 125.638
365 655 125.715
370 655 125.788
375 655 125.86
380 655 125.933
385 655 126.006
390 655 126.084
395 655 126.167
400 655 126.257
405 655 126.358
410 655 126.472
415 655 126.601
420 655 126.749
425 655 126.919
430 655 127.115
435 655 127.34
440 655 127.598
445 655 127.895
450 655 128.233
455 655 128.618
460 655 129.055
465 655 129.548
470 655 130.102
475 655 130.722
480 655 131.414
485 655 132.181
490 655 133.028
495 655 133.96
500 655 134.98
505 655 136.093
510 655 137.302
515 655 138.609
520 655 140.018
525 655 141.53
530 655 143.148
535 655 144.871
540 655 146.702
545 655 148.638
550 655 150.681
555 655 152.827
560 655 155.075
565 655 157.421
570 655 159.86
575 655 162.386
580 655 164.992
585 655 167.668
590 655 170.403
595 655 173.185
600 655 175.997
605 655 178.823
610 655 181.642
615 655 184.432
620 655 187.169
625 655 189.827
630 655 192.377
635 655 194.79
640 655 197.035
645 655 199.083
650 655 200.902
655 655 202.463
660 655 203.741
665 655 204.708
670 655 205.345
675 655 205.634
680 655 205.563
685 655 205.123
690 655 204.314
695 655 203.139
700 655 201.608
705 655 199.737
710 655 197.547
715 655 195.064
720 655 192.319
725 655 189.346
730 655 186.183
735 655 182.869
740 655 179.444
745 655 175.949
750 655 172.423
755 655 168.906
760 655 165.432
765 655 162.034
770 655 158.742
775 655 155.581
780 655 152.572
785 655 149.731
790 655 147.072
795 655 144.602
800 655 142.327
805 655 140.247
810 655 138.359
815 655 136.66
820 655 135.141
825 655 133.793
830 655 132.605
835 655 131.566
840 655 130.664
845 655 129.887
850 655 129.22
855 655 128.654
860 655 128.176
865 655 127.774
870 655 127.44
875 655 127.163
880 655 126.936
885 655 126.75
890 655 126.6
895 655 126.479

0 660 141.395
5 660 143.566
10 660 145.879
15 660 148.317
20 660 150.858
25 660 153.48
30 660 156.151
35 660 158.841
40 660 161.513
45 660 164.129
50 660 166.65
55 660 169.035
60 660 171.243
65 660 173.237
70 660 174.98
75 660 176.44
80 660 177.586
85 660 178.398
90 660 178.857
95 660 178.953
100 660 178.683
105 660 178.051
110 660 177.066
115 660 175.746
120 660 174.114
125 660 172.198
130 660 170.034
135 660 167.656
140 660 165.106
145 660 162.424
150 660 159.652
155 660 156.832
160 660 154.002
165 660 151.199
170 660 148.459
175 660 145.811
180 660 143.281
185 660 140.89
190 660 138.657
195 660 136.592
200 660 134.705
205 660 132.999
210 660 131.475
215 660 130.13
220 660 128.957
225 660 127.949
230 660 127.094
235 660 126.383
240 660 125.801
245 660 125.337
250 660 124.977
255 660 124.708
260 660 124.518
265 660 124.395
270 660 124.328
275 660 124.307
280 660 124.324
285 660 124.37
290 660 124.437
295 660 124.521
300 660 124.616
305 660 124.718
310 660 124.823
315 660 124.928
320 660 125.032
325 660 125.132
330 660 125.228
335 660 125.319
340 660 125.405
345 660 125.486
350 660 125.561
355 660 125.632
360 660 125.698
365 660 125.761
370 660 125.822
375 660 125.881
380 660 125.94
385 660 126
390 660 126.063
395 660 126.131
400 660 126.204
405 660 126.286
410 660 126.379
415 660 126.484
420 660 126.605
425 660 126.745
430 660 126.906
435 660 127.092
440 660 127.307
445 660 127.555
450 660 127.839
455 660 128.163
460 660 128.534
465 660 128.954
470 660 129.428
475 660 129.963
480 660 130.562
485 660 131.23
490 660 131.973
495 660 132.794
500 660 133.7
505 660 134.694
510 660 135.781
515 660 136.964
520 660 138.249
525 660 139.638
530 660 141.134
535 660 142.742
540 660 144.462
545 660 146.298
550 660 148.25
555 660 150.319
560 660 152.505
565 660 154.807
570 660 157.222
575 660 159.746
580 660 162.375
585 660 165.101
590 660 167.915
595 660 170.805
600 660 173.757
605 660 176.756
610 660 179.78
615 660 182.809
620 660 185.817
625 660 188.776
630 660 191.658
635 660 194.429
640 660 197.057
645 660 199.508
650 660 201.747
655 660 203.741
660 660 205.456
665 660 206.862
670 660 207.933
675 660 208.645
680 660 208.979
685 660 208.923
690 660 208.469
695 660 207.616
700 660 206.369
705 660 204.74
710 660 202.748
715 660 200.416
720 660 197.775
725 660 194.857
730 660 191.702
735 660 188.349
740 660 184.842
745 660 181.225
750 660 177.54
755 660 173.831
760 660 170.138
765 660 166.498
770 660 162.947
775 660 159.513
780 660 156.223
785 660 153.098
790 660 150.156
795 660 147.408
800 660 144.862
805 660 142.522
810 660 140.388
815 660 138.456
820 660 136.721
825 660 135.174
830 660 133.804
835 660 132.601
840 660 131.551
845 660 130.641
850 660 129.859
855 660 129.191
860 660 128.624
865 660 128.146
870 660 127.746
875 660 127.414
880 660 127.14
885 660 126.916
890 660 126.733
895 660 126.585

0 665 141.798
5 665 144.09
10 665 146.545
15 665 149.148
20 665 151.879
25 665 154.715
30 665 157.627
35 665 160.581
40 665 163.542
45 665 166.469
50 665 169.321
55 665 172.054
60 665 174.624
65 665 176.987
70 665 179.104
75 665 180.935
80 665 182.448
85 665 183.612
90 665 184.405
95 665 184.811
100 665 184.821
105 665 184.434
110 665 183.656
115 665 182.501
120 665 180.99
125 665 179.149
130 665 177.011
135 665 174.613
140 665 171.997
145 665 169.205
150 665 166.282
155 665 163.273
160 665 160.221
165 665 157.168
170 665 154.152
175 665 151.21
180 665 148.371
185 665 145.662
190 665 143.106
195 665 140.719
200 665 138.513
205 665 136.495
210 665 134.669
215 665 133.034
220 665 131.586
225 665 130.319
230 665 129.222
235 665 128.286
240 665 127.498
245 665 126.844
250 665 126.312
255 665 125.887
260 665 125.557
265 665 125.309
270 665 125.13
275 665 125.01
280 665 124.939
285 665 124.907
290 665 124.906
295 665 124.93
300 665 124.972
305 665 125.028
310 665 125.092
315 665 125.162
320 665 125.235
325 665 125.308
330 665 125.38
335 665 125.45
340 665 125.517
345 665 125.581
350 665 125.641
355 665 125.698
360 665 125.752
365 665 125.804
370 665 125.853
375 665 125.901
380 665 125.949
385 665 125.998
390 665 126.049
395 665 126.104
400 665 126.163
405 665 126.23
410 665 126.304
415 665 126.39
420 665 126.489
425 665 126.603
430 665 126.735
435 665 126.888
440 665 127.066
445 665 127.271
450 665 127.508
455 665 127.781
460 665 128.093
465 665 128.449
470 665 128.854
475 665 129.312
480 665 129.828
485 665 130.407
490 665 131.055
495 665 131.775
500 665 132.575
505 665 133.458
510 665 134.429
515 665 135.495
520 665 136.66
525 665 137.928
530 665 139.305
535 665 140.795
540 665 142.403
545 665 144.131
550 665 145.984
555 665 147.965
560 665 150.075
565 665 152.316
570 665 154.687
575 665 157.188
580 665 159.815
585 665 162.564
590 665 165.428
595 665 168.396
600 665 171.457
605 665 174.596
610 665 177.794
615 665 181.03
620 665 184.278
625 665 187.512
630 665 190.699
635 665 193.807
640 665 196.799
645 665 199.639
650 665 202.288
655 665 204.708
660 665 206.862
665 665 208.714
670 665 210.23
675 665 211.383
680 665 212.146
685 665 212.5
690 665 212.433
695 665 211.938
700 665 211.014
705 665 209.668
710 665 207.916
715 665 205.779
720 665 203.283
725 665 200.462
730 665 197.353
735 665 193.998
740 665 190.443
745 665 186.732
750 665 182.914
755 665 179.034
760 665 175.137
765 665 171.267
770 665 167.462
775 665 163.758
780 665 160.185
785 665 156.772
790 665 153.537
795 665 150.499
800 665 147.669
805 665 145.053
810 665 142.655
815 665 140.474
820 665 138.504
825 665 136.739
830 665 135.17
835 665 133.784
840 665 132.569
845 665 131.512
850 665 130.599
855 665 129.815
860 665 129.148
865 665 128.583
870 665 128.108
875 665 127.712
880 665 127.383
885 665 127.113
890 665 126.892
895 665 126.712

0 670 142.051
5 670 144.444
10 670 147.021
15 670 149.768
20 670 152.669
25 670 155.699
30 670 158.832
35 670 162.033
40 670 165.267
45 670 168.492
50 670 171.665
55 670 174.738
60 670 177.666
65 670 180.401
70 670 182.896
75 670 185.11
80 670 187.002
85 670 188.537
90 670 189.686
95 670 190.429
100 670 190.749
105 670 190.64
110 670 190.104
115 670 189.15
120 670 187.795
125 670 186.064
130 670 183.989
135 670 181.605
140 670 178.954
145 670 176.081
150 670 173.032
155 670 169.856
160 670 166.6
165 670 163.31
170 670 160.029
175 670 156.798
180 670 153.653
185 670 150.626
190 670 147.743
195 670 145.026
200 670 142.491
205 670 140.15
210 670 138.01
215 670 136.072
220 670 134.335
225 670 132.795
230 670 131.442
235 670 130.268
240 670 129.26
245 670 128.405
250 670 127.69
255 670 127.1
260 670 126.62
265 670 126.239
270 670 125.942
275 670 125.717
280 670 125.553
285 670 125.439
290 670 125.367
295 670 125.329
300 670 125.317
305 670 125.325
310 670 125.349
315 670 125.383
320 670 125.425
325 670 125.472
330 670 125.521
335 670 125.57
340 670 125.62
345 670 125.668
350 670 125.714
355 670 125.759
360 670 125.802
365 670 125.842
370 670 125.882
375 670 125.921
380 670 125.959
385 670 125.999
390 670 126.04
395 670 126.084
400 670 126.131
405 670 126.185
410 670 126.245
415 670 126.314
420 670 126.394
425 670 126.487
430 670 126.594
435 670 126.72
440 670 126.866
445 670 127.036
450 670 127.233
455 670 127.461
460 670 127.723
465 670 128.023
470 670 128.366
475 670 128.756
480 670 129.199
485 670 129.698
490 670 130.26
495 670 130.889
500 670 131.591
505 670 132.371
510 670 133.235
515 670 134.19
520 670 135.24
525 670 136.392
530 670 137.652
535 670 139.025
540 670 140.517
545 670 142.135
550 670 143.883
555 670 145.766
560 670 147.788
565 670 149.953
570 670 152.264
575 670 154.721
580 670 157.324
585 670 160.07
590 670 162.956
595 670 165.973
600 670 169.112
605 670 172.36
610 670 175.698
615 670 179.108
620 670 182.565
625 670 186.041
630 670 189.505
635 670 192.922
640 670 196.255
645 670 199.464
650 670 202.508
655 670 205.345
660 670 207.933
665 670 210.23
670 670 212.199
675 670 213.804
680 670 215.014
685 670 215.802
690 670 216.151
695 670 216.045
700 670 215.48
705 670 214.458
710 670 212.989
715 670 211.088
720 670 208.782
725 670 206.101
730 670 203.081
735 670 199.765
740 670 196.198
745 670 192.428
750 670 188.505
755 670 184.48
760 670 180.401
765 670 176.317
770 670 172.27
775 670 168.303
780 670 164.451
785 670 160.746
790 670 157.215
795 670 153.878
800 670 150.752
805 670 147.848
810 670 145.17
815 670 142.722
820 670 140.501
825 670 138.501
830 670 136.713
835 670 135.128
840 670 133.731
845 670 132.51
850 670 131.451
855 670 130.538
860 670 129.756
865 670 129.092
870 670 128.531
875 670 128.062
880 670 127.67
885 670 127.347
890 670 127.082
895 670 126.865

0 675 142.157
5 675 144.63
10 675 147.307
15 675 150.177
20 675 153.224
25 675 156.426
30 675 159.757
35 675 163.184
40 675 166.672
45 675 170.177
50 675 173.655
55 675 177.058
60 675 180.336
65 675 183.438
70 675 186.313
75 675 188.914
80 675 191.195
85 675 193.116
90 675 194.642
95 675 195.745
100 675 196.403
105 675 196.604
110 675 196.344
115 675 195.627
120 675 194.467
125 675 192.885
130 675 190.91
135 675 188.578
140 675 185.928
145 675 183.007
150 675 179.864
155 675 176.549
160 675 173.112
165 675 169.604
170 675 166.074
175 675 162.566
180 675 159.122
185 675 155.779
190 675 152.569
195 675 149.519
200 675 146.65
205 675 143.977
210 675 141.512
215 675 139.259
220 675 137.221
225 675 135.394
230 675 133.772
235 675 132.346
240 675 131.105
245 675 130.036
250 675 129.126
255 675 128.359
260 675 127.721
265 675 127.197
270 675 126.774
275 675 126.437
280 675 126.175
285 675 125.976
290 675 125.829
295 675 125.725
300 675 125.657
305 675 125.616
310 675 125.598
315 675 125.596
320 675 125.607
325 675 125.626
330 675 125.652
335 675 125.682
340 675 125.715
345 675 125.748
350 675 125.781
355 675 125.814
360 675 125.847
365 675 125.878
370 675 125.909
375 675 125.94
380 675 125.97
385 675 126.001
390 675 126.034
395 675 126.069
400 675 126.107
405 675 126.15
410 675 126.198
415 675 126.254
420 675 126.318
425 675 126.393
430 675 126.48
435 675 126.583
440 675 126.703
445 675 126.842
450 675 127.005
455 675 127.194
460 675 127.413
465 675 127.665
470 675 127.954
475 675 128.285
480 675 128.663
485 675 129.091
490 675 129.576
495 675 130.122
500 675 130.735
505 675 131.421
510 675 132.186
515 675 133.036
520 675 133.978
525 675 135.018
530 675 136.164
535 675 137.422
540 675 138.8
545 675 140.305
550 675 141.943
555 675 143.722
560 675 145.647
565 675 147.724
570 675 149.959
575 675 152.354
580 675 154.912
585 675 157.633
590 675 160.515
595 675 163.552
600 675 166.738
605 675 170.062
610 675 173.508
615 675 177.058
620 675 180.689
625 675 184.374
630 675 188.082
635 675 191.778
640 675 195.424
645 675 198.978
650 675 202.397
655 675 205.634
660 675 208.645
665 675 211.383
670 675 213.804
675 675 215.867
680 675 217.536
685 675 218.777
690 675 219.564
695 675 219.878
700 675 219.706
705 675 219.045
710 675 217.898
715 675 216.278
720 675 214.206
725 675 211.709
730 675 208.823
735 675 205.589
740 675 202.051
745 675 198.261
750 675 194.269
755 675 190.13
760 675 185.895
765 675 181.618
770 675 177.347
775 675 173.129
780 675 169.005
785 675 165.012
790 675 161.183
795 675 157.543
800 675 154.113
805 675 150.909
810 675 147.939
815 675 145.21
820 675 142.721
825 675 140.468
830 675 138.445
835 675 136.642
840 675 135.047
845 675 133.646
850 675 132.424
855 675 131.367
860 675 130.457
865 675 129.681
870 675 129.024
875 675 128.47
880 675 128.007
885 675 127.623
890 675 127.306
895 675 127.047

0 680 142.121
5 680 144.653
10 680 147.407
15 680 150.375
20 680 153.543
25 680 156.892
30 680 160.396
35 680 164.025
40 680 167.743
45 680 171.507
50 680 175.272
55 680 178.988
60 680 182.603
65 680 186.062
70 680 189.313
75 680 192.302
80 680 194.979
85 680 197.296
90 680 199.214
95 680 200.697
100 680 201.719
105 680 202.259
110 680 202.308
115 680 201.866
120 680 200.939
125 680 199.546
130 680 197.713
135 680 195.472
140 680 192.863
145 680 189.933
150 680 186.731
155 680 183.308
160 680 179.72
165 680 176.02
170 680 172.261
175 680 168.493
180 680 164.762
185 680 161.112
190 680 157.58
195 680 154.198
200 680 150.992
205 680 147.983
210 680 145.185
215 680 142.608
220 680 140.257
225 680 138.131
230 680 136.226
235 680 134.535
240 680 133.049
245 680 131.753
250 680 130.635
255 680 129.68
260 680 128.873
265 680 128.197
270 680 127.639
275 680 127.183
280 680 126.816
285 680 126.525
290 680 126.298
295 680 126.126
300 680 125.998
305 680 125.906
310 680 125.843
315 680 125.804
320 680 125.783
325 680 125.775
330 680 125.778
335 680 125.788
340 680 125.804
345 680 125.822
350 680 125.843
355 680 125.866
360 680 125.888
365 680 125.911
370 680 125.934
375 680 125.958
380 680 125.981
385 680 126.006
390 680 126.031
395 680 126.059
400 680 126.089
405 680 126.123
410 680 126.162
415 680 126.206
420 680 126.257
425 680 126.318
430 680 126.388
435 680 126.471
440 680 126.569
445 680 126.683
450 680 126.817
455 680 126.973
460 680 127.155
465 680 127.365
470 680 127.608
475 680 127.888
480 680 128.208
485 680 128.574
490 680 128.99
495 680 129.461
500 680 129.994
505 680 130.594
510 680 131.267
515 680 132.021
520 680 132.861
525 680 133.796
530 680 134.832
535 680 135.979
540 680 137.244
545 680 138.635
550 680 140.161
555 680 141.831
560 680 143.651
565 680 145.631
570 680 147.777
575 680 150.095
580 680 152.589
585 680 155.263
590 680 158.116
595 680 161.147
600 680 164.351
605 680 167.719
610 680 171.239
615 680 174.894
620 680 178.664
625 680 182.523
630 680 186.44
635 680 190.382
640 680 194.309
645 680 198.179
650 680 201.946
655 680 205.563
660 680 208.979
665 680 212.146
670 680 215.014
675 680 217.536
680 680 219.67
685 680 221.375
690 680 222.62
695 680 223.377
700 680 223.628
705 680 223.361
710 680 222.576
715 680 221.278
720 680 219.484
725 680 217.218
730 680 214.511
735 680 211.404
740 680 207.941
745 680 204.172
750 680 200.151
755 680 195.933
760 680 191.575
765 680 187.132
770 680 182.659
775 680 178.207
780 680 173.824
785 680 169.552
790 680 165.428
795 680 161.484
800 680 157.747
805 680 154.235
810 680 150.963
815 680 147.94
820 680 145.169
825 680 142.648
830 680 140.374
835 680 138.336
840 680 136.526
845 680 134.928
850 680 133.528
855 680 132.311
860 680 131.26
865 680 130.359
870 680 129.592
875 680 128.944
880 680 128.4
885 680 127.946
890 680 127.57
895 680 127.261

0 685 141.949
5 685 144.518
10 685 147.326
15 685 150.368
20 685 153.631
25 685 157.1
30 685 160.75
35 685 164.554
40 685 168.474
45 685 172.472
50 685 176.5
55 685 180.508
60 685 184.442
65 685 188.246
70 685 191.863
75 685 195.234
80 685 198.306
85 685 201.026
90 685 203.347
95 685 205.228
100 685 206.634
105 685 207.54
110 685 207.93
115 685 207.796
120 685 207.142
125 685 205.978
130 685 204.329
135 685 202.222
140 685 199.698
145 685 196.8
150 685 193.578
155 685 190.086
160 685 186.381
165 685 182.519
170 685 178.558
175 685 174.552
180 685 170.554
185 685 166.611
190 685 162.766
195 685 159.057
200 685 155.516
205 685 152.168
210 685 149.033
215 685 146.125
220 685 143.452
225 685 141.017
230 685 138.818
235 685 136.85
240 685 135.104
245 685 133.569
250 685 132.232
255 685 131.077
260 685 130.089
265 685 129.251
270 685 128.549
275 685 127.965
280 685 127.486
285 685 127.096
290 685 126.784
295 685 126.538
300 685 126.346
305 685 126.2
310 685 126.091
315 685 126.012
320 685 125.958
325 685 125.922
330 685 125.901
335 685 125.891
340 685 125.889
345 685 125.893
350 685 125.902
355 685 125.914
360 685 125.927
365 685 125.942
370 685 125.958
375 685 125.975
380 685 125.993
385 685 126.011
390 685 126.031
395 685 126.052
400 685 126.076
405 685 126.103
410 685 126.133
415 685 126.168
420 685 126.209
425 685 126.257
430 685 126.314
435 685 126.381
440 685 126.46
445 685 126.553
450 685 126.663
455 685 126.791
460 685 126.941
465 685 127.116
470 685 127.319
475 685 127.554
480 685 127.824
485 685 128.135
490 685 128.49
495 685 128.895
500 685 129.356
505 685 129.878
510 685 130.468
515 685 131.132
520 685 131.878
525 685 132.713
530 685 133.646
535 685 134.685
540 685 135.839
545 685 137.118
550 685 138.532
555 685 140.089
560 685 141.801
565 685 143.675
570 685 145.722
575 685 147.949
580 685 150.363
585 685 152.97
590 685 155.772
595 685 158.771
600 685 161.965
605 685 165.347
610 685 168.908
615 685 172.634
620 685 176.507
625 685 180.503
630 685 184.593
635 685 188.743
640 685 192.916
645 685 197.069
650 685 201.155
655 685 205.123
660 685 208.923
665 685 212.5
670 685 215.802
675 685 218.777
680 685 221.375
685 685 223.552
690 685 225.266
695 685 226.485
700 685 227.183
705 685 227.341
710 685 226.952
715 685 226.016
720 685 224.543
725 685 222.552
730 685 220.073
735 685 217.14
740 685 213.798
745 685 210.097
750 685 206.089
755 685 201.833
760 685 197.387
765 685 192.812
770 685 188.165
775 685 183.503
780 685 178.879
785 685 174.341
790 685 169.931
795 685 165.689
800 685 161.643
805 685 157.821
810 685 154.24
815 685 150.913
820 685 147.848
825 685 145.046
830 685 142.505
835 685 140.218
840 685 138.175
845 685 136.365
850 685 134.771
855 685 133.38
860 685 132.172
865 685 131.133
870 685 130.244
875 685 129.49
880 685 128.853
885 685 128.321
890 685 127.878
895 685 127.512

0 690 141.653
5 690 144.237
10 690 147.075
15 690 150.164
20 690 153.496
25 690 157.055
30 690 160.823
35 690 164.771
40 690 168.865
45 690 173.067
50 690 177.331
55 690 181.606
60 690 185.837
65 690 189.966
70 690 193.933
75 690 197.677
80 690 201.139
85 690 204.261
90 690 206.99
95 690 209.28
100 690 211.088
105 690 212.383
110 690 213.142
115 690 213.349
120 690 213.003
125 690 212.11
130 690 210.686
135 690 208.759
140 690 206.363
145 690 203.542
150 690 200.344
155 690 196.825
160 690 193.042
165 690 189.055
170 690 184.924
175 690 180.709
180 690 176.467
185 690 172.25
190 690 168.107
195 690 164.082
200 690 160.212
205 690 156.529
210 690 153.056
215 690 149.813
220 690 146.812
225 690 144.059
230 690 141.556
235 690 139.3
240 690 137.284
245 690 135.498
250 690 133.928
255 690 132.561
260 690 131.381
265 690 130.371
270 690 129.514
275 690 128.793
280 690 128.193
285 690 127.698
290 690 127.295
295 690 126.969
300 690 126.709
305 690 126.505
310 690 126.346
315 690 126.225
320 690 126.135
325 690 126.069
330 690 126.023
335 690 125.992
340 690 125.973
345 690 125.962
350 690 125.959
355 690 125.96
360 690 125.965
365 690 125.972
370 690 125.981
375 690 125.992
380 690 126.004
385 690 126.018
390 690 126.032
395 690 126.048
400 690 126.067
405 690 126.087
410 690 126.111
415 690 126.139
420 690 126.171
425 690 126.209
430 690 126.255
435 690 126.308
440 690 126.372
445 690 126.448
450 690 126.537
455 690 126.642
460 690 126.765
465 690 126.91
470 690 127.078
475 690 127.274
480 690 127.502
485 690 127.764
490 690 128.066
495 690 128.413
500 690 128.809
505 690 129.261
510 690 129.775
515 690 130.358
520 690 131.016
525 690 131.759
530 690 132.594
535 690 133.53
540 690 134.578
545 690 135.747
550 690 137.049
555 690 138.493
560 690 140.091
565 690 141.855
570 690 143.794
575 690 145.919
580 690 148.239
585 690 150.762
590 690 153.494
595 690 156.438
600 690 159.595
605 690 162.962
610 690 166.533
615 690 170.296
620 690 174.235
625 690 178.33
630 690 182.555
635 690 186.876
640 690 191.257
645 690 195.656
650 690 200.025
655 690 204.314
660 690 208.469
665 690 212.433
670 690 216.151
675 690 219.564
680 690 222.62
685 690 225.266
690 690 227.456
695 690 229.15
700 690 230.313
705 690 230.922
710 690 230.96
715 690 230.421
720 690 229.309
725 690 227.638
730 690 225.431
735 690 222.721
740 690 219.549
745 690 215.962
750 690 212.014
755 690 207.764
760 690 203.273
765 690 198.603
770 690 193.816
775 690 188.973
780 690 184.132
785 690 179.347
790 690 174.666
795 690 170.133
800 690 165.786
805 690 161.653
810 690 157.76
815 690 154.124
820 690 150.756
825 690 147.662
830 690 144.841
835 690 142.291
840 690 140.002
845 690 137.963
850 690 136.161
855 690 134.579
860 690 133.201
865 690 132.01
870 690 130.986
875 690 130.114
880 690 129.375
885 690 128.753
890 690 128.234
895 690 127.804

0 695 141.242
5 695 143.82
10 695 146.664
15 695 149.776
20 695 153.148
25 695 156.77
30 695 160.623
35 695 164.684
40 695 168.92
45 695 173.295
50 695 177.763
55 695 182.276
60 695 186.776
65 695 191.206
70 695 195.503
75 695 199.603
80 695 203.443
85 695 206.962
90 695 210.1
95 695 212.804
100 695 215.026
105 695 216.728
110 695 217.879
115 695 218.457
120 695 218.453
125 695 217.868
130 695 216.713
135 695 215.009
140 695 212.788
145 695 210.09
150 695 206.964
155 695 203.462
160 695 199.645
165 695 195.574
170 695 191.311
175 695 186.92
180 695 182.463
185 695 177.997
190 695 173.577
195 695 169.253
200 695 165.066
205 695 161.054
210 695 157.248
215 695 153.67
220 695 150.337
225 695 147.261
230 695 144.447
235 695 141.893
240 695 139.596
245 695 137.547
250 695 135.734
255 695 134.144
260 695 132.76
265 695 131.566
270 695 130.544
275 695 129.677
280 695 128.947
285 695 128.339
290 695 127.837
295 695 127.425
300 695 127.092
305 695 126.825
310 695 126.613
315 695 126.446
320 695 126.318
325 695 126.22
330 695 126.148
335 695 126.094
340 695 126.057
345 695 126.031
350 695 126.014
355 695 126.005
360 695 126.001
365 695 126.001
370 695 126.004
375 695 126.009
380 695 126.016
385 695 126.025
390 695 126.035
395 695 126.047
400 695 126.06
405 695 126.076
410 695 126.094
415 695 126.116
420 695 126.141
425 695 126.172
430 695 126.208
435 695 126.25
440 695 126.302
445 695 126.362
450 695 126.434
455 695 126.52
460 695 126.621
465 695 126.74
470 695 126.879
475 695 127.042
480 695 127.232
485 695 127.453
490 695 127.709
495 695 128.003
500 695 128.343
505 695 128.732
510 695 129.178
515 695 129.686
520 695 130.265
525 695 130.921
530 695 131.665
535 695 132.505
540 695 133.451
545 695 134.514
550 695 135.705
555 695 137.037
560 695 138.521
565 695 140.169
570 695 141.995
575 695 144.009
580 695 146.224
585 695 148.648
590 695 151.291
595 695 154.159
600 695 157.255
605 695 160.58
610 695 164.13
615 695 167.897
620 695 171.868
625 695 176.025
630 695 180.345
635 695 184.797
640 695 189.346
645 695 193.951
650 695 198.566
655 695 203.139
660 695 207.616
665 695 211.938
670 695 216.045
675 695 219.878
680 695 223.377
685 695 226.485
690 695 229.15
695 695 231.323
700 695 232.965
705 695 234.043
710 695 234.533
715 695 234.423
720 695 233.709
725 695 232.398
730 695 230.508
735 695 228.068
740 695 225.114
745 695 221.692
750 695 217.853
755 695 213.657
760 695 209.166
765 695 204.443
770 695 199.554
775 695 194.565
780 695 189.537
785 695 184.53
790 695 179.598
795 695 174.79
800 695 170.15
805 695 165.714
810 695 161.511
815 695 157.563
820 695 153.887
825 695 150.492
830 695 147.383
835 695 144.556
840 695 142.008
845 695 139.727
850 695 137.702
855 695 135.916
860 695 134.353
865 695 132.996
870 695 131.825
875 695 130.822
880 695 129.969
885 695 129.249
890 695 128.645
895 695 128.141

0 700 140.729
5 700 143.281
10 700 146.109
15 700 149.217
20 700 152.602
25 700 156.256
30 700 160.165
35 700 164.305
40 700 168.65
45 700 173.163
50 700 177.802
55 700 182.519
60 700 187.257
65 700 191.958
70 700 196.559
75 700 200.994
80 700 205.195
85 700 209.098
90 700 212.638
95 700 215.756
100 700 218.399
105 700 220.52
110 700 222.081
115 700 223.055
120 700 223.424
125 700 223.182
130 700 222.334
135 700 220.897
140 700 218.897
145 700 216.371
150 700 213.364
155 700 209.929
160 700 206.124
165 700 202.013
170 700 197.661
175 700 193.134
180 700 188.497
185 700 183.813
190 700 179.142
195 700 174.539
200 700 170.053
205 700 165.725
210 700 161.593
215 700 157.685
220 700 154.022
225 700 150.621
230 700 147.49
235 700 144.632
240 700 142.046
245 700 139.725
250 700 137.658
255 700 135.833
260 700 134.234
265 700 132.845
270 700 131.648
275 700 130.625
280 700 129.757
285 700 129.026
290 700 128.417
295 700 127.914
300 700 127.501
305 700 127.166
310 700 126.896
315 700 126.681
320 700 126.511
325 700 126.379
330 700 126.277
335 700 126.2
340 700 126.143
345 700 126.101
350 700 126.071
355 700 126.05
360 700 126.037
365 700 126.029
370 700 126.026
375 700 126.026
380 700 126.028
385 700 126.033
390 700 126.039
395 700 126.047
400 700 126.056
405 700 126.068
410 700 126.082
415 700 126.098
420 700 126.118
425 700 126.142
430 700 126.17
435 700 126.204
440 700 126.245
445 700 126.294
450 700 126.352
455 700 126.421
460 700 126.503
465 700 126.601
470 700 126.715
475 700 126.85
480 700 127.008
485 700 127.193
490 700 127.408
495 700 127.658
500 700 127.947
505 700 128.281
510 700 128.665
515 700 129.107
520 700 129.612
525 700 130.19
530 700 130.849
535 700 131.598
540 700 132.447
545 700 133.408
550 700 134.493
555 700 135.713
560 700 137.083
565 700 138.615
570 700 140.323
575 700 142.22
580 700 144.319
585 700 146.633
590 700 149.172
595 700 151.946
600 700 154.959
605 700 158.217
610 700 161.718
615 700 165.457
620 700 169.425
625 700 173.608
630 700 177.984
635 700 182.526
640 700 187.202
645 700 191.972
650 700 196.791
655 700 201.608
660 700 206.369
665 700 211.014
670 700 215.48
675 700 219.706
680 700 223.628
685 700 227.183
690 700 230.313
695 700 232.965
700 700 235.091
705 700 236.65
710 700 237.612
715 700 237.957
720 700 237.672
725 700 236.758
730 700 235.228
735 700 233.103
740 700 230.415
745 700 227.207
750 700 223.528
755 700 219.436
760 700 214.993
765 700 210.263
770 700 205.317
775 700 200.22
780 700 195.04
785 700 189.842
790 700 184.685
795 700 179.623
800 700 174.707
805 700 169.978
810 700 165.471
815 700 161.215
820 700 157.23
825 700 153.53
830 700 150.124
835 700 147.013
840 700 144.194
845 700 141.659
850 700 139.397
855 700 137.394
860 700 135.633
865 700 134.096
870 700 132.765
875 700 131.62
880 700 130.641
885 700 129.812
890 700 129.113
895 700 128.529

0 705 140.129
5 705 142.634
10 705 145.425
15 705 148.505
20 705 151.877
25 705 155.534
30 705 159.465
35 705 163.652
40 705 168.07
45 705 172.685
50 705 177.459
55 705 182.343
60 705 187.285
65 705 192.224
70 705 197.098
75 705 201.839
80 705 206.379
85 705 210.647
90 705 214.576
95 705 218.101
100 705 221.163
105 705 223.709
110 705 225.694
115 705 227.083
120 705 227.85
125 705 227.983
130 705 227.48
135 705 226.351
140 705 224.616
145 705 222.309
150 705 219.47
155 705 216.152
160 705 212.41
165 705 208.308
170 705 203.912
175 705 199.292
180 705 194.516
185 705 189.65
190 705 184.761
195 705 179.906
200 705 175.143
205 705 170.517
210 705 166.073
215 705 161.843
220 705 157.856
225 705 154.132
230 705 150.683
235 705 147.517
240 705 144.635
245 705 142.034
250 705 139.704
255 705 137.635
260 705 135.811
265 705 134.217
270 705 132.834
275 705 131.644
280 705 130.628
285 705 129.767
290 705 129.044
295 705 128.441
300 705 127.942
305 705 127.533
310 705 127.2
315 705 126.932
320 705 126.717
325 705 126.548
330 705 126.415
335 705 126.312
340 705 126.233
345 705 126.174
350 705 126.129
355 705 126.097
360 705 126.074
365 705 126.059
370 705 126.049
375 705 126.043
380 705 126.041
385 705 126.041
390 705 126.044
395 705 126.048
400 705 126.054
405 705 126.063
410 705 126.073
415 705 126.085
420 705 126.1
425 705 126.119
430 705 126.141
435 705 126.168
440 705 126.2
445 705 126.239
450 705 126.285
455 705 126.341
460 705 126.408
465 705 126.487
470 705 126.581
475 705 126.692
480 705 126.823
485 705 126.977
490 705 127.157
495 705 127.367
500 705 127.613
505 705 127.897
510 705 128.227
515 705 128.609
520 705 129.049
525 705 129.555
530 705 130.135
535 705 130.799
540 705 131.558
545 705 132.422
550 705 133.404
555 705 134.517
560 705 135.773
565 705 137.188
570 705 138.776
575 705 140.551
580 705 142.529
585 705 144.722
590 705 147.145
595 705 149.808
600 705 152.72
605 705 155.887
610 705 159.313
615 705 162.995
620 705 166.928
625 705 171.1
630 705 175.494
635 705 180.086
640 705 184.847
645 705 189.738
650 705 194.718
655 705 199.737
660 705 204.74
665 705 209.668
670 705 214.458
675 705 219.045
680 705 223.361
685 705 227.341
690 705 230.922
695 705 234.043
700 705 236.65
705 705 238.696
710 705 240.143
715 705 240.961
720 705 241.131
725 705 240.648
730 705 239.514
735 705 237.747
740 705 235.372
745 705 232.427
750 705 228.959
755 705 225.022
760 705 220.677
765 705 215.991
770 705 211.033
775 705 205.873
780 705 200.582
785 705 195.229
790 705 189.878
795 705 184.589
800 705 179.418
805 705 174.413
810 705 169.615
815 705 165.057
820 705 160.767
825 705 156.762
830 705 153.056
835 705 149.654
840 705 146.557
845 705 143.758
850 705 141.248
855 705 139.016
860 705 137.044
865 705 135.315
870 705 133.811
875 705 132.512
880 705 131.397
885 705 130.447
890 705 129.644
895 705 128.969

0 710 139.455
5 710 141.897
10 710 144.629
15 710 147.659
20 710 150.99
25 710 154.621
30 710 158.544
35 710 162.745
40 710 167.2
45 710 171.881
50 710 176.751
55 710 181.764
60 710 186.871
65 710 192.012
70 710 197.123
75 710 202.139
80 710 206.987
85 710 211.596
90 710 215.895
95 710 219.814
100 710 223.288
105 710 226.258
110 710 228.672
115 710 230.488
120 710 231.674
125 710 232.208
130 710 232.082
135 710 231.298
140 710 229.871
145 710 227.829
150 710 225.208
155 710 222.055
160 710 218.427
165 710 214.386
170 710 209.997
175 710 205.331
180 710 200.46
185 710 195.454
190 710 190.383
195 710 185.31
200 710 180.297
205 710 175.398
210 710 170.66
215 710 166.124
220 710 161.822
225 710 157.78
230 710 154.016
235 710 150.541
240 710 147.361
245 710 144.474
250 710 141.874
255 710 139.553
260 710 137.495
265 710 135.686
270 710 134.108
275 710 132.742
280 710 131.569
285 710 130.568
290 710 129.722
295 710 129.012
300 710 128.42
305 710 127.931
310 710 127.53
315 710 127.203
320 710 126.94
325 710 126.73
330 710 126.563
335 710 126.432
340 710 126.33
345 710 126.251
350 710 126.191
355 710 126.146
360 710 126.113
365 710 126.089
370 710 126.073
375 710 126.061
380 710 126.054
385 710 126.051
390 710 126.05
395 710 126.051
400 710 126.054
405 710 126.059
410 710 126.066
415 710 126.076
420 710 126.087
425 710 126.101
430 710 126.118
435 710 126.139
440 710 126.164
445 710 126.195
450 710 126.232
455 710 126.277
460 710 126.331
465 710 126.395
470 710 126.472
475 710 126.563
480 710 126.67
485 710 126.798
490 710 126.948
495 710 127.125
500 710 127.331
505 710 127.573
510 710 127.855
515 710 128.183
520 710 128.564
525 710 129.004
530 710 129.513
535 710 130.1
540 710 130.774
545 710 131.547
550 710 132.431
555 710 133.439
560 710 134.585
565 710 135.884
570 710 137.351
575 710 139.002
580 710 140.853
585 710 142.919
590 710 145.215
595 710 147.754
600 710 150.548
605 710 153.605
610 710 156.932
615 710 160.53
620 710 164.398
625 710 168.526
630 710 172.901
635 710 177.503
640 710 182.306
645 710 187.276
650 710 192.372
655 710 197.547
660 710 202.748
665 710 207.916
670 710 212.989
675 710 217.898
680 710 222.576
685 710 226.952
690 710 230.96
695 710 234.533
700 710 237.612
705 710 240.143
710 710 242.078
715 710 243.382
720 710 244.028
725 710 244.001
730 710 243.297
735 710 241.925
740 710 239.906
745 710 237.271
750 710 234.063
755 710 230.333
760 710 226.139
765 710 221.548
770 710 216.629
775 710 211.454
780 710 206.097
785 710 200.629
790 710 195.121
795 710 189.638
800 710 184.24
805 710 178.981
810 710 173.909
815 710 169.063
820 710 164.475
825 710 160.17
830 710 156.165
835 710 152.47
840 710 149.088
845 710 146.018
850 710 143.252
855 710 140.78
860 710 138.587
865 710 136.655
870 710 134.967
875 710 133.501
880 710 132.239
885 710 131.159
890 710 130.241
895 710 129.467

0 715 138.723
5 715 141.085
10 715 143.74
15 715 146.697
20 715 149.964
25 715 153.543
30 715 157.427
35 715 161.608
40 715 166.065
45 715 170.774
50 715 175.701
55 715 180.804
60 715 186.035
65 715 191.336
70 715 196.647
75 715 201.9
80 715 207.023
85 715 211.942
90 715 216.585
95 715 220.877
100 715 224.748
105 715 228.135
110 715 230.978
115 715 233.228
120 715 234.845
125 715 235.8
130 715 236.077
135 715 235.672
140 715 234.592
145 715 232.857
150 715 230.501
155 715 227.565
160 715 224.102
165 715 220.173
170 715 215.843
175 715 211.182
180 715 206.265
185 715 201.165
190 715 195.953
195 715 190.701
200 715 185.472
205 715 180.328
210 715 175.32
215 715 170.497
220 715 165.895
225 715 161.547
230 715 157.474
235 715 153.695
240 715 150.216
245 715 147.041
250 715 144.167
255 715 141.587
260 715 139.288
265 715 137.256
270 715 135.474
275 715 133.923
280 715 132.583
285 715 131.434
290 715 130.457
295 715 129.631
300 715 128.94
305 715 128.364
310 715 127.889
315 715 127.5
320 715 127.183
325 715 126.928
330 715 126.724
335 715 126.562
340 715 126.434
345 715 126.335
350 715 126.258
355 715 126.199
360 715 126.155
365 715 126.122
370 715 126.098
375 715 126.081
380 715 126.069
385 715 126.061
390 715 126.057
395 715 126.055
400 715 126.055
405 715 126.058
410 715 126.062
415 715 126.069
420 715 126.077
425 715 126.087
430 715 126.1
435 715 126.117
440 715 126.137
445 715 126.161
450 715 126.19
455 715 126.226
460 715 126.269
465 715 126.321
470 715 126.383
475 715 126.457
480 715 126.545
485 715 126.65
490 715 126.775
495 715 126.922
500 715 127.096
505 715 127.3
510 715 127.54
515 715 127.821
520 715 128.148
525 715 128.53
530 715 128.974
535 715 129.489
540 715 130.085
545 715 130.773
550 715 131.564
555 715 132.473
560 715 133.512
565 715 134.698
570 715 136.046
575 715 137.572
580 715 139.293
585 715 141.226
590 715 143.387
595 715 145.792
600 715 148.453
605 715 151.384
610 715 154.591
615 715 158.082
620 715 161.855
625 715 165.907
630 715 170.229
635 715 174.803
640 715 179.608
645 715 184.612
650 715 189.779
655 715 195.064
660 715 200.416
665 715 205.779
670 715 211.088
675 715 216.278
680 715 221.278
685 715 226.016
690 715 230.421
695 715 234.423
700 715 237.957
705 715 240.961
710 715 243.382
715 715 245.177
720 715 246.31
725 715 246.759
730 715 246.511
735 715 245.568
740 715 243.944
745 715 241.663
750 715 238.762
755 715 235.289
760 715 231.299
765 715 226.855
770 715 222.027
775 715 216.889
780 715 211.514
785 715 205.978
790 715 200.354
795 715 194.713
800 715 189.121
805 715 183.636
810 715 178.313
815 715 173.197
820 715 168.326
825 715 163.73
830 715 159.432
835 715 155.445
840 715 151.778
845 715 148.433
850 715 145.404
855 715 142.684
860 715 140.26
865 715 138.115
870 715 136.232
875 715 134.591
880 715 133.17
885 715 131.95
890 715 130.908
895 715 130.026

0 720 137.947
5 720 140.215
10 720 142.776
15 720 145.642
20 720 148.822
25 720 152.322
30 720 156.14
35 720 160.268
40 720 164.694
45 720 169.393
50 720 174.338
55 720 179.49
60 720 184.802
65 720 190.222
70 720 195.69
75 720 201.139
80 720 206.498
85 720 211.693
90 720 216.647
95 720 221.285
100 720 225.533
105 720 229.32
110 720 232.583
115 720 235.266
120 720 237.32
125 720 238.711
130 720 239.412
135 720 239.412
140 720 238.712
145 720 237.325
150 720 235.277
155 720 232.606
160 720 229.36
165 720 225.595
170 720 221.377
175 720 216.775
180 720 211.863
185 720 206.717
190 720 201.412
195 720 196.022
200 720 190.617
205 720 185.261
210 720 180.014
215 720 174.928
220 720 170.047
225 720 165.407
230 720 161.038
235 720 156.961
240 720 153.188
245 720 149.726
250 720 146.577
255 720 143.734
260 720 141.188
265 720 138.927
270 720 136.933
275 720 135.189
280 720 133.674
285 720 132.369
290 720 131.252
295 720 130.304
300 720 129.505
305 720 128.837
310 720 128.282
315 720 127.824
320 720 127.45
325 720 127.146
330 720 126.9
335 720 126.704
340 720 126.549
345 720 126.427
350 720 126.331
355 720 126.257
360 720 126.2
365 720 126.157
370 720 126.125
375 720 126.102
380 720 126.085
385 720 126.073
390 720 126.065
395 720 126.06
400 720 126.058
405 720 126.058
410 720 126.06
415 720 126.064
420 720 126.069
425 720 126.077
430 720 126.087
435 720 126.099
440 720 126.115
445 720 126.134
450 720 126.157
455 720 126.185
460 720 126.219
465 720 126.261
470 720 126.311
475 720 126.371
480 720 126.443
485 720 126.53
490 720 126.633
495 720 126.755
500 720 126.9
505 720 127.072
510 720 127.275
515 720 127.514
520 720 127.794
525 720 128.124
530 720 128.509
535 720 128.959
540 720 129.483
545 720 130.091
550 720 130.796
555 720 131.61
560 720 132.548
565 720 133.624
570 720 134.854
575 720 136.256
580 720 137.847
585 720 139.644
590 720 141.666
595 720 143.928
600 720 146.446
605 720 149.235
610 720 152.306
615 720 155.667
620 720 159.321
625 720 163.269
630 720 167.504
635 720 172.015
640 720 176.781
645 720 181.777
650 720 186.97
655 720 192.319
660 720 197.775
665 720 203.283
670 720 208.782
675 720 214.206
680 720 219.484
685 720 224.543
690 720 229.309
695 720 233.709
700 720 237.672
705 720 241.131
710 720 244.028
715 720 246.31
720 720 247.935
725 720 248.872
730 720 249.1
735 720 248.613
740 720 247.417
745 720 245.529
750 720 242.98
755 720 239.811
760 720 236.075
765 720 231.832
770 720 227.149
775 720 222.099
780 720 216.758
785 720 211.202
790 720 205.51
795 720 199.754
800 720 194.005
805 720 188.329
810 720 182.784
815 720 177.422
820 720 172.286
825 720 167.414
830 720 162.831
835 720 158.559
840 720 154.61
845 720 150.988
850 720 147.695
855 720 144.722
860 720 142.06
865 720 139.694
870 720 137.607
875 720 135.78
880 720 134.192
885 720 132.822
890 720 131.647
895 720 130.648

0 725 137.141
5 725 139.304
10 725 141.756
15 725 144.513
20 725 147.586
25 725 150.984
30 725 154.708
35 725 158.756
40 725 163.116
45 725 167.77
50 725 172.694
55 725 177.853
60 725 183.205
65 725 188.7
70 725 194.28
75 725 199.882
80 725 205.434
85 725 210.864
90 725 216.093
95 725 221.044
100 725 225.64
105 725 229.806
110 725 233.473
115 725 236.579
120 725 239.07
125 725 240.901
130 725 242.04
135 725 242.467
140 725 242.175
145 725 241.17
150 725 239.471
155 725 237.108
160 725 234.127
165 725 230.578
170 725 226.525
175 725 222.035
180 725 217.182
185 725 212.043
190 725 206.694
195 725 201.214
200 725 195.675
205 725 190.147
210 725 184.695
215 725 179.377
220 725 174.241
225 725 169.332
230 725 164.682
235 725 160.319
240 725 156.26
245 725 152.517
250 725 149.093
255 725 145.987
260 725 143.192
265 725 140.696
270 725 138.485
275 725 136.54
280 725 134.844
285 725 133.375
290 725 132.111
295 725 131.033
300 725 130.12
305 725 129.352
310 725 128.711
315 725 128.179
320 725 127.742
325 725 127.385
330 725 127.095
335 725 126.862
340 725 126.675
345 725 126.528
350 725 126.411
355 725 126.321
360 725 126.25
365 725 126.197
370 725 126.156
375 725 126.125
380 725 126.102
385 725 126.086
390 725 126.074
395 725 126.066
400 725 126.062
405 725 126.059
410 725 126.059
415 725 126.061
420 725 126.064
425 725 126.07
430 725 126.077
435 725 126.086
440 725 126.098
445 725 126.112
450 725 126.131
455 725 126.153
460 725 126.18
465 725 126.213
470 725 126.253
475 725 126.302
480 725 126.361
485 725 126.431
490 725 126.516
495 725 126.617
500 725 126.737
505 725 126.881
510 725 127.052
515 725 127.254
520 725 127.494
525 725 127.777
530 725 128.109
535 725 128.5
540 725 128.958
545 725 129.494
550 725 130.118
555 725 130.844
560 725 131.685
565 725 132.655
570 725 133.772
575 725 135.052
580 725 136.514
585 725 138.174
590 725 140.052
595 725 142.167
600 725 144.534
605 725 147.17
610 725 150.09
615 725 153.303
620 725 156.816
625 725 160.634
630 725 164.754
635 725 169.166
640 725 173.858
645 725 178.805
650 725 183.981
655 725 189.346
660 725 194.857
665 725 200.462
670 725 206.101
675 725 211.709
680 725 217.218
685 725 222.552
690 725 227.638
695 725 232.398
700 725 236.758
705 725 240.648
710 725 244.001
715 725 246.759
720 725 248.872
725 725 250.3
730 725 251.017
735 725 251.006
740 725 250.264
745 725 248.803
750 725 246.645
755 725 243.826
760 725 240.392
765 725 236.401
770 725 231.916
775 725 227.008
780 725 221.754
785 725 216.231
790 725 210.519
795 725 204.694
800 725 198.832
805 725 193.002
810 725 187.269
815 725 181.69
820 725 176.315
825 725 171.185
830 725 166.334
835 725 161.788
840 725 157.563
845 725 153.669
850 725 150.11
855 725 146.883
860 725 143.979
865 725 141.387
870 725 139.089
875 725 137.069
880 725 135.305
885 725 133.775
890 725 132.46
895 725 131.335

0 730 136.319
5 730 138.367
10 730 140.699
15 730 143.332
20 730 146.281
25 730 149.555
30 730 153.162
35 730 157.1
40 730 161.364
45 730 165.94
50 730 170.805
55 730 175.931
60 730 181.28
65 730 186.806
70 730 192.453
75 730 198.161
80 730 203.861
85 730 209.481
90 730 214.944
95 730 220.169
100 730 225.079
105 730 229.595
110 730 233.644
115 730 237.157
120 730 240.074
125 730 242.344
130 730 243.927
135 730 244.795
140 730 244.932
145 730 244.336
150 730 243.02
155 730 241.007
160 730 238.335
165 730 235.052
170 730 231.215
175 730 226.89
180 730 222.151
185 730 217.072
190 730 211.732
195 730 206.212
200 730 200.586
205 730 194.93
210 730 189.313
215 730 183.797
220 730 178.438
225 730 173.284
230 730 168.375
235 730 163.743
240 730 159.411
245 730 155.394
250 730 151.702
255 730 148.335
260 730 145.29
265 730 142.558
270 730 140.126
275 730 137.977
280 730 136.092
285 730 134.452
290 730 133.036
295 730 131.821
300 730 130.787
305 730 129.912
310 730 129.179
315 730 128.568
320 730 128.063
325 730 127.648
330 730 127.309
335 730 127.036
340 730 126.815
345 730 126.64
350 730 126.501
355 730 126.391
360 730 126.306
365 730 126.24
370 730 126.189
375 730 126.151
380 730 126.122
385 730 126.101
390 730 126.085
395 730 126.074
400 730 126.067
405 730 126.062
410 730 126.06
415 730 126.06
420 730 126.061
425 730 126.064
430 730 126.069
435 730 126.076
440 730 126.085
445 730 126.096
450 730 126.11
455 730 126.127
460 730 126.149
465 730 126.175
470 730 126.207
475 730 126.246
480 730 126.294
485 730 126.351
490 730 126.42
495 730 126.503
500 730 126.603
505 730 126.723
510 730 126.866
515 730 127.037
520 730 127.24
525 730 127.481
530 730 127.767
535 730 128.105
540 730 128.504
545 730 128.973
550 730 129.523
555 730 130.166
560 730 130.915
565 730 131.786
570 730 132.794
575 730 133.956
580 730 135.29
585 730 136.815
590 730 138.549
595 730 140.512
600 730 142.723
605 730 145.198
610 730 147.955
615 730 151.005
620 730 154.36
625 730 158.025
630 730 162.002
635 730 166.287
640 730 170.868
645 730 175.73
650 730 180.845
655 730 186.183
660 730 191.702
665 730 197.353
670 730 203.081
675 730 208.823
680 730 214.511
685 730 220.073
690 730 225.431
695 730 230.508
700 730 235.228
705 730 239.514
710 730 243.297
715 730 246.511
720 730 249.1
725 730 251.017
730 730 252.225
735 730 252.702
740 730 252.435
745 730 251.427
750 730 249.694
755 730 247.264
760 730 244.178
765 730 240.487
770 730 236.251
775 730 231.539
780 730 226.426
785 730 220.989
790 730 215.309
795 730 209.465
800 730 203.536
805 730 197.596
810 730 191.714
815 730 185.952
820 730 180.367
825 730 175.005
830 730 169.907
835 730 165.102
840 730 160.613
845 730 156.455
850 730 152.635
855 730 149.155
860 730 146.008
865 730 143.185
870 730 140.673
875 730 138.453
880 730 136.505
885 730 134.81
890 730 133.345
895 730 132.088

0 735 135.493
5 735 137.419
10 735 139.621
15 735 142.118
20 735 144.927
25 735 148.061
30 735 151.529
35 735 155.334
40 735 159.473
45 735 163.937
50 735 168.709
55 735 173.764
60 735 179.068
65 735 184.58
70 735 190.249
75 735 196.016
80 735 201.817
85 735 207.581
90 735 213.231
95 735 218.688
100 735 223.873
105 735 228.703
110 735 233.103
115 735 237
120 735 240.326
125 735 243.026
130 735 245.05
135 735 246.364
140 735 246.943
145 735 246.778
150 735 245.873
155 735 244.245
160 735 241.923
165 735 238.95
170 735 235.379
175 735 231.272
180 735 226.699
185 735 221.735
190 735 216.459
195 735 210.95
200 735 205.288
205 735 199.552
210 735 193.812
215 735 188.138
220 735 182.591
225 735 177.223
230 735 172.081
235 735 167.202
240 735 162.613
245 735 158.337
250 735 154.385
255 735 150.764
260 735 147.473
265 735 144.505
270 735 141.85
275 735 139.493
280 735 137.416
285 735 135.601
290 735 134.025
295 735 132.667
300 735 131.506
305 735 130.52
310 735 129.688
315 735 128.993
320 735 128.414
325 735 127.937
330 735 127.546
335 735 127.228
340 735 126.97
345 735 126.764
350 735 126.6
355 735 126.47
360 735 126.368
365 735 126.289
370 735 126.227
375 735 126.18
380 735 126.144
385 735 126.117
390 735 126.098
395 735 126.083
400 735 126.073
405 735 126.066
410 735 126.062
415 735 126.06
420 735 126.059
425 735 126.061
430 735 126.064
435 735 126.068
440 735 126.075
445 735 126.083
450 735 126.094
455 735 126.108
460 735 126.124
465 735 126.145
470 735 126.171
475 735 126.202
480 735 126.24
485 735 126.286
490 735 126.343
495 735 126.411
500 735 126.493
505 735 126.592
510 735 126.712
515 735 126.855
520 735 127.026
525 735 127.231
530 735 127.476
535 735 127.767
540 735 128.112
545 735 128.52
550 735 129.002
555 735 129.569
560 735 130.233
565 735 131.01
570 735 131.914
575 735 132.962
580 735 134.173
585 735 135.564
590 735 137.155
595 735 138.967
600 735 141.018
605 735 143.327
610 735 145.911
615 735 148.788
620 735 151.968
625 735 155.462
630 735 159.274
635 735 163.404
640 735 167.845
645 735 172.584
650 735 177.602
655 735 182.869
660 735 188.349
665 735 193.998
670 735 199.765
675 735 205.589
680 735 211.404
685 735 217.14
690 735 222.721
695 735 228.068
700 735 233.103
705 735 237.747
710 735 241.925
715 735 245.568
720 735 248.613
725 735 251.006
730 735 252.702
735 735 253.669
740 735 253.889
745 735 253.355
750 735 252.074
755 735 250.067
760 735 247.367
765 735 244.021
770 735 240.083
775 735 235.618
780 735 230.699
785 735 225.403
790 735 219.809
795 735 213.998
800 735 208.052
805 735 202.049
810 735 196.06
815 735 190.155
820 735 184.394
825 735 178.831
830 735 173.509
835 735 168.466
840 735 163.73
845 735 159.32
850 735 155.248
855 735 151.52
860 735 148.133
865 735 145.08
870 735 142.349
875 735 139.926
880 735 137.791
885 735 135.924
890 735 134.303
895 735 132.906

0 740 134.676
5 740 136.474
10 740 138.539
15 740 140.891
20 740 143.548
25 740 146.527
30 740 149.837
35 740 153.486
40 740 157.476
45 740 161.8
50 740 166.446
55 740 171.393
60 740 176.613
65 740 182.068
70 740 187.713
75 740 193.493
80 740 199.346
85 740 205.205
90 740 210.995
95 740 216.637
100 740 222.051
105 740 227.156
110 740 231.871
115 740 236.12
120 740 239.832
125 740 242.942
130 740 245.398
135 740 247.156
140 740 248.183
145 740 248.463
150 740 247.99
155 740 246.774
160 740 244.837
165 740 242.215
170 740 238.955
175 740 235.115
180 740 230.761
185 740 225.965
190 740 220.805
195 740 215.363
200 740 209.717
205 740 203.95
210 740 198.136
215 740 192.348
220 740 186.651
225 740 181.105
230 740 175.76
235 740 170.66
240 740 165.837
245 740 161.318
250 740 157.121
255 740 153.255
260 740 149.724
265 740 146.524
270 740 143.648
275 740 141.082
280 740 138.812
285 740 136.817
290 740 135.077
295 740 133.572
300 740 132.278
305 740 131.175
310 740 130.24
315 740 129.454
320 740 128.798
325 740 128.254
330 740 127.806
335 740 127.439
340 740 127.142
345 740 126.902
350 740 126.71
355 740 126.558
360 740 126.437
365 740 126.343
370 740 126.27
375 740 126.213
380 740 126.17
385 740 126.137
390 740 126.112
395 740 126.094
400 740 126.08
405 740 126.071
410 740 126.065
415 740 126.061
420 740 126.059
425 740 126.059
430 740 126.06
435 740 126.063
440 740 126.068
445 740 126.074
450 740 126.082
455 740 126.092
460 740 126.105
465 740 126.122
470 740 126.142
475 740 126.167
480 740 126.197
485 740 126.234
490 740 126.28
495 740 126.335
500 740 126.403
505 740 126.485
510 740 126.584
515 740 126.703
520 740 126.847
525 740 127.021
530 740 127.229
535 740 127.477
540 740 127.774
545 740 128.128
550 740 128.548
555 740 129.045
560 740 129.631
565 740 130.32
570 740 131.126
575 740 132.066
580 740 133.158
585 740 134.42
590 740 135.871
595 740 137.532
600 740 139.422
605 740 141.561
610 740 143.969
615 740 146.663
620 740 149.658
625 740 152.965
630 740 156.593
635 740 160.545
640 740 164.818
645 740 169.404
650 740 174.287
655 740 179.444
660 740 184.842
665 740 190.443
670 740 196.198
675 740 202.051
680 740 207.941
685 740 213.798
690 740 219.549
695 740 225.114
700 740 230.415
705 740 235.372
710 740 239.906
715 740 243.944
720 740 247.417
725 740 250.264
730 740 252.435
735 740 253.889
740 740 254.599
745 740 254.55
750 740 253.74
755 740 252.183
760 740 249.904
765 740 246.942
770 740 243.347
775 740 239.178
780 740 234.505
785 740 229.401
790 740 223.947
795 740 218.223
800 740 212.312
805 740 206.295
810 740 200.247
815 740 194.242
820 740 188.344
825 740 182.613
830 740 177.099
835 740 171.844
840 740 166.881
845 740 162.236
850 740 157.925
855 740 153.958
860 740 150.336
865 740 147.056
870 740 144.108
875 740 141.48
880 740 139.155
885 740 137.112
890 740 135.33
895 740 133.788

0 745 133.877
5 745 135.544
10 745 137.467
15 745 139.667
20 745 142.164
25 745 144.974
30 745 148.113
35 745 151.588
40 745 155.406
45 745 159.564
50 745 164.054
55 745 168.861
60 745 173.959
65 745 179.318
70 745 184.895
75 745 190.641
80 745 196.499
85 745 202.403
90 745 208.282
95 745 214.06
100 745 219.656
105 745 224.99
110 745 229.978
115 745 234.543
120 745 238.608
125 745 242.106
130 745 244.975
135 745 247.165
140 745 248.638
145 745 249.368
150 745 249.34
155 745 248.557
160 745 247.033
165 745 244.797
170 745 241.889
175 745 238.36
180 745 234.273
185 745 229.697
190 745 224.708
195 745 219.385
200 745 213.81
205 745 208.063
210 745 202.224
215 745 196.369
220 745 190.567
225 745 184.881
230 745 179.369
235 745 174.078
240 745 169.047
245 745 164.308
250 745 159.883
255 745 155.786
260 745 152.025
265 745 148.601
270 745 145.508
275 745 142.736
280 745 140.271
285 745 138.095
290 745 136.189
295 745 134.532
300 745 133.102
305 745 131.876
310 745 130.834
315 745 129.953
320 745 129.214
325 745 128.599
330 745 128.09
335 745 127.672
340 745 127.331
345 745 127.055
350 745 126.833
355 745 126.656
360 745 126.515
365 745 126.404
370 745 126.317
375 745 126.25
380 745 126.198
385 745 126.158
390 745 126.128
395 745 126.106
400 745 126.089
405 745 126.077
410 745 126.069
415 745 126.063
420 745 126.059
425 745 126.058
430 745 126.058
435 745 126.059
440 745 126.062
445 745 126.067
450 745 126.073
455 745 126.08
460 745 126.09
465 745 126.103
470 745 126.119
475 745 126.138
480 745 126.163
485 745 126.193
490 745 126.229
495 745 126.274
500 745 126.329
505 745 126.397
510 745 126.478
515 745 126.578
520 745 126.698
525 745 126.844
530 745 127.02
535 745 127.232
540 745 127.486
545 745 127.791
550 745 128.155
555 745 128.588
560 745 129.102
565 745 129.709
570 745 130.424
575 745 131.262
580 745 132.241
585 745 133.378
590 745 134.693
595 745 136.206
600 745 137.937
605 745 139.907
610 745 142.136
615 745 144.642
620 745 147.442
625 745 150.551
630 745 153.98
635 745 157.735
640 745 161.817
645 745 166.222
650 745 170.939
655 745 175.949
660 745 181.225
665 745 186.732
670 745 192.428
675 745 198.261
680 745 204.172
685 745 210.097
690 745 215.962
695 745 221.692
700 745 227.207
705 745 232.427
710 745 237.271
715 745 241.663
720 745 245.529
725 745 248.803
730 745 251.427
735 745 253.355
740 745 254.55
745 745 254.988
750 745 254.662
755 745 253.574
760 745 251.743
765 745 249.199
770 745 245.985
775 745 242.157
780 745 237.777
785 745 232.918
790 745 227.656
795 745 222.073
800 745 216.25
805 745 210.27
810 745 204.212
815 745 198.153
820 745 192.162
825 745 186.302
830 745 180.63
835 745 175.193
840 745 170.03
845 745 165.17
850 745 160.637
855 745 156.444
860 745 152.598
865 745 149.097
870 745 145.937
875 745 143.105
880 745 140.588
885 745 138.367
890 745 136.422
895 745 134.73

0 750 133.105
5 750 134.64
10 750 136.419
15 750 138.463
20 750 140.792
25 750 143.426
30 750 146.381
35 750 149.668
40 750 153.296
45 750 157.266
50 750 161.574
55 750 166.21
60 750 171.154
65 750 176.378
70 750 181.846
75 750 187.514
80 750 193.328
85 750 199.229
90 750 205.147
95 750 211.01
100 750 216.738
105 750 222.252
110 750 227.468
115 750 232.305
120 750 236.687
125 750 240.539
130 750 243.795
135 750 246.401
140 750 248.308
145 750 249.484
150 750 249.907
155 750 249.57
160 750 248.48
165 750 246.657
170 750 244.134
175 750 240.958
180 750 237.183
185 750 232.875
190 750 228.108
195 750 222.957
200 750 217.504
205 750 211.831
210 750 206.019
215 750 200.145
220 750 194.284
225 750 188.502
230 750 182.862
235 750 177.415
240 750 172.206
245 750 167.273
250 750 162.641
255 750 158.332
260 750 154.355
265 750 150.717
270 750 147.415
275 750 144.441
280 750 141.784
285 750 139.428
290 750 137.355
295 750 135.545
300 750 133.975
305 750 132.623
310 750 131.469
315 750 130.489
320 750 129.664
325 750 128.973
330 750 128.4
335 750 127.926
340 750 127.539
345 750 127.223
350 750 126.969
355 750 126.764
360 750 126.601
365 750 126.472
370 750 126.371
375 750 126.292
380 750 126.23
385 750 126.183
390 750 126.147
395 750 126.12
400 750 126.1
405 750 126.085
410 750 126.074
415 750 126.066
420 750 126.061
425 750 126.058
430 750 126.057
435 750 126.057
440 750 126.058
445 750 126.061
450 750 126.065
455 750 126.071
460 750 126.079
465 750 126.089
470 750 126.101
475 750 126.116
480 750 126.136
485 750 126.159
490 750 126.189
495 750 126.225
500 750 126.27
505 750 126.325
510 750 126.392
515 750 126.474
520 750 126.574
525 750 126.696
530 750 126.844
535 750 127.024
540 750 127.241
545 750 127.502
550 750 127.815
555 750 128.191
560 750 128.639
565 750 129.171
570 750 129.802
575 750 130.545
580 750 131.417
585 750 132.436
590 750 133.62
595 750 134.99
600 750 136.565
605 750 138.367
610 750 140.416
615 750 142.732
620 750 145.333
625 750 148.236
630 750 151.454
635 750 154.997
640 750 158.869
645 750 163.07
650 750 167.593
655 750 172.423
660 750 177.54
665 750 182.914
670 750 188.505
675 750 194.269
680 750 200.151
685 750 206.089
690 750 212.014
695 750 217.853
700 750 223.528
705 750 228.959
710 750 234.063
715 750 238.762
720 750 242.98
725 750 246.645
730 750 249.694
735 750 252.074
740 750 253.74
745 750 254.662
750 750 254.821
755 750 254.214
760 750 252.849
765 750 250.749
770 750 247.951
775 750 244.502
780 750 240.461
785 750 235.893
790 750 230.875
795 750 225.483
800 750 219.801
805 750 213.911
810 750 207.895
815 750 201.83
820 750 195.791
825 750 189.846
830 750 184.054
835 750 178.469
840 750 173.135
845 750 168.088
850 750 163.354
855 750 158.953
860 750 154.895
865 750 151.184
870 750 147.818
875 750 144.787
880 750 142.081
885 750 139.682
890 750 137.572
895 750 135.728

0 755 132.367
5 755 133.772
10 755 135.406
15 755 137.292
20 755 139.45
25 755 141.902
30 755 144.664
35 755 147.752
40 755 151.175
45 755 154.939
50 755 159.044
55 755 163.483
60 755 168.242
65 755 173.297
70 755 178.618
75 755 184.166
80 755 189.892
85 755 195.741
90 755 201.649
95 755 207.545
100 755 213.354
105 755 218.996
110 755 224.39
115 755 229.454
120 755 234.109
125 755 238.277
130 755 241.889
135 755 244.883
140 755 247.206
145 755 248.816
150 755 249.687
155 755 249.801
160 755 249.157
165 755 247.767
170 755 245.658
175 755 242.867
180 755 239.444
185 755 235.448
190 755 230.95
195 755 226.022
200 755 220.744
205 755 215.197
210 755 209.463
215 755 203.622
220 755 197.749
225 755 191.917
230 755 186.19
235 755 180.625
240 755 175.274
245 755 170.176
250 755 165.364
255 755 160.863
260 755 156.689
265 755 152.851
270 755 149.35
275 755 146.183
280 755 143.339
285 755 140.807
290 755 138.568
295 755 136.603
300 755 134.892
305 755 133.413
310 755 132.143
315 755 131.061
320 755 130.146
325 755 129.377
330 755 128.735
335 755 128.203
340 755 127.766
345 755 127.408
350 755 127.118
355 755 126.884
360 755 126.697
365 755 126.548
370 755 126.431
375 755 126.339
380 755 126.267
385 755 126.211
390 755 126.169
395 755 126.136
400 755 126.112
405 755 126.094
410 755 126.08
415 755 126.07
420 755 126.064
425 755 126.059
430 755 126.057
435 755 126.056
440 755 126.056
445 755 126.057
450 755 126.06
455 755 126.064
460 755 126.07
465 755 126.078
470 755 126.087
475 755 126.099
480 755 126.114
485 755 126.133
490 755 126.157
495 755 126.186
500 755 126.222
505 755 126.266
510 755 126.321
515 755 126.389
520 755 126.472
525 755 126.573
530 755 126.698
535 755 126.849
540 755 127.032
545 755 127.255
550 755 127.524
555 755 127.848
560 755 128.236
565 755 128.7
570 755 129.253
575 755 129.907
580 755 130.68
585 755 131.587
590 755 132.647
595 755 133.879
600 755 135.304
605 755 136.942
610 755 138.814
615 755 140.94
620 755 143.34
625 755 146.033
630 755 149.033
635 755 152.352
640 755 155.999
645 755 159.977
650 755 164.282
655 755 168.906
660 755 173.831
665 755 179.034
670 755 184.48
675 755 190.13
680 755 195.933
685 755 201.833
690 755 207.764
695 755 213.657
700 755 219.436
705 755 225.022
710 755 230.333
715 755 235.289
720 755 239.811
725 755 243.826
730 755 247.264
735 755 250.067
740 755 252.183
745 755 253.574
750 755 254.214
755 755 254.09
760 755 253.202
765 755 251.566
770 755 249.209
775 755 246.172
780 755 242.507
785 755 238.275
790 755 233.546
795 755 228.397
800 755 222.907
805 755 217.159
810 755 211.236
815 755 205.216
820 755 199.177
825 755 193.19
830 755 187.321
835 755 181.627
840 755 176.156
845 755 170.95
850 755 166.042
855 755 161.454
860 755 157.202
865 755 153.294
870 755 149.732
875 755 146.511
880 755 143.62
885 755 141.046
890 755 138.771
895 755 136.776

0 760 131.669
5 760 132.946
10 760 134.437
15 760 136.165
20 760 138.152
25 760 140.419
30 760 142.984
35 760 145.864
40 760 149.072
45 760 152.616
50 760 156.5
55 760 160.72
60 760 165.268
65 760 170.124
70 760 175.264
75 760 180.653
80 760 186.249
85 760 192.001
90 760 197.849
95 760 203.728
100 760 209.566
105 760 215.285
110 760 220.805
115 760 226.046
120 760 230.926
125 760 235.367
130 760 239.295
135 760 242.645
140 760 245.357
145 760 247.384
150 760 248.69
155 760 249.251
160 760 249.058
165 760 248.114
170 760 246.437
175 760 244.058
180 760 241.02
185 760 237.376
190 760 233.189
195 760 228.531
200 760 223.477
205 760 218.107
210 760 212.503
215 760 206.745
220 760 200.911
225 760 195.075
230 760 189.306
235 760 183.665
240 760 178.207
245 760 172.979
250 760 168.017
255 760 163.35
260 760 159
265 760 154.98
270 760 151.295
275 760 147.945
280 760 144.923
285 760 142.219
290 760 139.817
295 760 137.7
300 760 135.849
305 760 134.241
310 760 132.854
315 760 131.668
320 760 130.659
325 760 129.808
330 760 129.095
335 760 128.502
340 760 128.012
345 760 127.61
350 760 127.282
355 760 127.016
360 760 126.803
365 760 126.632
370 760 126.497
375 760 126.391
380 760 126.308
385 760 126.243
390 760 126.193
395 760 126.155
400 760 126.126
405 760 126.104
410 760 126.088
415 760 126.076
420 760 126.067
425 760 126.061
430 760 126.057
435 760 126.055
440 760 126.054
445 760 126.055
450 760 126.057
455 760 126.059
460 760 126.063
465 760 126.069
470 760 126.076
475 760 126.086
480 760 126.097
485 760 126.112
490 760 126.131
495 760 126.154
500 760 126.183
505 760 126.219
510 760 126.264
515 760 126.319
520 760 126.388
525 760 126.472
530 760 126.575
535 760 126.702
540 760 126.857
545 760 127.045
550 760 127.275
555 760 127.552
560 760 127.887
565 760 128.289
570 760 128.771
575 760 129.344
580 760 130.025
585 760 130.828
590 760 131.771
595 760 132.872
600 760 134.152
605 760 135.632
610 760 137.33
615 760 139.27
620 760 141.47
625 760 143.951
630 760 146.728
635 760 149.817
640 760 153.229
645 760 156.969
650 760 161.038
655 760 165.432
660 760 170.138
665 760 175.137
670 760 180.401
675 760 185.895
680 760 191.575
685 760 197.387
690 760 203.273
695 760 209.166
700 760 214.993
705 760 220.677
710 760 226.139
715 760 231.299
720 760 236.075
725 760 240.392
730 760 244.178
735 760 247.367
740 760 249.904
745 760 251.743
750 760 252.849
755 760 253.202
760 760 252.794
765 760 251.632
770 760 249.735
775 760 247.135
780 760 243.878
785 760 240.02
790 760 235.624
795 760 230.763
800 760 225.514
805 760 219.959
810 760 214.179
815 760 208.255
820 760 202.265
825 760 196.285
830 760 190.382
835 760 184.619
840 760 179.049
845 760 173.718
850 760 168.663
855 760 163.914
860 760 159.49
865 760 155.403
870 760 151.66
875 760 148.258
880 760 145.191
885 760 142.447
890 760 140.011
895 760 137.865

0 765 131.015
5 765 132.168
10 765 133.52
15 765 135.093
20 765 136.91
25 765 138.991
30 765 141.357
35 765 144.025
40 765 147.011
45 765 150.325
50 765 153.974
55 765 157.959
60 765 162.273
65 765 166.905
70 765 171.834
75 765 177.03
80 765 182.457
85 765 188.069
90 765 193.812
95 765 199.626
100 765 205.441
105 765 211.185
110 765 216.779
115 765 222.144
120 765 227.2
125 765 231.866
130 765 236.067
135 765 239.733
140 765 242.801
145 765 245.218
150 765 246.939
155 765 247.936
160 765 248.189
165 765 247.695
170 765 246.462
175 765 244.514
180 765 241.887
185 765 238.626
190 765 234.79
195 765 230.443
200 765 225.659
205 765 220.515
210 765 215.09
215 765 209.465
220 765 203.719
225 765 197.927
230 765 192.162
235 765 186.489
240 765 180.966
245 765 175.643
250 765 170.563
255 765 165.759
260 765 161.258
265 765 157.077
270 765 153.225
275 765 149.707
280 765 146.518
285 765 143.65
290 765 141.092
295 765 138.827
300 765 136.837
305 765 135.101
310 765 133.597
315 765 132.305
320 765 131.202
325 765 130.267
330 765 129.48
335 765 128.823
340 765 128.277
345 765 127.828
350 765 127.46
355 765 127.161
360 765 126.919
365 765 126.725
370 765 126.571
375 765 126.449
380 765 126.353
385 765 126.278
390 765 126.22
395 765 126.176
400 765 126.142
405 765 126.116
410 765 126.097
415 765 126.082
420 765 126.072
425 765 126.064
430 765 126.059
435 765 126.056
440 765 126.054
445 765 126.053
450 765 126.054
455 765 126.056
460 765 126.059
465 765 126.063
470 765 126.068
475 765 126.075
480 765 126.084
485 765 126.096
490 765 126.111
495 765 126.129
500 765 126.152
505 765 126.181
510 765 126.218
515 765 126.263
520 765 126.319
525 765 126.388
530 765 126.474
535 765 126.579
540 765 126.709
545 765 126.868
550 765 127.063
555 765 127.299
560 765 127.586
565 765 127.933
570 765 128.35
575 765 128.849
580 765 129.445
585 765 130.151
590 765 130.985
595 765 131.964
600 765 133.107
605 765 134.435
610 765 135.967
615 765 137.724
620 765 139.728
625 765 141.998
630 765 144.553
635 765 147.408
640 765 150.577
645 765 154.069
650 765 157.889
655 765 162.034
660 765 166.498
665 765 171.267
670 765 176.317
675 765 181.618
680 765 187.132
685 765 192.812
690 765 198.603
695 765 204.443
700 765 210.263
705 765 215.991
710 765 221.548
715 765 226.855
720 765 231.832
725 765 236.401
730 765 240.487
735 765 244.021
740 765 246.942
745 765 249.199
750 765 250.749
755 765 251.566
760 765 251.632
765 765 250.946
770 765 249.518
775 765 247.374
780 765 244.55
785 765 241.096
790 765 237.07
795 765 232.539
800 765 227.577
805 765 222.262
810 765 216.674
815 765 210.895
820 765 205.005
825 765 199.078
830 765 193.188
835 765 187.399
840 765 181.77
845 765 176.351
850 765 171.183
855 765 166.301
860 765 161.729
865 765 157.484
870 765 153.576
875 765 150.008
880 765 146.775
885 765 143.87
890 765 141.278
895 765 138.985

0 770 130.409
5 770 131.443
10 770 132.66
15 770 134.083
20 770 135.733
25 770 137.631
30 770 139.799
35 770 142.254
40 770 145.014
45 770 148.092
50 770 151.496
55 770 155.232
60 770 159.297
65 770 163.684
70 770 168.375
75 770 173.349
80 770 178.573
85 770 184.007
90 770 189.603
95 770 195.304
100 770 201.049
105 770 206.766
110 770 212.382
115 770 217.819
120 770 222.997
125 770 227.838
130 770 232.265
135 770 236.204
140 770 239.588
145 770 242.361
150 770 244.471
155 770 245.883
160 770 246.571
165 770 246.522
170 770 245.737
175 770 244.232
180 770 242.033
185 770 239.181
190 770 235.726
195 770 231.728
200 770 227.255
205 770 222.38
210 770 217.181
215 770 211.737
220 770 206.128
225 770 200.429
230 770 194.715
235 770 189.053
240 770 183.506
245 770 178.128
250 770 172.966
255 770 168.058
260 770 163.434
265 770 159.116
270 770 155.118
275 770 151.448
280 770 148.106
285 770 145.086
290 770 142.38
295 770 139.973
300 770 137.848
305 770 135.986
310 770 134.366
315 770 132.968
320 770 131.77
325 770 130.75
330 770 129.887
335 770 129.164
340 770 128.561
345 770 128.062
350 770 127.652
355 770 127.317
360 770 127.046
365 770 126.827
370 770 126.652
375 770 126.514
380 770 126.404
385 770 126.318
390 770 126.251
395 770 126.2
400 770 126.16
405 770 126.13
410 770 126.107
415 770 126.09
420 770 126.077
425 770 126.068
430 770 126.061
435 770 126.057
440 770 126.054
445 770 126.053
450 770 126.052
455 770 126.053
460 770 126.055
465 770 126.058
470 770 126.062
475 770 126.067
480 770 126.074
485 770 126.083
490 770 126.095
495 770 126.109
500 770 126.128
505 770 126.151
510 770 126.18
515 770 126.217
520 770 126.262
525 770 126.319
530 770 126.39
535 770 126.478
540 770 126.586
545 770 126.719
550 770 126.883
555 770 127.084
560 770 127.328
565 770 127.625
570 770 127.985
575 770 128.417
580 770 128.935
585 770 129.553
590 770 130.285
595 770 131.15
600 770 132.164
605 770 133.348
610 770 134.721
615 770 136.304
620 770 138.117
625 770 140.181
630 770 142.515
635 770 145.136
640 770 148.06
645 770 151.298
650 770 154.858
655 770 158.742
660 770 162.947
665 770 167.462
670 770 172.27
675 770 177.347
680 770 182.659
685 770 188.165
690 770 193.816
695 770 199.554
700 770 205.317
705 770 211.033
710 770 216.629
715 770 222.027
720 770 227.149
725 770 231.916
730 770 236.251
735 770 240.083
740 770 243.347
745 770 245.985
750 770 247.951
755 770 249.209
760 770 249.735
765 770 249.518
770 770 248.562
775 770 246.883
780 770 244.51
785 770 241.484
790 770 237.858
795 770 233.693
800 770 229.058
805 770 224.027
810 770 218.678
815 770 213.093
820 770 207.349
825 770 201.525
830 770 195.694
835 770 189.924
840 770 184.277
845 770 178.808
850 770 173.562
855 770 168.579
860 770 163.887
865 770 159.509
870 770 155.457
875 770 151.739
880 770 148.355
885 770 145.299
890 770 142.56
895 770 140.125

0 775 129.852
5 775 130.773
10 775 131.862
15 775 133.14
20 775 134.629
25 775 136.349
30 775 138.321
35 775 140.565
40 775 143.099
45 775 145.938
50 775 149.093
55 775 152.571
60 775 156.375
65 775 160.499
70 775 164.934
75 775 169.66
80 775 174.651
85 775 179.873
90 775 185.283
95 775 190.831
100 775 196.458
105 775 202.1
110 775 207.687
115 775 213.143
120 775 218.392
125 775 223.356
130 775 227.957
135 775 232.121
140 775 235.779
145 775 238.868
150 775 241.335
155 775 243.135
160 775 244.236
165 775 244.62
170 775 244.278
175 775 243.218
180 775 241.459
185 775 239.033
190 775 235.984
195 775 232.364
200 775 228.237
205 775 223.672
210 775 218.742
215 775 213.525
220 775 208.098
225 775 202.539
230 775 196.922
235 775 191.318
240 775 185.79
245 775 180.397
250 775 175.19
255 775 170.211
260 775 165.495
265 775 161.068
270 775 156.948
275 775 153.146
280 775 149.667
285 775 146.51
290 775 143.666
295 775 141.125
300 775 138.871
305 775 136.888
310 775 135.155
315 775 133.653
320 775 132.359
325 775 131.254
330 775 130.315
335 775 129.524
340 775 128.862
345 775 128.312
350 775 127.858
355 775 127.486
360 775 127.183
365 775 126.938
370 775 126.741
375 775 126.584
380 775 126.46
385 775 126.362
390 775 126.286
395 775 126.226
400 775 126.18
405 775 126.145
410 775 126.119
415 775 126.098
420 775 126.083
425 775 126.072
430 775 126.064
435 775 126.059
440 775 126.055
445 775 126.053
450 775 126.052
455 775 126.051
460 775 126.052
465 775 126.054
470 775 126.057
475 775 126.061
480 775 126.066
485 775 126.073
490 775 126.082
495 775 126.094
500 775 126.108
505 775 126.127
510 775 126.15
515 775 126.18
520 775 126.217
525 775 126.263
530 775 126.321
535 775 126.393
540 775 126.483
545 775 126.595
550 775 126.732
555 775 126.901
560 775 127.108
565 775 127.361
570 775 127.669
575 775 128.041
580 775 128.489
585 775 129.026
590 775 129.666
595 775 130.425
600 775 131.319
605 775 132.368
610 775 133.591
615 775 135.007
620 775 136.637
625 775 138.501
630 775 140.619
635 775 143.01
640 775 145.69
645 775 148.672
650 775 151.967
655 775 155.581
660 775 159.513
665 775 163.758
670 775 168.303
675 775 173.129
680 775 178.207
685 775 183.503
690 775 188.973
695 775 194.565
700 775 200.22
705 775 205.873
710 775 211.454
715 775 216.889
720 775 222.099
725 775 227.008
730 775 231.539
735 775 235.618
740 775 239.178
745 775 242.157
750 775 244.502
755 775 246.172
760 775 247.135
765 775 247.374
770 775 246.883
775 775 245.67
780 775 243.757
785 775 241.177
790 775 237.974
795 775 234.204
800 775 229.93
805 775 225.222
810 775 220.156
815 775 214.808
820 775 209.257
825 775 203.582
830 775 197.856
835 775 192.15
840 775 186.529
845 775 181.05
850 775 175.764
855 775 170.714
860 775 165.933
865 775 161.448
870 775 157.276
875 775 153.429
880 775 149.91
885 775 146.716
890 775 143.842
895 775 141.273

0 780 129.344
5 780 130.159
10 780 131.127
15 780 132.268
20 780 133.602
25 780 135.15
30 780 136.933
35 780 138.971
40 780 141.282
45 780 143.882
50 780 146.786
55 780 150.003
60 780 153.537
65 780 157.388
70 780 161.55
75 780 166.008
80 780 170.743
85 780 175.724
90 780 180.915
95 780 186.271
100 780 191.739
105 780 197.26
110 780 202.769
115 780 208.194
120 780 213.462
125 780 218.495
130 780 223.219
135 780 227.558
140 780 231.441
145 780 234.803
150 780 237.587
155 780 239.742
160 780 241.231
165 780 242.027
170 780 242.116
175 780 241.496
180 780 240.179
185 780 238.188
190 780 235.561
195 780 232.344
200 780 228.592
205 780 224.369
210 780 219.746
215 780 214.797
220 780 209.596
225 780 204.222
230 780 198.747
235 780 193.244
240 780 187.779
245 780 182.413
250 780 177.2
255 780 172.187
260 780 167.411
265 780 162.904
270 780 158.687
275 780 154.777
280 780 151.181
285 780 147.902
290 780 144.934
295 780 142.27
300 780 139.896
305 780 137.798
310 780 135.956
315 780 134.352
320 780 132.965
325 780 131.775
330 780 130.76
335 780 129.901
340 780 129.179
345 780 128.577
350 780 128.077
355 780 127.666
360 780 127.33
365 780 127.058
370 780 126.838
375 780 126.661
380 780 126.521
385 780 126.41
390 780 126.323
395 780 126.256
400 780 126.203
405 780 126.163
410 780 126.132
415 780 126.108
420 780 126.091
425 780 126.078
430 780 126.068
435 780 126.061
440 780 126.056
445 780 126.053
450 780 126.051
455 780 126.051
460 780 126.051
465 780 126.052
470 780 126.054
475 780 126.056
480 780 126.06
485 780 126.066
490 780 126.073
495 780 126.082
500 780 126.093
505 780 126.108
510 780 126.126
515 780 126.15
520 780 126.18
525 780 126.217
530 780 126.265
535 780 126.324
540 780 126.398
545 780 126.491
550 780 126.605
555 780 126.747
560 780 126.922
565 780 127.136
570 780 127.398
575 780 127.716
580 780 128.101
585 780 128.565
590 780 129.121
595 780 129.782
600 780 130.567
605 780 131.49
610 780 132.572
615 780 133.83
620 780 135.286
625 780 136.959
630 780 138.87
635 780 141.036
640 780 143.475
645 780 146.204
650 780 149.233
655 780 152.572
660 780 156.223
665 780 160.185
670 780 164.451
675 780 169.005
680 780 173.824
685 780 178.879
690 780 184.132
695 780 189.537
700 780 195.04
705 780 200.582
710 780 206.097
715 780 211.514
720 780 216.758
725 780 221.754
730 780 226.426
735 780 230.699
740 780 234.505
745 780 237.777
750 780 240.461
755 780 242.507
760 780 243.878
765 780 244.55
770 780 244.51
775 780 243.757
780 780 242.305
785 780 240.178
790 780 237.415
795 780 234.062
800 780 230.178
805 780 225.827
810 780 221.079
815 780 216.01
820 780 210.696
825 780 205.214
830 780 199.638
835 780 194.04
840 780 188.488
845 780 183.041
850 780 177.754
855 780 172.672
860 780 167.835
865 780 163.273
870 780 159.007
875 780 155.053
880 780 151.418
885 780 148.104
890 780 145.106
895 780 142.415

0 785 128.886
5 785 129.602
10 785 130.457
15 785 131.468
20 785 132.656
25 785 134.04
30 785 135.641
35 785 137.479
40 785 139.573
45 785 141.939
50 785 144.594
55 785 147.548
60 785 150.809
65 785 154.38
70 785 158.259
75 785 162.435
80 785 166.893
85 785 171.61
90 785 176.554
95 785 181.685
100 785 186.957
105 785 192.316
110 785 197.701
115 785 203.047
120 785 208.283
125 785 213.335
130 785 218.129
135 785 222.592
140 785 226.651
145 785 230.239
150 785 233.295
155 785 235.767
160 785 237.61
165 785 238.791
170 785 239.29
175 785 239.097
180 785 238.217
185 785 236.664
190 785 234.468
195 785 231.668
200 785 228.313
205 785 224.461
210 785 220.178
215 785 215.532
220 785 210.598
225 785 205.449
230 785 200.159
235 785 194.8
240 785 189.441
245 785 184.143
250 785 178.964
255 785 173.953
260 785 169.152
265 785 164.596
270 785 160.312
275 785 156.318
280 785 152.627
285 785 149.243
290 785 146.167
295 785 143.393
300 785 140.91
305 785 138.704
310 785 136.76
315 785 135.059
320 785 133.582
325 785 132.309
330 785 131.218
335 785 130.292
340 785 129.509
345 785 128.854
350 785 128.309
355 785 127.858
360 785 127.487
365 785 127.186
370 785 126.941
375 785 126.745
380 785 126.588
385 785 126.463
390 785 126.365
395 785 126.288
400 785 126.228
405 785 126.182
410 785 126.147
415 785 126.12
420 785 126.099
425 785 126.084
430 785 126.073
435 785 126.064
440 785 126.059
445 785 126.054
450 785 126.052
455 785 126.05
460 785 126.05
465 785 126.05
470 785 126.051
475 785 126.053
480 785 126.056
485 785 126.06
490 785 126.065
495 785 126.072
500 785 126.081
505 785 126.093
510 785 126.107
515 785 126.126
520 785 126.15
525 785 126.181
530 785 126.219
535 785 126.267
540 785 126.328
545 785 126.404
550 785 126.499
555 785 126.618
560 785 126.764
565 785 126.944
570 785 127.166
575 785 127.437
580 785 127.766
585 785 128.164
590 785 128.643
595 785 129.217
600 785 129.9
605 785 130.708
610 785 131.659
615 785 132.771
620 785 134.063
625 785 135.555
630 785 137.266
635 785 139.216
640 785 141.422
645 785 143.901
650 785 146.667
655 785 149.731
660 785 153.098
665 785 156.772
670 785 160.746
675 785 165.012
680 785 169.552
685 785 174.341
690 785 179.347
695 785 184.53
700 785 189.842
705 785 195.229
710 785 200.629
715 785 205.978
720 785 211.202
725 785 216.231
730 785 220.989
735 785 225.403
740 785 229.401
745 785 232.918
750 785 235.893
755 785 238.275
760 785 240.02
765 785 241.096
770 785 241.484
775 785 241.177
780 785 240.178
785 785 238.506
790 785 236.189
795 785 233.269
800 785 229.796
805 785 225.828
810 785 221.432
815 785 216.678
820 785 211.639
825 785 206.391
830 785 201.008
835 785 195.561
840 785 190.12
845 785 184.746
850 785 179.497
855 785 174.422
860 785 169.563
865 785 164.955
870 785 160.623
875 785 156.587
880 785 152.858
885 785 149.442
890 785 146.337
895 785 143.536

0 790 128.475
5 790 129.101
10 790 129.85
15 790 130.741
20 790 131.792
25 790 133.022
30 790 134.45
35 790 136.097
40 790 137.98
45 790 140.12
50 790 142.53
55 790 145.225
60 790 148.214
65 790 151.502
70 790 155.092
75 790 158.976
80 790 163.145
85 790 167.579
90 790 172.252
95 790 177.131
100 790 182.174
105 790 187.334
110 790 192.556
115 790 197.778
120 790 202.934
125 790 207.955
130 790 212.769
135 790 217.303
140 790 221.487
145 790 225.251
150 790 228.534
155 790 231.279
160 790 233.438
165 790 234.972
170 790 235.854
175 790 236.068
180 790 235.61
185 790 234.489
190 790 232.726
195 790 230.351
200 790 227.408
205 790 223.948
210 790 220.03
215 790 215.719
220 790 211.085
225 790 206.199
230 790 201.134
235 790 195.96
240 790 190.747
245 790 185.557
250 790 180.451
255 790 175.48
260 790 170.689
265 790 166.118
270 790 161.795
275 790 157.744
280 790 153.981
285 790 150.515
290 790 147.349
295 790 144.479
300 790 141.898
305 790 139.596
310 790 137.557
315 790 135.766
320 790 134.203
325 790 132.849
330 790 131.686
335 790 130.692
340 790 129.851
345 790 129.142
350 790 128.55
355 790 128.059
360 790 127.653
365 790 127.322
370 790 127.052
375 790 126.834
380 790 126.66
385 790 126.521
390 790 126.41
395 790 126.324
400 790 126.256
405 790 126.204
410 790 126.163
415 790 126.132
420 790 126.109
425 790 126.091
430 790 126.078
435 790 126.068
440 790 126.061
445 790 126.056
450 790 126.053
455 790 126.05
460 790 126.049
465 790 126.049
470 790 126.049
475 790 126.05
480 790 126.052
485 790 126.055
490 790 126.059
495 790 126.065
500 790 126.072
505 790 126.081
510 790 126.092
515 790 126.107
520 790 126.126
525 790 126.151
530 790 126.182
535 790 126.221
540 790 126.271
545 790 126.333
550 790 126.412
555 790 126.51
560 790 126.632
565 790 126.783
570 790 126.969
575 790 127.198
580 790 127.477
585 790 127.817
590 790 128.228
595 790 128.723
600 790 129.314
605 790 130.017
610 790 130.848
615 790 131.824
620 790 132.963
625 790 134.284
630 790 135.807
635 790 137.551
640 790 139.533
645 790 141.771
650 790 144.28
655 790 147.072
660 790 150.156
665 790 153.537
670 790 157.215
675 790 161.183
680 790 165.428
685 790 169.931
690 790 174.666
695 790 179.598
700 790 184.685
705 790 189.878
710 790 195.121
715 790 200.354
720 790 205.51
725 790 210.519
730 790 215.309
735 790 219.809
740 790 223.947
745 790 227.656
750 790 230.875
755 790 233.546
760 790 235.624
765 790 237.07
770 790 237.858
775 790 237.974
780 790 237.415
785 790 236.189
790 790 234.32
795 790 231.839
800 790 228.791
805 790 225.227
810 790 221.207
815 790 216.798
820 790 212.069
825 790 207.092
830 790 201.941
835 790 196.686
840 790 191.397
845 790 186.137
850 790 180.965
855 790 175.933
860 790 171.088
865 790 166.466
870 790 162.099
875 790 158.008
880 790 154.209
885 790 150.71
890 790 147.515
895 790 144.621

0 795 128.11
5 795 128.653
10 795 129.306
15 795 130.086
20 795 131.009
25 795 132.094
30 795 133.36
35 795 134.826
40 795 136.51
45 795 138.431
50 795 140.605
55 795 143.046
60 795 145.767
65 795 148.775
70 795 152.074
75 795 155.662
80 795 159.532
85 795 163.67
90 795 168.055
95 795 172.66
100 795 177.448
105 795 182.378
110 795 187.4
115 795 192.458
120 795 197.491
125 795 202.434
130 795 207.218
135 795 211.774
140 795 216.031
145 795 219.922
150 795 223.383
155 795 226.356
160 795 228.788
165 795 230.636
170 795 231.869
175 795 232.463
180 795 232.408
185 795 231.705
190 795 230.367
195 795 228.419
200 795 225.895
205 795 222.84
210 795 219.306
215 795 215.355
220 795 211.05
225 795 206.46
230 795 201.654
235 795 196.703
240 795 191.674
245 795 186.632
250 795 181.636
255 795 176.742
260 795 171.997
265 795 167.443
270 795 163.113
275 795 159.034
280 795 155.225
285 795 151.698
290 795 148.461
295 795 145.512
300 795 142.849
305 795 140.461
310 795 138.337
315 795 136.463
320 795 134.82
325 795 133.391
330 795 132.157
335 795 131.1
340 795 130.199
345 795 129.439
350 795 128.8
355 795 128.268
360 795 127.827
365 795 127.465
370 795 127.169
375 795 126.93
380 795 126.737
385 795 126.582
390 795 126.459
395 795 126.362
400 795 126.286
405 795 126.227
410 795 126.182
415 795 126.146
420 795 126.12
425 795 126.099
430 795 126.084
435 795 126.073
440 795 126.064
445 795 126.058
450 795 126.054
455 795 126.051
460 795 126.049
465 795 126.048
470 795 126.048
475 795 126.049
480 795 126.05
485 795 126.052
490 795 126.055
495 795 126.059
500 795 126.064
505 795 126.071
510 795 126.081
515 795 126.092
520 795 126.108
525 795 126.127
530 795 126.152
535 795 126.184
540 795 126.224
545 795 126.275
550 795 126.339
555 795 126.42
560 795 126.521
565 795 126.647
570 795 126.803
575 795 126.995
580 795 127.231
585 795 127.519
590 795 127.87
595 795 128.293
600 795 128.802
605 795 129.409
610 795 130.13
615 795 130.982
620 795 131.98
625 795 133.143
630 795 134.49
635 795 136.038
640 795 137.807
645 795 139.814
650 795 142.075
655 795 144.602
660 795 147.408
665 795 150.499
670 795 153.878
675 795 157.543
680 795 161.484
685 795 165.689
690 795 170.133
695 795 174.79
700 795 179.623
705 795 184.589
710 795 189.638
715 795 194.713
720 795 199.754
725 795 204.694
730 795 209.465
735 795 213.998
740 795 218.223
745 795 222.073
750 795 225.483
755 795 228.397
760 795 230.763
765 795 232.539
770 795 233.693
775 795 234.204
780 795 234.062
785 795 233.269
790 795 231.839
795 795 229.798
800 795 227.181
805 795 224.033
810 795 220.409
815 795 216.369
820 795 211.978
825 795 207.305
830 795 202.421
835 795 197.395
840 795 192.295
845 795 187.187
850 795 182.131
855 795 177.18
860 795 172.383
865 795 167.782
870 795 163.409
875 795 159.291
880 795 155.447
885 795 151.89
890 795 148.625
895 795 145.653

0 800 127.788
5 800 128.257
10 800 128.822
15 800 129.5
20 800 130.306
25 800 131.258
30 800 132.372
35 800 133.668
40 800 135.164
45 800 136.877
50 800 138.825
55 800 141.022
60 800 143.482
65 800 146.215
70 800 149.226
75 800 152.517
80 800 156.085
85 800 159.92
90 800 164.005
95 800 168.319
100 800 172.831
105 800 177.505
110 800 182.296
115 800 187.155
120 800 192.026
125 800 196.848
130 800 201.557
135 800 206.086
140 800 210.367
145 800 214.335
150 800 217.924
155 800 221.076
160 800 223.736
165 800 225.858
170 800 227.403
175 800 228.345
180 800 228.667
185 800 228.362
190 800 227.436
195 800 225.907
200 800 223.802
205 800 221.158
210 800 218.022
215 800 214.447
220 800 210.494
225 800 206.227
230 800 201.712
235 800 197.016
240 800 192.207
245 800 187.348
250 800 182.5
255 800 177.718
260 800 173.054
265 800 168.55
270 800 164.244
275 800 160.165
280 800 156.336
285 800 152.773
290 800 149.486
295 800 146.477
300 800 143.747
305 800 141.287
310 800 139.09
315 800 137.141
320 800 135.426
325 800 133.927
330 800 132.627
335 800 131.509
340 800 130.552
345 800 129.74
350 800 129.056
355 800 128.483
360 800 128.007
365 800 127.615
370 800 127.292
375 800 127.03
380 800 126.818
385 800 126.648
390 800 126.512
395 800 126.404
400 800 126.319
405 800 126.253
410 800 126.202
415 800 126.162
420 800 126.131
425 800 126.108
430 800 126.091
435 800 126.078
440 800 126.068
445 800 126.061
450 800 126.056
455 800 126.052
460 800 126.05
465 800 126.048
470 800 126.047
475 800 126.047
480 800 126.048
485 800 126.05
490 800 126.052
495 800 126.055
500 800 126.059
505 800 126.064
510 800 126.071
515 800 126.081
520 800 126.093
525 800 126.108
530 800 126.128
535 800 126.153
540 800 126.186
545 800 126.227
550 800 126.28
555 800 126.346
560 800 126.429
565 800 126.533
570 800 126.663
575 800 126.823
580 800 127.021
585 800 127.265
590 800 127.561
595 800 127.922
600 800 128.357
605 800 128.878
610 800 129.501
615 800 130.238
620 800 131.107
625 800 132.125
630 800 133.308
635 800 134.675
640 800 136.243
645 800 138.031
650 800 140.054
655 800 142.327
660 800 144.862
665 800 147.669
670 800 150.752
675 800 154.113
680 800 157.747
685 800 161.643
690 800 165.786
695 800 170.15
700 800 174.707
705 800 179.418
710 800 184.24
715 800 189.121
720 800 194.005
725 800 198.832
730 800 203.536
735 800 208.052
740 800 212.312
745 800 216.25
750 800 219.801
755 800 222.907
760 800 225.514
765 800 227.577
770 800 229.058
775 800 229.93
780 800 230.178
785 800 229.796
790 800 228.791
795 800 227.181
800 800 224.993
805 800 222.268
810 800 219.051
815 800 215.397
820 800 211.367
825 800 207.025
830 800 202.438
835 800 197.674
840 800 192.799
845 800 187.879
850 800 182.974
855 800 178.14
860 800 173.427
865 800 168.879
870 800 164.532
875 800 160.417
880 800 156.554
885 800 152.962
890 800 149.648
895 800 146.616

0 805 127.507
5 805 127.908
10 805 128.395
15 805 128.981
20 805 129.68
25 805 130.508
30 805 131.483
35 805 132.622
40 805 133.941
45 805 135.459
50 805 137.193
55 805 139.157
60 805 141.367
65 805 143.832
70 805 146.562
75 805 149.56
80 805 152.827
85 805 156.355
90 805 160.134
95 805 164.146
100 805 168.367
105 805 172.764
110 805 177.3
115 805 181.93
120 805 186.605
125 805 191.268
130 805 195.859
135 805 200.317
140 805 204.576
145 805 208.571
150 805 212.24
155 805 215.523
160 805 218.364
165 805 220.714
170 805 222.532
175 805 223.785
180 805 224.451
185 805 224.518
190 805 223.985
195 805 222.861
200 805 221.167
205 805 218.933
210 805 216.2
215 805 213.014
220 805 209.43
225 805 205.506
230 805 201.307
235 805 196.895
240 805 192.336
245 805 187.693
250 805 183.025
255 805 178.391
260 805 173.841
265 805 169.42
270 805 165.169
275 805 161.12
280 805 157.298
285 805 153.723
290 805 150.408
295 805 147.359
300 805 144.578
305 805 142.062
310 805 139.803
315 805 137.791
320 805 136.011
325 805 134.45
330 805 133.09
335 805 131.914
340 805 130.905
345 805 130.044
350 805 129.316
355 805 128.703
360 805 128.192
365 805 127.769
370 805 127.42
375 805 127.135
380 805 126.904
385 805 126.717
390 805 126.568
395 805 126.449
400 805 126.355
405 805 126.281
410 805 126.223
415 805 126.179
420 805 126.144
425 805 126.118
430 805 126.098
435 805 126.083
440 805 126.072
445 805 126.064
450 805 126.058
455 805 126.053
460 805 126.05
465 805 126.048
470 805 126.047
475 805 126.047
480 805 126.047
485 805 126.048
490 805 126.049
495 805 126.051
500 805 126.054
505 805 126.059
510 805 126.064
515 805 126.071
520 805 126.081
525 805 126.093
530 805 126.109
535 805 126.129
540 805 126.155
545 805 126.189
550 805 126.231
555 805 126.285
560 805 126.353
565 805 126.439
570 805 126.546
575 805 126.679
580 805 126.844
585 805 127.048
590 805 127.298
595 805 127.603
600 805 127.972
605 805 128.418
610 805 128.951
615 805 129.587
620 805 130.338
625 805 131.222
630 805 132.255
635 805 133.454
640 805 134.836
645 805 136.418
650 805 138.216
655 805 140.247
660 805 142.522
665 805 145.053
670 805 147.848
675 805 150.909
680 805 154.235
685 805 157.821
690 805 161.653
695 805 165.714
700 805 169.978
705 805 174.413
710 805 178.981
715 805 183.636
720 805 188.329
725 805 193.002
730 805 197.596
735 805 202.049
740 805 206.295
745 805 210.27
750 805 213.911
755 805 217.159
760 805 219.959
765 805 222.262
770 805 224.027
775 805 225.222
780 805 225.827
785 805 225.828
790 805 225.227
795 805 224.033
800 805 222.268
805 805 219.963
810 805 217.158
815 805 213.901
820 805 210.247
825 805 206.257
830 805 201.992
835 805 197.518
840 805 192.899
845 805 188.2
850 805 183.48
855 805 178.796
860 805 174.201
865 805 169.738
870 805 165.449
875 805 161.364
880 805 157.511
885 805 153.908
890 805 150.567
895 805 147.496

0 810 127.263
5 810 127.605
10 810 128.021
15 810 128.523
20 810 129.126
25 810 129.843
30 810 130.69
35 810 131.684
40 810 132.84
45 810 134.176
50 810 135.709
55 810 137.454
60 810 139.425
65 810 141.635
70 810 144.093
75 810 146.805
80 810 149.775
85 810 152.999
90 810 156.47
95 810 160.175
100 810 164.093
105 810 168.2
110 810 172.461
115 810 176.839
120 810 181.289
125 810 185.759
130 810 190.197
135 810 194.542
140 810 198.734
145 810 202.712
150 810 206.413
155 810 209.779
160 810 212.754
165 810 215.286
170 810 217.333
175 810 218.857
180 810 219.832
185 810 220.24
190 810 220.072
195 810 219.334
200 810 218.037
205 810 216.207
210 810 213.874
215 810 211.081
220 810 207.875
225 810 204.311
230 810 200.446
235 810 196.342
240 810 192.06
245 810 187.661
250 810 183.205
255 810 178.748
260 810 174.344
265 810 170.038
270 810 165.871
275 810 161.88
280 810 158.093
285 810 154.531
290 810 151.211
295 810 148.143
300 810 145.33
305 810 142.773
310 810 140.467
315 810 138.402
320 810 136.569
325 810 134.953
330 810 133.539
335 810 132.311
340 810 131.252
345 810 130.346
350 810 129.576
355 810 128.925
360 810 128.38
365 810 127.927
370 810 127.552
375 810 127.244
380 810 126.993
385 810 126.79
390 810 126.627
395 810 126.496
400 810 126.392
405 810 126.311
410 810 126.247
415 810 126.197
420 810 126.158
425 810 126.129
430 810 126.106
435 810 126.089
440 810 126.077
445 810 126.067
450 810 126.06
455 810 126.055
460 810 126.051
465 810 126.049
470 810 126.047
475 810 126.046
480 810 126.046
485 810 126.047
490 810 126.047
495 810 126.049
500 810 126.051
505 810 126.054
510 810 126.059
515 810 126.064
520 810 126.071
525 810 126.081
530 810 126.094
535 810 126.11
540 810 126.13
545 810 126.157
550 810 126.191
555 810 126.235
560 810 126.291
565 810 126.361
570 810 126.449
575 810 126.559
580 810 126.696
585 810 126.866
590 810 127.075
595 810 127.331
600 810 127.643
605 810 128.021
610 810 128.475
615 810 129.019
620 810 129.665
625 810 130.429
630 810 131.324
635 810 132.369
640 810 133.578
645 810 134.969
650 810 136.558
655 810 138.359
660 810 140.388
665 810 142.655
670 810 145.17
675 810 147.939
680 810 150.963
685 810 154.24
690 810 157.76
695 810 161.511
700 810 165.471
705 810 169.615
710 810 173.909
715 810 178.313
720 810 182.784
725 810 187.269
730 810 191.714
735 810 196.06
740 810 200.247
745 810 204.212
750 810 207.895
755 810 211.236
760 810 214.179
765 810 216.674
770 810 218.678
775 810 220.156
780 810 221.079
785 810 221.432
790 810 221.207
795 810 220.409
800 810 219.051
805 810 217.158
810 810 214.762
815 810 211.907
820 810 208.639
825 810 205.015
830 810 201.091
835 810 196.93
840 810 192.594
845 810 188.143
850 810 183.639
855 810 179.137
860 810 174.69
865 810 170.345
870 810 166.142
875 810 162.118
880 810 158.301
885 810 154.712
890 810 151.368
895 810 148.278

0 815 127.053
5 815 127.342
10 815 127.695
15 815 128.124
20 815 128.64
25 815 129.256
30 815 129.988
35 815 130.849
40 815 131.856
45 815 133.025
50 815 134.371
55 815 135.91
60 815 137.657
65 815 139.624
70 815 141.823
75 815 144.261
80 815 146.942
85 815 149.868
90 815 153.034
95 815 156.43
100 815 160.042
105 815 163.848
110 815 167.822
115 815 171.929
120 815 176.131
125 815 180.382
130 815 184.633
135 815 188.83
140 815 192.916
145 815 196.833
150 815 200.522
155 815 203.925
160 815 206.987
165 815 209.656
170 815 211.887
175 815 213.64
180 815 214.884
185 815 215.596
190 815 215.765
195 815 215.386
200 815 214.468
205 815 213.026
210 815 211.086
215 815 208.683
220 815 205.859
225 815 202.663
230 815 199.147
235 815 195.367
240 815 191.383
245 815 187.253
250 815 183.035
255 815 178.784
260 815 174.554
265 815 170.391
270 815 166.339
275 815 162.434
280 815 158.707
285 815 155.184
290 815 151.882
295 815 148.815
300 815 145.99
305 815 143.409
310 815 141.07
315 815 138.967
320 815 137.09
325 815 135.428
330 815 133.968
335 815 132.694
340 815 131.591
345 815 130.643
350 815 129.833
355 815 129.147
360 815 128.569
365 815 128.087
370 815 127.686
375 815 127.356
380 815 127.085
385 815 126.866
390 815 126.688
395 815 126.546
400 815 126.432
405 815 126.342
410 815 126.272
415 815 126.216
420 815 126.174
425 815 126.141
430 815 126.115
435 815 126.096
440 815 126.082
445 815 126.071
450 815 126.063
455 815 126.057
460 815 126.053
465 815 126.05
470 815 126.048
475 815 126.046
480 815 126.046
485 815 126.046
490 815 126.046
495 815 126.047
500 815 126.049
505 815 126.051
510 815 126.054
515 815 126.059
520 815 126.064
525 815 126.072
530 815 126.081
535 815 126.094
540 815 126.111
545 815 126.132
550 815 126.16
555 815 126.195
560 815 126.24
565 815 126.296
570 815 126.368
575 815 126.459
580 815 126.572
585 815 126.712
590 815 126.886
595 815 127.1
600 815 127.362
605 815 127.681
610 815 128.065
615 815 128.528
620 815 129.08
625 815 129.735
630 815 130.507
635 815 131.411
640 815 132.463
645 815 133.678
650 815 135.072
655 815 136.66
660 815 138.456
665 815 140.474
670 815 142.722
675 815 145.21
680 815 147.94
685 815 150.913
690 815 154.124
695 815 157.563
700 815 161.215
705 815 165.057
710 815 169.063
715 815 173.197
720 815 177.422
725 815 181.69
730 815 185.952
735 815 190.155
740 815 194.242
745 815 198.153
750 815 201.83
755 815 205.216
760 815 208.255
765 815 210.895
770 815 213.093
775 815 214.808
780 815 216.01
785 815 216.678
790 815 216.798
795 815 216.369
800 815 215.397
805 815 213.901
810 815 211.907
815 815 209.449
820 815 206.571
825 815 203.32
830 815 199.752
835 815 195.921
840 815 191.888
845 815 187.711
850 815 183.448
855 815 179.156
860 815 174.886
865 815 170.687
870 815 166.601
875 815 162.665
880 815 158.91
885 815 155.361
890 815 152.036
895 815 148.948

0 820 126.873
5 820 127.116
10 820 127.414
15 820 127.777
20 820 128.216
25 820 128.743
30 820 129.371
35 820 130.113
40 820 130.984
45 820 131.999
50 820 133.174
55 820 134.523
60 820 136.061
65 820 137.801
70 820 139.754
75 820 141.929
80 820 144.334
85 820 146.971
90 820 149.838
95 820 152.93
100 820 156.236
105 820 159.739
110 820 163.416
115 820 167.24
120 820 171.176
125 820 175.186
130 820 179.224
135 820 183.242
140 820 187.187
145 820 191.005
150 820 194.641
155 820 198.038
160 820 201.142
165 820 203.902
170 820 206.272
175 820 208.21
180 820 209.683
185 820 210.663
190 820 211.132
195 820 211.084
200 820 210.518
205 820 209.445
210 820 207.884
215 820 205.863
220 820 203.418
225 820 200.592
230 820 197.432
235 820 193.989
240 820 190.319
245 820 186.477
250 820 182.518
255 820 178.498
260 820 174.468
265 820 170.475
270 820 166.563
275 820 162.77
280 820 159.13
285 820 155.67
290 820 152.409
295 820 149.365
300 820 146.547
305 820 143.959
310 820 141.603
315 820 139.474
320 820 137.566
325 820 135.869
330 820 134.37
335 820 133.058
340 820 131.916
345 820 130.93
350 820 130.084
355 820 129.365
360 820 128.757
365 820 128.246
370 820 127.821
375 820 127.469
380 820 127.179
385 820 126.943
390 820 126.751
395 820 126.597
400 820 126.474
405 820 126.375
410 820 126.298
415 820 126.237
420 820 126.19
425 820 126.153
430 820 126.125
435 820 126.104
440 820 126.087
445 820 126.075
450 820 126.066
455 820 126.059
460 820 126.054
465 820 126.051
470 820 126.048
475 820 126.047
480 820 126.046
485 820 126.045
490 820 126.045
495 820 126.046
500 820 126.047
505 820 126.049
510 820 126.051
515 820 126.054
520 820 126.059
525 820 126.064
530 820 126.072
535 820 126.082
540 820 126.095
545 820 126.112
550 820 126.134
555 820 126.162
560 820 126.198
565 820 126.244
570 820 126.302
575 820 126.376
580 820 126.469
585 820 126.585
590 820 126.728
595 820 126.906
600 820 127.124
605 820 127.391
610 820 127.715
615 820 128.106
620 820 128.574
625 820 129.133
630 820 129.794
635 820 130.572
640 820 131.48
645 820 132.535
650 820 133.75
655 820 135.141
660 820 136.721
665 820 138.504
670 820 140.501
675 820 142.721
680 820 145.169
685 820 147.848
690 820 150.756
695 820 153.887
700 820 157.23
705 820 160.767
710 820 164.475
715 820 168.326
720 820 172.286
725 820 176.315
730 820 180.367
735 820 184.394
740 820 188.344
745 820 192.162
750 820 195.791
755 820 199.177
760 820 202.265
765 820 205.005
770 820 207.349
775 820 209.257
780 820 210.696
785 820 211.639
790 820 212.069
795 820 211.978
800 820 211.367
805 820 210.247
810 820 208.639
815 820 206.571
820 820 204.078
825 820 201.204
830 820 197.997
835 820 194.509
840 820 190.794
845 820 186.91
850 820 182.911
855 820 178.852
860 820 174.785
865 820 170.758
870 820 166.815
875 820 162.994
880 820 159.327
885 820 155.842
890 820 152.56
895 820 149.496

0 825 126.721
5 825 126.924
10 825 127.174
15 825 127.48
20 825 127.851
25 825 128.298
30 825 128.833
35 825 129.468
40 825 130.217
45 825 131.093
50 825 132.112
55 825 133.286
60 825 134.631
65 825 136.159
70 825 137.883
75 825 139.812
80 825 141.954
85 825 144.314
90 825 146.893
95 825 149.688
100 825 152.692
105 825 155.892
110 825 159.27
115 825 162.804
120 825 166.464
125 825 170.215
130 825 174.02
135 825 177.833
140 825 181.608
145 825 185.294
150 825 188.838
155 825 192.189
160 825 195.294
165 825 198.102
170 825 200.567
175 825 202.647
180 825 204.306
185 825 205.513
190 825 206.247
195 825 206.495
200 825 206.252
205 825 205.524
210 825 204.322
215 825 202.669
220 825 200.595
225 825 198.135
230 825 195.332
235 825 192.232
240 825 188.886
245 825 185.347
250 825 181.666
255 825 177.896
260 825 174.087
265 825 170.287
270 825 166.54
275 825 162.884
280 825 159.355
285 825 155.98
290 825 152.783
295 825 149.783
300 825 146.99
305 825 144.414
310 825 142.056
315 825 139.916
320 825 137.989
325 825 136.267
330 825 134.74
335 825 133.395
340 825 132.221
345 825 131.203
350 825 130.326
355 825 129.576
360 825 128.94
365 825 128.404
370 825 127.955
375 825 127.582
380 825 127.274
385 825 127.022
390 825 126.816
395 825 126.65
400 825 126.517
405 825 126.41
410 825 126.326
415 825 126.259
420 825 126.207
425 825 126.167
430 825 126.136
435 825 126.112
440 825 126.093
445 825 126.08
450 825 126.069
455 825 126.062
460 825 126.056
465 825 126.052
470 825 126.049
475 825 126.047
480 825 126.046
485 825 126.045
490 825 126.045
495 825 126.045
500 825 126.046
505 825 126.047
510 825 126.049
515 825 126.051
520 825 126.054
525 825 126.059
530 825 126.065
535 825 126.072
540 825 126.083
545 825 126.096
550 825 126.113
555 825 126.136
560 825 126.165
565 825 126.202
570 825 126.249
575 825 126.308
580 825 126.384
585 825 126.479
590 825 126.597
595 825 126.743
600 825 126.924
605 825 127.146
610 825 127.417
615 825 127.745
620 825 128.141
625 825 128.614
630 825 129.176
635 825 129.841
640 825 130.621
645 825 131.53
650 825 132.583
655 825 133.793
660 825 135.174
665 825 136.739
670 825 138.501
675 825 140.468
680 825 142.648
685 825 145.046
690 825 147.662
695 825 150.492
700 825 153.53
705 825 156.762
710 825 160.17
715 825 163.73
720 825 167.414
725 825 171.185
730 825 175.005
735 825 178.831
740 825 182.613
745 825 186.302
750 825 189.846
755 825 193.19
760 825 196.285
765 825 199.078
770 825 201.525
775 825 203.582
780 825 205.214
785 825 206.391
790 825 207.092
795 825 207.305
800 825 207.025
805 825 206.257
810 825 205.015
815 825 203.32
820 825 201.204
825 825 198.702
830 825 195.858
835 825 192.718
840 825 189.333
845 825 185.754
850 825 182.037
855 825 178.231
860 825 174.39
865 825 170.558
870 825 166.782
875 825 163.099
880 825 159.545
885 825 156.147
890 825 152.93
895 825 149.91

0 830 126.593
5 830 126.762
10 830 126.97
15 830 127.225
20 830 127.537
25 830 127.914
30 830 128.367
35 830 128.907
40 830 129.547
45 830 130.298
50 830 131.175
55 830 132.191
60 830 133.36
65 830 134.693
70 830 136.204
75 830 137.903
80 830 139.798
85 830 141.896
90 830 144.2
95 830 146.709
100 830 149.42
105 830 152.323
110 830 155.404
115 830 158.645
120 830 162.022
125 830 165.505
130 830 169.06
135 830 172.649
140 830 176.229
145 830 179.754
150 830 183.176
155 830 186.445
160 830 189.512
165 830 192.327
170 830 194.846
175 830 197.025
180 830 198.828
185 830 200.221
190 830 201.181
195 830 201.689
200 830 201.738
205 830 201.325
210 830 200.459
215 830 199.155
220 830 197.436
225 830 195.333
230 830 192.883
235 830 190.128
240 830 187.112
245 830 183.883
250 830 180.492
255 830 176.988
260 830 173.419
265 830 169.832
270 830 166.27
275 830 162.773
280 830 159.376
285 830 156.109
290 830 152.997
295 830 150.06
300 830 147.313
305 830 144.765
310 830 142.423
315 830 140.286
320 830 138.352
325 830 136.616
330 830 135.07
335 830 133.703
340 830 132.503
345 830 131.458
350 830 130.554
355 830 129.778
360 830 129.117
365 830 128.557
370 830 128.087
375 830 127.694
380 830 127.369
385 830 127.101
390 830 126.882
395 830 126.704
400 830 126.561
405 830 126.446
410 830 126.354
415 830 126.282
420 830 126.225
425 830 126.181
430 830 126.147
435 830 126.12
440 830 126.1
445 830 126.085
450 830 126.073
455 830 126.065
460 830 126.058
465 830 126.053
470 830 126.05
475 830 126.048
480 830 126.046
485 830 126.045
490 830 126.044
495 830 126.044
500 830 126.045
505 830 126.045
510 830 126.047
515 830 126.048
520 830 126.051
525 830 126.054
530 830 126.059
535 830 126.065
540 830 126.073
545 830 126.083
550 830 126.097
555 830 126.115
560 830 126.138
565 830 126.167
570 830 126.205
575 830 126.253
580 830 126.314
585 830 126.391
590 830 126.488
595 830 126.608
600 830 126.757
605 830 126.941
610 830 127.166
615 830 127.44
620 830 127.771
625 830 128.169
630 830 128.645
635 830 129.209
640 830 129.875
645 830 130.654
650 830 131.559
655 830 132.605
660 830 133.804
665 830 135.17
670 830 136.713
675 830 138.445
680 830 140.374
685 830 142.505
690 830 144.841
695 830 147.383
700 830 150.124
705 830 153.056
710 830 156.165
715 830 159.432
720 830 162.831
725 830 166.334
730 830 169.907
735 830 173.509
740 830 177.099
745 830 180.63
750 830 184.054
755 830 187.321
760 830 190.382
765 830 193.188
770 830 195.694
775 830 197.856
780 830 199.638
785 830 201.008
790 830 201.941
795 830 202.421
800 830 202.438
805 830 201.992
810 830 201.091
815 830 199.752
820 830 197.997
825 830 195.858
830 830 193.372
835 830 190.58
840 830 187.528
845 830 184.266
850 830 180.841
855 830 177.305
860 830 173.706
865 830 170.09
870 830 166.502
875 830 162.98
880 830 159.559
885 830 156.271
890 830 153.139
895 830 150.185

0 835 126.486
5 835 126.625
10 835 126.797
15 835 127.01
20 835 127.27
25 835 127.586
30 835 127.967
35 835 128.423
40 835 128.966
45 835 129.606
50 835 130.357
55 835 131.23
60 835 132.239
65 835 133.395
70 835 134.71
75 835 136.196
80 835 137.862
85 835 139.714
90 835 141.758
95 835 143.995
100 835 146.424
105 835 149.039
110 835 151.829
115 835 154.78
120 835 157.872
125 835 161.082
130 835 164.378
135 835 167.729
140 835 171.095
145 835 174.436
150 835 177.707
155 835 180.863
160 835 183.857
165 835 186.643
170 835 189.177
175 835 191.415
180 835 193.321
185 835 194.86
190 835 196.006
195 835 196.738
200 835 197.042
205 835 196.914
210 835 196.355
215 835 195.376
220 835 193.995
225 835 192.235
230 835 190.129
235 835 187.712
240 835 185.025
245 835 182.112
250 835 179.018
255 835 175.791
260 835 172.475
265 835 169.117
270 835 165.759
275 835 162.439
280 835 159.194
285 835 156.055
290 835 153.047
295 835 150.193
300 835 147.509
305 835 145.007
310 835 142.695
315 835 140.576
320 835 138.649
325 835 136.911
330 835 135.356
335 835 133.974
340 835 132.756
345 835 131.691
350 835 130.766
355 835 129.968
360 835 129.285
365 835 128.704
370 835 128.214
375 835 127.804
380 835 127.462
385 835 127.18
390 835 126.948
395 835 126.758
400 835 126.605
405 835 126.482
410 835 126.384
415 835 126.306
420 835 126.244
425 835 126.196
430 835 126.158
435 835 126.129
440 835 126.107
445 835 126.09
450 835 126.077
455 835 126.068
460 835 126.06
465 835 126.055
470 835 126.051
475 835 126.048
480 835 126.046
485 835 126.045
490 835 126.044
495 835 126.044
500 835 126.044
505 835 126.044
510 835 126.045
515 835 126.047
520 835 126.048
525 835 126.051
530 835 126.054
535 835 126.059
540 835 126.065
545 835 126.073
550 835 126.084
555 835 126.098
560 835 126.116
565 835 126.14
570 835 126.17
575 835 126.208
580 835 126.258
585 835 126.32
590 835 126.398
595 835 126.496
600 835 126.618
605 835 126.769
610 835 126.955
615 835 127.182
620 835 127.458
625 835 127.791
630 835 128.191
635 835 128.667
640 835 129.231
645 835 129.894
650 835 130.668
655 835 131.566
660 835 132.601
665 835 133.784
670 835 135.128
675 835 136.642
680 835 138.336
685 835 140.218
690 835 142.291
695 835 144.556
700 835 147.013
705 835 149.654
710 835 152.47
715 835 155.445
720 835 158.559
725 835 161.788
730 835 165.102
735 835 168.466
740 835 171.844
745 835 175.193
750 835 178.469
755 835 181.627
760 835 184.619
765 835 187.399
770 835 189.924
775 835 192.15
780 835 194.04
785 835 195.561
790 835 196.686
795 835 197.395
800 835 197.674
805 835 197.518
810 835 196.93
815 835 195.921
820 835 194.509
825 835 192.718
830 835 190.58
835 835 188.131
840 835 185.413
845 835 182.469
850 835 179.346
855 835 176.09
860 835 172.747
865 835 169.362
870 835 165.979
875 835 162.637
880 835 159.37
885 835 156.211
890 835 153.185
895 835 150.314

0 840 126.398
5 840 126.511
10 840 126.653
15 840 126.829
20 840 127.044
25 840 127.307
30 840 127.626
35 840 128.009
40 840 128.466
45 840 129.009
50 840 129.647
55 840 130.392
60 840 131.257
65 840 132.253
70 840 133.391
75 840 134.682
80 840 136.136
85 840 137.76
90 840 139.562
95 840 141.543
100 840 143.704
105 840 146.042
110 840 148.551
115 840 151.219
120 840 154.03
125 840 156.964
130 840 159.997
135 840 163.1
140 840 166.239
145 840 169.378
150 840 172.477
155 840 175.494
160 840 178.386
165 840 181.109
170 840 183.621
175 840 185.881
180 840 187.851
185 840 189.497
190 840 190.79
195 840 191.707
200 840 192.232
205 840 192.355
210 840 192.073
215 840 191.392
220 840 190.325
225 840 188.89
230 840 187.114
235 840 185.026
240 840 182.663
245 840 180.064
250 840 177.271
255 840 174.326
260 840 171.273
265 840 168.156
270 840 165.015
275 840 161.889
280 840 158.813
285 840 155.818
290 840 152.932
295 840 150.179
300 840 147.575
305 840 145.135
310 840 142.869
315 840 140.782
320 840 138.874
325 840 137.146
330 840 135.592
335 840 134.205
340 840 132.977
345 840 131.898
350 840 130.957
355 840 130.142
360 840 129.441
365 840 128.843
370 840 128.336
375 840 127.909
380 840 127.552
385 840 127.256
390 840 127.012
395 840 126.813
400 840 126.65
405 840 126.519
410 840 126.414
415 840 126.33
420 840 126.263
425 840 126.211
430 840 126.17
435 840 126.139
440 840 126.114
445 840 126.096
450 840 126.082
455 840 126.071
460 840 126.063
465 840 126.057
470 840 126.052
475 840 126.049
480 840 126.047
485 840 126.045
490 840 126.044
495 840 126.044
500 840 126.044
505 840 126.044
510 840 126.044
515 840 126.045
520 840 126.047
525 840 126.048
530 840 126.051
535 840 126.055
540 840 126.059
545 840 126.066
550 840 126.074
555 840 126.085
560 840 126.099
565 840 126.118
570 840 126.142
575 840 126.172
580 840 126.212
585 840 126.262
590 840 126.325
595 840 126.404
600 840 126.504
605 840 126.627
610 840 126.78
615 840 126.967
620 840 127.195
625 840 127.472
630 840 127.806
635 840 128.205
640 840 128.68
645 840 129.24
650 840 129.898
655 840 130.664
660 840 131.551
665 840 132.569
670 840 133.731
675 840 135.047
680 840 136.526
685 840 138.175
690 840 140.002
695 840 142.008
700 840 144.194
705 840 146.557
710 840 149.088
715 840 151.778
720 840 154.61
725 840 157.563
730 840 160.613
735 840 163.73
740 840 166.881
745 840 170.03
750 840 173.135
755 840 176.156
760 840 179.049
765 840 181.77
770 840 184.277
775 840 186.529
780 840 188.488
785 840 190.12
790 840 191.397
795 840 192.295
800 840 192.799
805 840 192.899
810 840 192.594
815 840 191.888
820 840 190.794
825 840 189.333
830 840 187.528
835 840 185.413
840 840 183.023
845 840 180.397
850 840 177.577
855 840 174.606
860 840 171.529
865 840 168.388
870 840 165.224
875 840 162.077
880 840 158.981
885 840 155.968
890 840 153.065
895 840 150.296

0 845 126.325
5 845 126.417
10 845 126.533
15 845 126.677
20 845 126.855
25 845 127.072
30 845 127.337
35 845 127.657
40 845 128.04
45 845 128.496
50 845 129.035
55 845 129.667
60 845 130.404
65 845 131.256
70 845 132.234
75 845 133.348
80 845 134.609
85 845 136.024
90 845 137.601
95 845 139.343
100 845 141.253
105 845 143.33
110 845 145.57
115 845 147.964
120 845 150.501
125 845 153.164
130 845 155.934
135 845 158.784
140 845 161.688
145 845 164.612
150 845 167.522
155 845 170.378
160 845 173.143
165 845 175.775
170 845 178.235
175 845 180.482
180 845 182.48
185 845 184.196
190 845 185.598
195 845 186.663
200 845 187.372
205 845 187.711
210 845 187.674
215 845 187.262
220 845 186.483
225 845 185.351
230 845 183.886
235 845 182.114
240 845 180.065
245 845 177.774
250 845 175.279
255 845 172.619
260 845 169.834
265 845 166.966
270 845 164.052
275 845 161.132
280 845 158.238
285 845 155.403
290 845 152.655
295 845 150.018
300 845 147.51
305 845 145.147
310 845 142.941
315 845 140.899
320 845 139.024
325 845 137.317
330 845 135.774
335 845 134.392
340 845 133.162
345 845 132.076
350 845 131.125
355 845 130.298
360 845 129.583
365 845 128.971
370 845 128.449
375 845 128.009
380 845 127.639
385 845 127.331
390 845 127.075
395 845 126.866
400 845 126.694
405 845 126.556
410 845 126.444
415 845 126.354
420 845 126.283
425 845 126.227
430 845 126.183
435 845 126.149
440 845 126.122
445 845 126.102
450 845 126.086
455 845 126.074
460 845 126.065
465 845 126.059
470 845 126.054
475 845 126.05
480 845 126.048
485 845 126.046
490 845 126.045
495 845 126.044
500 845 126.043
505 845 126.043
510 845 126.044
515 845 126.044
520 845 126.045
525 845 126.047
530 845 126.048
535 845 126.051
540 845 126.055
545 845 126.06
550 845 126.066
555 845 126.075
560 845 126.086
565 845 126.1
570 845 126.119
575 845 126.143
580 845 126.175
585 845 126.214
590 845 126.265
595 845 126.329
600 845 126.409
605 845 126.51
610 845 126.634
615 845 126.787
620 845 126.975
625 845 127.204
630 845 127.481
635 845 127.814
640 845 128.211
645 845 128.682
650 845 129.237
655 845 129.887
660 845 130.641
665 845 131.512
670 845 132.51
675 845 133.646
680 845 134.928
685 845 136.365
690 845 137.963
695 845 139.727
700 845 141.659
705 845 143.758
710 845 146.018
715 845 148.433
720 845 150.988
725 845 153.669
730 845 156.455
735 845 159.32
740 845 162.236
745 845 165.17
750 845 168.088
755 845 170.95
760 845 173.718
765 845 176.351
770 845 178.808
775 845 181.05
780 845 183.041
785 845 184.746
790 845 186.137
795 845 187.187
800 845 187.879
805 845 188.2
810 845 188.143
815 845 187.711
820 845 186.91
825 845 185.754
830 845 184.266
835 845 182.469
840 845 180.397
845 845 178.082
850 845 175.563
855 845 172.88
860 845 170.074
865 845 167.184
870 845 164.25
875 845 161.31
880 845 158.398
885 845 155.546
890 845 152.782
895 845 150.13

0 850 126.265
5 850 126.34
10 850 126.434
15 850 126.551
20 850 126.697
25 850 126.876
30 850 127.094
35 850 127.359
40 850 127.678
45 850 128.059
50 850 128.511
55 850 129.044
60 850 129.668
65 850 130.392
70 850 131.227
75 850 132.183
80 850 133.269
85 850 134.494
90 850 135.864
95 850 137.386
100 850 139.062
105 850 140.894
110 850 142.88
115 850 145.014
120 850 147.286
125 850 149.686
130 850 152.196
135 850 154.795
140 850 157.459
145 850 160.161
150 850 162.869
155 850 165.55
160 850 168.167
165 850 170.685
170 850 173.064
175 850 175.268
180 850 177.262
185 850 179.013
190 850 180.489
195 850 181.666
200 850 182.522
205 850 183.043
210 850 183.218
215 850 183.044
220 850 182.525
225 850 181.67
230 850 180.495
235 850 179.02
240 850 177.272
245 850 175.279
250 850 173.076
255 850 170.699
260 850 168.183
265 850 165.567
270 850 162.888
275 850 160.181
280 850 157.481
285 850 154.818
290 850 152.221
295 850 149.712
300 850 147.314
305 850 145.043
310 850 142.911
315 850 140.927
320 850 139.096
325 850 137.421
330 850 135.9
335 850 134.531
340 850 133.307
345 850 132.222
350 850 131.267
355 850 130.432
360 850 129.709
365 850 129.086
370 850 128.553
375 850 128.101
380 850 127.72
385 850 127.401
390 850 127.136
395 850 126.917
400 850 126.738
405 850 126.592
410 850 126.474
415 850 126.379
420 850 126.303
425 850 126.243
430 850 126.196
435 850 126.159
440 850 126.13
445 850 126.108
450 850 126.091
455 850 126.078
460 850 126.068
465 850 126.061
470 850 126.055
475 850 126.051
480 850 126.048
485 850 126.046
490 850 126.045
495 850 126.044
500 850 126.043
505 850 126.043
510 850 126.043
515 850 126.043
520 850 126.044
525 850 126.045
530 850 126.047
535 850 126.049
540 850 126.051
545 850 126.055
550 850 126.06
555 850 126.066
560 850 126.075
565 850 126.086
570 850 126.101
575 850 126.12
580 850 126.145
585 850 126.177
590 850 126.217
595 850 126.268
600 850 126.333
605 850 126.414
610 850 126.515
615 850 126.639
620 850 126.793
625 850 126.981
630 850 127.209
635 850 127.484
640 850 127.814
645 850 128.208
650 850 128.673
655 850 129.22
660 850 129.859
665 850 130.599
670 850 131.451
675 850 132.424
680 850 133.528
685 850 134.771
690 850 136.161
695 850 137.702
700 850 139.397
705 850 141.248
710 850 143.252
715 850 145.404
720 850 147.695
725 850 150.11
730 850 152.635
735 850 155.248
740 850 157.925
745 850 160.637
750 850 163.354
755 850 166.042
760 850 168.663
765 850 171.183
770 850 173.562
775 850 175.764
780 850 177.754
785 850 179.497
790 850 180.965
795 850 182.131
800 850 182.974
805 850 183.48
810 850 183.639
815 850 183.448
820 850 182.911
825 850 182.037
830 850 180.841
835 850 179.346
840 850 177.577
845 850 175.563
850 850 173.34
855 850 170.942
860 850 168.406
865 850 165.771
870 850 163.074
875 850 160.35
880 850 157.633
885 850 154.954
890 850 152.342
895 850 149.82

0 855 126.217
5 855 126.277
10 855 126.353
15 855 126.448
20 855 126.566
25 855 126.712
30 855 126.892
35 855 127.11
40 855 127.373
45 855 127.69
50 855 128.067
55 855 128.513
60 855 129.037
65 855 129.649
70 855 130.357
75 855 131.172
80 855 132.101
85 855 133.154
90 855 134.337
95 855 135.658
100 855 137.119
105 855 138.724
110 855 140.472
115 855 142.36
120 855 144.382
125 855 146.528
130 855 148.786
135 855 151.138
140 855 153.564
145 855 156.04
150 855 158.54
155 855 161.033
160 855 163.488
165 855 165.871
170 855 168.147
175 855 170.283
180 855 172.244
185 855 173.998
190 855 175.515
195 855 176.77
200 855 177.74
205 855 178.407
210 855 178.761
215 855 178.793
220 855 178.505
225 855 177.9
230 855 176.991
235 855 175.793
240 855 174.327
245 855 172.62
250 855 170.699
255 855 168.597
260 855 166.347
265 855 163.984
270 855 161.542
275 855 159.055
280 855 156.555
285 855 154.073
290 855 151.636
295 855 149.269
300 855 146.992
305 855 144.824
310 855 142.777
315 855 140.863
320 855 139.088
325 855 137.456
330 855 135.967
335 855 134.619
340 855 133.41
345 855 132.332
350 855 131.38
355 855 130.544
360 855 129.815
365 855 129.186
370 855 128.645
375 855 128.184
380 855 127.794
385 855 127.466
390 855 127.193
395 855 126.966
400 855 126.779
405 855 126.627
410 855 126.503
415 855 126.403
420 855 126.323
425 855 126.259
430 855 126.209
435 855 126.169
440 855 126.138
445 855 126.114
450 855 126.096
455 855 126.082
460 855 126.071
465 855 126.063
470 855 126.057
475 855 126.053
480 855 126.049
485 855 126.047
490 855 126.045
495 855 126.044
500 855 126.043
505 855 126.043
510 855 126.043
515 855 126.043
520 855 126.043
525 855 126.044
530 855 126.045
535 855 126.047
540 855 126.049
545 855 126.051
550 855 126.055
555 855 126.06
560 855 126.067
565 855 126.076
570 855 126.087
575 855 126.102
580 855 126.121
585 855 126.146
590 855 126.178
595 855 126.219
600 855 126.271
605 855 126.336
610 855 126.417
615 855 126.518
620 855 126.643
625 855 126.796
630 855 126.983
635 855 127.209
640 855 127.482
645 855 127.808
650 855 128.196
655 855 128.654
660 855 129.191
665 855 129.815
670 855 130.538
675 855 131.367
680 855 132.311
685 855 133.38
690 855 134.579
695 855 135.916
700 855 137.394
705 855 139.016
710 855 140.78
715 855 142.684
720 855 144.722
725 855 146.883
730 855 149.155
735 855 151.52
740 855 153.958
745 855 156.444
750 855 158.953
755 855 161.454
760 855 163.914
765 855 166.301
770 855 168.579
775 855 170.714
780 855 172.672
785 855 174.422
790 855 175.933
795 855 177.18
800 855 178.14
805 855 178.796
810 855 179.137
815 855 179.156
820 855 178.852
825 855 178.231
830 855 177.305
835 855 176.09
840 855 174.606
845 855 172.88
850 855 170.942
855 855 168.822
860 855 166.554
865 855 164.174
870 855 161.716
875 855 159.213
880 855 156.698
885 855 154.202
890 855 151.752
895 855 149.372

0 860 126.178
5 860 126.226
10 860 126.287
15 860 126.363
20 860 126.459
25 860 126.578
30 860 126.724
35 860 126.902
40 860 127.119
45 860 127.38
50 860 127.692
55 860 128.064
60 860 128.502
65 860 129.015
70 860 129.612
75 860 130.301
80 860 131.091
85 860 131.99
90 860 133.005
95 860 134.143
100 860 135.409
105 860 136.805
110 860 138.333
115 860 139.992
120 860 141.778
125 860 143.684
130 860 145.7
135 860 147.812
140 860 150.004
145 860 152.256
150 860 154.544
155 860 156.843
160 860 159.125
165 860 161.36
170 860 163.515
175 860 165.56
180 860 167.463
185 860 169.193
190 860 170.722
195 860 172.023
200 860 173.074
205 860 173.856
210 860 174.355
215 860 174.562
220 860 174.474
225 860 174.092
230 860 173.422
235 860 172.478
240 860 171.275
245 860 169.835
250 860 168.183
255 860 166.347
260 860 164.356
265 860 162.242
270 860 160.036
275 860 157.771
280 860 155.476
285 860 153.181
290 860 150.912
295 860 148.695
300 860 146.55
305 860 144.495
310 860 142.544
315 860 140.71
320 860 139.001
325 860 137.421
330 860 135.973
335 860 134.656
340 860 133.468
345 860 132.406
350 860 131.462
355 860 130.63
360 860 129.902
365 860 129.269
370 860 128.724
375 860 128.257
380 860 127.861
385 860 127.526
390 860 127.245
395 860 127.012
400 860 126.819
405 860 126.66
410 860 126.531
415 860 126.426
420 860 126.342
425 860 126.275
430 860 126.222
435 860 126.18
440 860 126.147
445 860 126.121
450 860 126.101
455 860 126.086
460 860 126.074
465 860 126.066
470 860 126.059
475 860 126.054
480 860 126.05
485 860 126.048
490 860 126.046
495 860 126.044
500 860 126.043
505 860 126.043
510 860 126.043
515 860 126.043
520 860 126.043
525 860 126.043
530 860 126.044
535 860 126.045
540 860 126.047
545 860 126.049
550 860 126.052
555 860 126.055
560 860 126.06
565 860 126.067
570 860 126.076
575 860 126.088
580 860 126.103
585 860 126.122
590 860 126.148
595 860 126.18
600 860 126.221
605 860 126.272
610 860 126.337
615 860 126.419
620 860 126.519
625 860 126.644
630 860 126.796
635 860 126.981
640 860 127.205
645 860 127.474
650 860 127.795
655 860 128.176
660 860 128.624
665 860 129.148
670 860 129.756
675 860 130.457
680 860 131.26
685 860 132.172
690 860 133.201
695 860 134.353
700 860 135.633
705 860 137.044
710 860 138.587
715 860 140.26
720 860 142.06
725 860 143.979
730 860 146.008
735 860 148.133
740 860 150.336
745 860 152.598
750 860 154.895
755 860 157.202
760 860 159.49
765 860 161.729
770 860 163.887
775 860 165.933
780 860 167.835
785 860 169.563
790 860 171.088
795 860 172.383
800 860 173.427
805 860 174.201
810 860 174.69
815 860 174.886
820 860 174.785
825 860 174.39
830 860 173.706
835 860 172.747
840 860 171.529
845 860 170.074
850 860 168.406
855 860 166.554
860 860 164.548
865 860 162.419
870 860 160.198
875 860 157.919
880 860 155.61
885 860 153.302
890 860 151.022
895 860 148.793

0 865 126.147
5 865 126.185
10 865 126.233
15 865 126.295
20 865 126.372
25 865 126.467
30 865 126.585
35 865 126.731
40 865 126.907
45 865 127.121
50 865 127.379
55 865 127.685
60 865 128.049
65 865 128.477
70 865 128.977
75 865 129.556
80 865 130.223
85 865 130.986
90 865 131.851
95 865 132.825
100 865 133.914
105 865 135.12
110 865 136.447
115 865 137.895
120 865 139.462
125 865 141.142
130 865 142.929
135 865 144.812
140 865 146.778
145 865 148.809
150 865 150.888
155 865 152.99
160 865 155.093
165 865 157.169
170 865 159.19
175 865 161.127
180 865 162.951
185 865 164.633
190 865 166.147
195 865 167.466
200 865 168.568
205 865 169.434
210 865 170.048
215 865 170.399
220 865 170.481
225 865 170.292
230 865 169.835
235 865 169.119
240 865 168.158
245 865 166.967
250 865 165.568
255 865 163.984
260 865 162.242
265 865 160.37
270 865 158.397
275 865 156.351
280 865 154.262
285 865 152.157
290 865 150.062
295 865 148.001
300 865 145.994
305 865 144.061
310 865 142.215
315 865 140.471
320 865 138.836
325 865 137.317
330 865 135.918
335 865 134.64
340 865 133.482
345 865 132.441
350 865 131.512
355 865 130.689
360 865 129.966
365 865 129.335
370 865 128.789
375 865 128.319
380 865 127.918
385 865 127.579
390 865 127.293
395 865 127.054
400 865 126.855
405 865 126.692
410 865 126.558
415 865 126.449
420 865 126.361
425 865 126.291
430 865 126.234
435 865 126.19
440 865 126.155
445 865 126.128
450 865 126.106
455 865 126.09
460 865 126.078
465 865 126.068
470 865 126.061
475 865 126.055
480 865 126.051
485 865 126.048
490 865 126.046
495 865 126.045
500 865 126.044
505 865 126.043
510 865 126.043
515 865 126.042
520 865 126.042
525 865 126.043
530 865 126.043
535 865 126.044
540 865 126.045
545 865 126.047
550 865 126.049
555 865 126.052
560 865 126.056
565 865 126.061
570 865 126.068
575 865 126.077
580 865 126.088
585 865 126.104
590 865 126.123
595 865 126.149
600 865 126.181
605 865 126.222
610 865 126.273
615 865 126.338
620 865 126.419
625 865 126.519
630 865 126.642
635 865 126.793
640 865 126.975
645 865 127.196
650 865 127.46
655 865 127.774
660 865 128.146
665 865 128.583
670 865 129.092
675 865 129.681
680 865 130.359
685 865 131.133
690 865 132.01
695 865 132.996
700 865 134.096
705 865 135.315
710 865 136.655
715 865 138.115
720 865 139.694
725 865 141.387
730 865 143.185
735 865 145.08
740 865 147.056
745 865 149.097
750 865 151.184
755 865 153.294
760 865 155.403
765 865 157.484
770 865 159.509
775 865 161.448
780 865 163.273
785 865 164.955
790 865 166.466
795 865 167.782
800 865 168.879
805 865 169.738
810 865 170.345
815 865 170.687
820 865 170.758
825 865 170.558
830 865 170.09
835 865 169.362
840 865 168.388
845 865 167.184
850 865 165.771
855 865 164.174
860 865 162.419
865 865 160.533
870 865 158.547
875 865 156.489
880 865 154.388
885 865 152.271
890 865 150.165
895 865 148.093

0 870 126.122
5 870 126.152
10 870 126.191
15 870 126.239
20 870 126.301
25 870 126.377
30 870 126.472
35 870 126.59
40 870 126.733
45 870 126.907
50 870 127.118
55 870 127.37
60 870 127.67
65 870 128.024
70 870 128.44
75 870 128.924
80 870 129.484
85 870 130.127
90 870 130.859
95 870 131.687
100 870 132.617
105 870 133.653
110 870 134.797
115 870 136.052
120 870 137.416
125 870 138.888
130 870 140.46
135 870 142.127
140 870 143.876
145 870 145.696
150 870 147.568
155 870 149.476
160 870 151.397
165 870 153.308
170 870 155.185
175 870 157.001
180 870 158.73
185 870 160.345
190 870 161.822
195 870 163.134
200 870 164.261
205 870 165.182
210 870 165.881
215 870 166.346
220 870 166.568
225 870 166.544
230 870 166.273
235 870 165.761
240 870 165.017
245 870 164.053
250 870 162.889
255 870 161.542
260 870 160.036
265 870 158.397
270 870 156.649
275 870 154.819
280 870 152.934
285 870 151.019
290 870 149.1
295 870 147.198
300 870 145.335
305 870 143.53
310 870 141.796
315 870 140.148
320 870 138.596
325 870 137.146
330 870 135.804
335 870 134.572
340 870 133.45
345 870 132.437
350 870 131.528
355 870 130.72
360 870 130.007
365 870 129.382
370 870 128.838
375 870 128.368
380 870 127.966
385 870 127.623
390 870 127.334
395 870 127.091
400 870 126.888
405 870 126.721
410 870 126.583
415 870 126.47
420 870 126.379
425 870 126.305
430 870 126.247
435 870 126.2
440 870 126.163
445 870 126.134
450 870 126.112
455 870 126.094
460 870 126.081
465 870 126.07
470 870 126.063
475 870 126.057
480 870 126.052
485 870 126.049
490 870 126.047
495 870 126.045
500 870 126.044
505 870 126.043
510 870 126.043
515 870 126.042
520 870 126.042
525 870 126.042
530 870 126.043
535 870 126.043
540 870 126.044
545 870 126.045
550 870 126.047
555 870 126.049
560 870 126.052
565 870 126.056
570 870 126.061
575 870 126.068
580 870 126.077
585 870 126.089
590 870 126.104
595 870 126.124
600 870 126.149
605 870 126.181
610 870 126.222
615 870 126.274
620 870 126.338
625 870 126.418
630 870 126.517
635 870 126.638
640 870 126.787
645 870 126.966
650 870 127.182
655 870 127.44
660 870 127.746
665 870 128.108
670 870 128.531
675 870 129.024
680 870 129.592
685 870 130.244
690 870 130.986
695 870 131.825
700 870 132.765
705 870 133.811
710 870 134.967
715 870 136.232
720 870 137.607
725 870 139.089
730 870 140.673
735 870 142.349
740 870 144.108
745 870 145.937
750 870 147.818
755 870 149.732
760 870 151.66
765 870 153.576
770 870 155.457
775 870 157.276
780 870 159.007
785 870 160.623
790 870 162.099
795 870 163.409
800 870 164.532
805 870 165.449
810 870 166.142
815 870 166.601
820 870 166.815
825 870 166.782
830 870 166.502
835 870 165.979
840 870 165.224
845 870 164.25
850 870 163.074
855 870 161.716
860 870 160.198
865 870 158.547
870 870 156.788
875 870 154.947
880 870 153.051
885 870 151.126
890 870 149.196
895 870 147.285

0 875 126.103
5 875 126.126
10 875 126.156
15 875 126.195
20 875 126.244
25 875 126.305
30 875 126.381
35 875 126.475
40 875 126.591
45 875 126.732
50 875 126.903
55 875 127.108
60 875 127.354
65 875 127.646
70 875 127.989
75 875 128.391
80 875 128.858
85 875 129.396
90 875 130.012
95 875 130.711
100 875 131.5
105 875 132.383
110 875 133.364
115 875 134.444
120 875 135.624
125 875 136.903
130 875 138.278
135 875 139.742
140 875 141.288
145 875 142.904
150 875 144.579
155 875 146.295
160 875 148.036
165 875 149.781
170 875 151.508
175 875 153.194
180 875 154.815
185 875 156.348
190 875 157.768
195 875 159.053
200 875 160.18
205 875 161.131
210 875 161.889
215 875 162.441
220 875 162.776
225 875 162.888
230 875 162.776
235 875 162.441
240 875 161.89
245 875 161.133
250 875 160.182
255 875 159.055
260 875 157.771
265 875 156.351
270 875 154.819
275 875 153.198
280 875 151.512
285 875 149.785
290 875 148.041
295 875 146.301
300 875 144.585
305 875 142.911
310 875 141.295
315 875 139.749
320 875 138.286
325 875 136.912
330 875 135.633
335 875 134.453
340 875 133.374
345 875 132.394
350 875 131.512
355 875 130.723
360 875 130.024
365 875 129.408
370 875 128.871
375 875 128.404
380 875 128.003
385 875 127.659
390 875 127.368
395 875 127.123
400 875 126.917
405 875 126.746
410 875 126.605
415 875 126.49
420 875 126.396
425 875 126.32
430 875 126.258
435 875 126.21
440 875 126.171
445 875 126.141
450 875 126.117
455 875 126.098
460 875 126.084
465 875 126.073
470 875 126.065
475 875 126.058
480 875 126.054
485 875 126.05
490 875 126.047
495 875 126.046
500 875 126.044
505 875 126.043
510 875 126.043
515 875 126.042
520 875 126.042
525 875 126.042
530 875 126.042
535 875 126.042
540 875 126.043
545 875 126.044
550 875 126.045
555 875 126.047
560 875 126.049
565 875 126.052
570 875 126.056
575 875 126.061
580 875 126.068
585 875 126.077
590 875 126.089
595 875 126.104
600 875 126.124
605 875 126.149
610 875 126.181
615 875 126.222
620 875 126.273
625 875 126.337
630 875 126.416
635 875 126.513
640 875 126.632
645 875 126.777
650 875 126.953
655 875 127.163
660 875 127.414
665 875 127.712
670 875 128.062
675 875 128.47
680 875 128.944
685 875 129.49
690 875 130.114
695 875 130.822
700 875 131.62
705 875 132.512
710 875 133.501
715 875 134.591
720 875 135.78
725 875 137.069
730 875 138.453
735 875 139.926
740 875 141.48
745 875 143.105
750 875 144.787
755 875 146.511
760 875 148.258
765 875 150.008
770 875 151.739
775 875 153.429
780 875 155.053
785 875 156.587
790 875 158.008
795 875 159.291
800 875 160.417
805 875 161.364
810 875 162.118
815 875 162.665
820 875 162.994
825 875 163.099
830 875 162.98
835 875 162.637
840 875 162.077
845 875 161.31
850 875 160.35
855 875 159.213
860 875 157.919
865 875 156.489
870 875 154.947
875 875 153.316
880 875 151.62
885 875 149.884
890 875 148.131
895 875 146.383

0 880 126.087
5 880 126.106
10 880 126.129
15 880 126.16
20 880 126.198
25 880 126.246
30 880 126.307
35 880 126.382
40 880 126.475
45 880 126.588
50 880 126.726
55 880 126.893
60 880 127.093
65 880 127.331
70 880 127.613
75 880 127.945
80 880 128.331
85 880 128.779
90 880 129.293
95 880 129.881
100 880 130.546
105 880 131.294
110 880 132.128
115 880 133.051
120 880 134.065
125 880 135.169
130 880 136.362
135 880 137.639
140 880 138.995
145 880 140.421
150 880 141.907
155 880 143.44
160 880 145.005
165 880 146.584
170 880 148.159
175 880 149.71
180 880 151.215
185 880 152.654
190 880 154.003
195 880 155.242
200 880 156.35
205 880 157.308
210 880 158.101
215 880 158.713
220 880 159.135
225 880 159.358
230 880 159.379
235 880 159.196
240 880 158.814
245 880 158.239
250 880 157.482
255 880 156.555
260 880 155.476
265 880 154.262
270 880 152.934
275 880 151.512
280 880 150.018
285 880 148.475
290 880 146.903
295 880 145.324
300 880 143.755
305 880 142.215
310 880 140.719
315 880 139.281
320 880 137.91
325 880 136.617
330 880 135.408
335 880 134.286
340 880 133.254
345 880 132.313
350 880 131.462
355 880 130.697
360 880 130.016
365 880 129.414
370 880 128.886
375 880 128.426
380 880 128.028
385 880 127.686
390 880 127.395
395 880 127.149
400 880 126.942
405 880 126.769
410 880 126.625
415 880 126.507
420 880 126.411
425 880 126.333
430 880 126.27
435 880 126.219
440 880 126.179
445 880 126.147
450 880 126.122
455 880 126.102
460 880 126.087
465 880 126.076
470 880 126.067
475 880 126.06
480 880 126.055
485 880 126.051
490 880 126.048
495 880 126.046
500 880 126.045
505 880 126.043
510 880 126.043
515 880 126.042
520 880 126.042
525 880 126.042
530 880 126.042
535 880 126.042
540 880 126.042
545 880 126.043
550 880 126.044
555 880 126.045
560 880 126.047
565 880 126.049
570 880 126.052
575 880 126.056
580 880 126.061
585 880 126.068
590 880 126.077
595 880 126.089
600 880 126.104
605 880 126.124
610 880 126.149
615 880 126.181
620 880 126.221
625 880 126.271
630 880 126.334
635 880 126.412
640 880 126.507
645 880 126.624
650 880 126.765
655 880 126.936
660 880 127.14
665 880 127.383
670 880 127.67
675 880 128.007
680 880 128.4
685 880 128.853
690 880 129.375
695 880 129.969
700 880 130.641
705 880 131.397
710 880 132.239
715 880 133.17
720 880 134.192
725 880 135.305
730 880 136.505
735 880 137.791
740 880 139.155
745 880 140.588
750 880 142.081
755 880 143.62
760 880 145.191
765 880 146.775
770 880 148.355
775 880 149.91
780 880 151.418
785 880 152.858
790 880 154.209
795 880 155.447
800 880 156.554
805 880 157.511
810 880 158.301
815 880 158.91
820 880 159.327
825 880 159.545
830 880 159.559
835 880 159.37
840 880 158.981
845 880 158.398
850 880 157.633
855 880 156.698
860 880 155.61
865 880 154.388
870 880 153.051
875 880 151.62
880 880 150.118
885 880 148.567
890 880 146.987
895 880 145.4

0 885 126.076
5 885 126.09
10 885 126.108
15 885 126.132
20 885 126.162
25 885 126.2
30 885 126.248
35 885 126.307
40 885 126.381
45 885 126.472
50 885 126.582
55 885 126.717
60 885 126.879
65 885 127.072
70 885 127.302
75 885 127.574
80 885 127.892
85 885 128.262
90 885 128.689
95 885 129.178
100 885 129.735
105 885 130.364
110 885 131.069
115 885 131.853
120 885 132.718
125 885 133.665
130 885 134.693
135 885 135.8
140 885 136.981
145 885 138.229
150 885 139.538
155 885 140.896
160 885 142.291
165 885 143.709
170 885 145.134
175 885 146.548
180 885 147.932
185 885 149.267
190 885 150.534
195 885 151.713
200 885 152.785
205 885 153.732
210 885 154.538
215 885 155.189
220 885 155.674
225 885 155.983
230 885 156.111
235 885 156.056
240 885 155.819
245 885 155.404
250 885 154.819
255 885 154.073
260 885 153.181
265 885 152.157
270 885 151.019
275 885 149.785
280 885 148.475
285 885 147.108
290 885 145.704
295 885 144.282
300 885 142.86
305 885 141.454
310 885 140.08
315 885 138.75
320 885 137.477
325 885 136.268
330 885 135.132
335 885 134.072
340 885 133.093
345 885 132.196
350 885 131.38
355 885 130.644
360 885 129.985
365 885 129.4
370 885 128.884
375 885 128.433
380 885 128.041
385 885 127.704
390 885 127.414
395 885 127.169
400 885 126.961
405 885 126.787
410 885 126.642
415 885 126.523
420 885 126.425
425 885 126.345
430 885 126.28
435 885 126.227
440 885 126.186
445 885 126.153
450 885 126.127
455 885 126.106
460 885 126.09
465 885 126.078
470 885 126.069
475 885 126.061
480 885 126.056
485 885 126.052
490 885 126.049
495 885 126.047
500 885 126.045
505 885 126.044
510 885 126.043
515 885 126.042
520 885 126.042
525 885 126.042
530 885 126.042
535 885 126.042
540 885 126.042
545 885 126.042
550 885 126.043
555 885 126.044
560 885 126.045
565 885 126.047
570 885 126.049
575 885 126.052
580 885 126.056
585 885 126.061
590 885 126.068
595 885 126.077
600 885 126.089
605 885 126.104
610 885 126.124
615 885 126.148
620 885 126.18
625 885 126.219
630 885 126.269
635 885 126.33
640 885 126.406
645 885 126.499
650 885 126.613
655 885 126.75
660 885 126.916
665 885 127.113
670 885 127.347
675 885 127.623
680 885 127.946
685 885 128.321
690 885 128.753
695 885 129.249
700 885 129.812
705 885 130.447
710 885 131.159
715 885 131.95
720 885 132.822
725 885 133.775
730 885 134.81
735 885 135.924
740 885 137.112
745 885 138.367
750 885 139.682
755 885 141.046
760 885 142.447
765 885 143.87
770 885 145.299
775 885 146.716
780 885 148.104
785 885 149.442
790 885 150.71
795 885 151.89
800 885 152.962
805 885 153.908
810 885 154.712
815 885 155.361
820 885 155.842
825 885 156.147
830 885 156.271
835 885 156.211
840 885 155.968
845 885 155.546
850 885 154.954
855 885 154.202
860 885 153.302
865 885 152.271
870 885 151.126
875 885 149.884
880 885 148.567
885 885 147.193
890 885 145.782
895 885 144.353

0 890 126.067
5 890 126.078
10 890 126.092
15 890 126.11
20 890 126.133
25 890 126.163
30 890 126.201
35 890 126.248
40 890 126.306
45 890 126.378
50 890 126.466
55 890 126.574
60 890 126.704
65 890 126.86
70 890 127.047
75 890 127.268
80 890 127.528
85 890 127.831
90 890 128.183
95 890 128.589
100 890 129.052
105 890 129.578
110 890 130.17
115 890 130.831
120 890 131.564
125 890 132.37
130 890 133.25
135 890 134.202
140 890 135.223
145 890 136.309
150 890 137.453
155 890 138.647
160 890 139.882
165 890 141.144
170 890 142.422
175 890 143.699
180 890 144.961
185 890 146.189
190 890 147.366
195 890 148.474
200 890 149.496
205 890 150.416
210 890 151.218
215 890 151.887
220 890 152.413
225 890 152.786
230 890 152.999
235 890 153.049
240 890 152.934
245 890 152.656
250 890 152.221
255 890 151.637
260 890 150.913
265 890 150.062
270 890 149.1
275 890 148.041
280 890 146.903
285 890 145.704
290 890 144.461
295 890 143.191
300 890 141.912
305 890 140.639
310 890 139.386
315 890 138.167
320 890 136.992
325 890 135.87
330 890 134.81
335 890 133.816
340 890 132.894
345 890 132.043
350 890 131.267
355 890 130.563
360 890 129.93
365 890 129.365
370 890 128.865
375 890 128.426
380 890 128.043
385 890 127.711
390 890 127.425
395 890 127.182
400 890 126.975
405 890 126.801
410 890 126.656
415 890 126.536
420 890 126.436
425 890 126.355
430 890 126.289
435 890 126.235
440 890 126.192
445 890 126.158
450 890 126.131
455 890 126.11
460 890 126.093
465 890 126.081
470 890 126.071
475 890 126.063
480 890 126.057
485 890 126.053
490 890 126.05
495 890 126.047
500 890 126.045
505 890 126.044
510 890 126.043
515 890 126.042
520 890 126.042
525 890 126.042
530 890 126.042
535 890 126.042
540 890 126.042
545 890 126.042
550 890 126.042
555 890 126.043
560 890 126.044
565 890 126.045
570 890 126.047
575 890 126.049
580 890 126.052
585 890 126.056
590 890 126.061
595 890 126.068
600 890 126.077
605 890 126.089
610 890 126.104
615 890 126.123
620 890 126.147
625 890 126.178
630 890 126.217
635 890 126.265
640 890 126.325
645 890 126.399
650 890 126.49
655 890 126.6
660 890 126.733
665 890 126.892
670 890 127.082
675 890 127.306
680 890 127.57
685 890 127.878
690 890 128.234
695 890 128.645
700 890 129.113
705 890 129.644
710 890 130.241
715 890 130.908
720 890 131.647
725 890 132.46
730 890 133.345
735 890 134.303
740 890 135.33
745 890 136.422
750 890 137.572
755 890 138.771
760 890 140.011
765 890 141.278
770 890 142.56
775 890 143.842
780 890 145.106
785 890 146.337
790 890 147.515
795 890 148.625
800 890 149.648
805 890 150.567
810 890 151.368
815 890 152.036
820 890 152.56
825 890 152.93
830 890 153.139
835 890 153.185
840 890 153.065
845 890 152.782
850 890 152.342
855 890 151.752
860 890 151.022
865 890 150.165
870 890 149.196
875 890 148.131
880 890 146.987
885 890 145.782
890 890 144.532
895 890 143.257

0 895 126.06
5 895 126.068
10 895 126.079
15 895 126.093
20 895 126.111
25 895 126.134
30 895 126.164
35 895 126.2
40 895 126.246
45 895 126.303
50 895 126.373
55 895 126.458
60 895 126.562
65 895 126.688
70 895 126.838
75 895 127.017
80 895 127.228
85 895 127.476
90 895 127.764
95 895 128.098
100 895 128.481
105 895 128.917
110 895 129.41
115 895 129.964
120 895 130.582
125 895 131.263
130 895 132.011
135 895 132.824
140 895 133.701
145 895 134.638
150 895 135.631
155 895 136.673
160 895 137.757
165 895 138.873
170 895 140.01
175 895 141.154
180 895 142.293
185 895 143.412
190 895 144.494
195 895 145.524
200 895 146.487
205 895 147.366
210 895 148.148
215 895 148.82
220 895 149.368
225 895 149.785
230 895 150.062
235 895 150.195
240 895 150.18
245 895 150.018
250 895 149.713
255 895 149.269
260 895 148.695
265 895 148.001
270 895 147.198
275 895 146.301
280 895 145.324
285 895 144.282
290 895 143.191
295 895 142.068
300 895 140.927
305 895 139.783
310 895 138.65
315 895 137.54
320 895 136.463
325 895 135.43
330 895 134.448
335 895 133.523
340 895 132.659
345 895 131.859
350 895 131.125
355 895 130.457
360 895 129.852
365 895 129.311
370 895 128.829
375 895 128.404
380 895 128.032
385 895 127.708
390 895 127.428
395 895 127.188
400 895 126.984
405 895 126.811
410 895 126.666
415 895 126.546
420 895 126.446
425 895 126.364
430 895 126.297
435 895 126.242
440 895 126.198
445 895 126.163
450 895 126.136
455 895 126.114
460 895 126.096
465 895 126.083
470 895 126.072
475 895 126.064
480 895 126.058
485 895 126.054
490 895 126.05
495 895 126.048
500 895 126.046
505 895 126.044
510 895 126.043
515 895 126.042
520 895 126.042
525 895 126.042
530 895 126.041
535 895 126.041
540 895 126.041
545 895 126.042
550 895 126.042
555 895 126.042
560 895 126.043
565 895 126.044
570 895 126.045
575 895 126.047
580 895 126.049
585 895 126.052
590 895 126.056
595 895 126.061
600 895 126.068
605 895 126.077
610 895 126.088
615 895 126.103
620 895 126.122
625 895 126.146
630 895 126.176
635 895 126.214
640 895 126.261
645 895 126.319
650 895 126.391
655 895 126.479
660 895 126.585
665 895 126.712
670 895 126.865
675 895 127.047
680 895 127.261
685 895 127.512
690 895 127.804
695 895 128.141
700 895 128.529
705 895 128.969
710 895 129.467
715 895 130.026
720 895 130.648
725 895 131.335
730 895 132.088
735 895 132.906
740 895 133.788
745 895 134.73
750 895 135.728
755 895 136.776
760 895 137.865
765 895 138.985
770 895 140.125
775 895 141.273
780 895 142.415
785 895 143.536
790 895 144.621
795 895 145.653
800 895 146.616
805 895 147.496
810 895 148.278
815 895 148.948
820 895 149.496
825 895 149.91
830 895 150.185
835 895 150.314
840 895 150.296
845 895 150.13
850 895 149.82
855 895 149.372
860 895 148.793
865 895 148.093
870 895 147.285
875 895 146.383
880 895 145.4
885 895 144.353
890 895 143.257
895 895 142.128

